simulation,language,nx,gam,dt,tol,max_it,max_it_CH,time_passed (sec)
critical radius,Julia,128,0.015009369912862116,2.5e-5,1.0e-6,10000,10000,430.750337267
critical radius,Julia,128,0.015009369912862116,2.5e-5,1.0e-6,10000,10000,434.152461258
critical_radius_R0_0.141_eps_0.030019,Julia,128,0.03001873982572423,2.5e-5,1.0e-6,40000,10000,312.543103968
critical_radius_R0_0.142_eps_0.030019,Julia,128,0.03001873982572423,2.5e-5,1.0e-6,40000,10000,338.479771982
critical_radius_R0_0.144_eps_0.030019,Julia,128,0.03001873982572423,2.5e-5,1.0e-6,40000,10000,332.410897285
critical_radius_R0_0.143_eps_0.030019,Julia,128,0.03001873982572423,2.5e-5,1.0e-6,40000,10000,366.715470503
critical_radius_R0_0.145_eps_0.030019,Julia,128,0.03001873982572423,2.5e-5,1.0e-6,40000,10000,343.37681393
critical_radius_R0_0.146_eps_0.030019,Julia,128,0.03001873982572423,2.5e-5,1.0e-6,40000,10000,372.268440745
critical_radius_R0_0.147_eps_0.030019,Julia,128,0.03001873982572423,2.5e-5,1.0e-6,40000,10000,378.663729432
critical_radius_R0_0.1111_eps_0.015009,Julia,128,0.015009369912862116,2.5e-5,1.0e-6,200000,10000,978.725469137
critical_radius_R0_0.1113_eps_0.015009,Julia,128,0.015009369912862116,2.5e-5,1.0e-6,200000,10000,1012.418587252
critical_radius_R0_0.1112_eps_0.015009,Julia,128,0.015009369912862116,2.5e-5,1.0e-6,200000,10000,1159.608333559
critical_radius_R0_0.1114_eps_0.015009,Julia,128,0.015009369912862116,2.5e-5,1.0e-6,200000,10000,1265.01276798
critical_radius_R0_0.11_eps_0.015009,Julia,128,0.015009369912862116,2.5e-5,1.0e-6,400000,10000,1664.910514459
critical_radius_R0_0.105_eps_0.015009,Julia,128,0.015009369912862116,2.5e-5,1.0e-6,400000,10000,1744.326760409
critical_radius_R0_0.1115_eps_0.015009,Julia,128,0.015009369912862116,2.5e-5,1.0e-6,400000,10000,1736.935628357
critical_radius_R0_0.1116_eps_0.015009,Julia,128,0.015009369912862116,2.5e-5,1.0e-6,400000,10000,1719.124790399
critical_radius_R0_0.112_eps_0.015009,Julia,128,0.015009369912862116,2.5e-5,1.0e-6,400000,10000,1710.277603325
critical_radius_R0_0.113_eps_0.015009,Julia,128,0.015009369912862116,2.5e-5,1.0e-6,400000,10000,1792.35325981
critical_radius_R0_0.11155_eps_0.015009,Julia,128,0.015009369912862116,2.5e-5,1.0e-6,400000,10000,1963.320865275
critical_radius_R0_0.115_eps_0.015009,Julia,128,0.015009369912862116,2.5e-5,1.0e-6,400000,10000,1977.299531314
critical_radius_R0_0.114_eps_0.015009,Julia,128,0.015009369912862116,2.5e-5,1.0e-6,400000,10000,1992.222216723
critical_radius_R0_0.1_eps_0.015009,Julia,128,0.015009369912862116,2.5e-5,1.0e-6,400000,10000,2445.603661664
critical_radius_R0_0.149_eps_0.030019,Julia,128,0.03001873982572423,2.5e-5,1.0e-6,400000,10000,1876.504366377
critical_radius_R0_0.15_eps_0.030019,Julia,128,0.03001873982572423,2.5e-5,1.0e-6,400000,10000,1881.893256158
critical_radius_R0_0.111_eps_0.015009,Julia,128,0.015009369912862116,2.5e-5,1.0e-6,400000,10000,2928.763652007
critical_radius_R0_0.14_eps_0.030019,Julia,128,0.03001873982572423,2.5e-5,1.0e-6,400000,10000,2985.159566291
critical_radius_R0_0.148_eps_0.030019,Julia,128,0.03001873982572423,2.5e-5,1.0e-6,400000,10000,2778.819940976
critical_radius_R0_0.1_eps_0.015009,Julia,128,0.015009369912862116,2.5e-5,1.0e-6,400000,10000,1727.296157656
critical_radius_R0_0.105_eps_0.015009,Julia,128,0.015009369912862116,2.5e-5,1.0e-6,400000,10000,1749.434628643
critical_radius_R0_0.143_eps_0.030019,Julia,128,0.03001873982572423,2.5e-5,1.0e-6,400000,10000,1703.479254073
critical_radius_R0_0.15_eps_0.030019,Julia,128,0.03001873982572423,2.5e-5,1.0e-6,400000,10000,1608.85811976
critical_radius_R0_0.142_eps_0.030019,Julia,128,0.03001873982572423,2.5e-5,1.0e-6,400000,10000,1745.692989887
critical_radius_R0_0.19_eps_0.060037,Julia,128,0.06003747965144846,2.5e-5,1.0e-6,400000,10000,1608.535039363
critical_radius_R0_0.14_eps_0.030019,Julia,128,0.03001873982572423,2.5e-5,1.0e-6,400000,10000,1801.594360918
critical_radius_R0_0.18_eps_0.060037,Julia,128,0.06003747965144846,2.5e-5,1.0e-6,400000,10000,1622.864872835
critical_radius_R0_0.17_eps_0.060037,Julia,128,0.06003747965144846,2.5e-5,1.0e-6,400000,10000,1626.439242361
critical_radius_R0_0.11_eps_0.015009,Julia,128,0.015009369912862116,2.5e-5,1.0e-6,400000,10000,2109.587863926
critical_radius_R0_0.148_eps_0.030019,Julia,128,0.03001873982572423,2.5e-5,1.0e-6,400000,10000,1747.447034302
critical_radius_R0_0.16_eps_0.060037,Julia,128,0.06003747965144846,2.5e-5,1.0e-6,400000,10000,1739.199803586
critical_radius_R0_0.114_eps_0.015009,Julia,128,0.015009369912862116,2.5e-5,1.0e-6,400000,10000,1953.460846353
critical_radius_R0_0.141_eps_0.030019,Julia,128,0.03001873982572423,2.5e-5,1.0e-6,400000,10000,1919.46532311
critical_radius_R0_0.15_eps_0.060037,Julia,128,0.06003747965144846,2.5e-5,1.0e-6,400000,10000,1777.230600148

critical_radius_R0_0.115_eps_0.015009,Julia,128,0.015009369912862116,2.5e-5,1.0e-6,400000,10000,2009.410675515
critical_radius_R0_0.112_eps_0.015009,Julia,128,0.015009369912862116,2.5e-5,1.0e-6,400000,10000,2376.594905288
critical_radius_R0_0.111_eps_0.015009,Julia,128,0.015009369912862116,2.5e-5,1.0e-6,400000,10000,2500.833109843
critical_radius_R0_0.1116_eps_0.015009,Julia,128,0.015009369912862116,2.5e-5,1.0e-6,400000,10000,2498.416392714
critical_radius_R0_0.1112_eps_0.015009,Julia,128,0.015009369912862116,2.5e-5,1.0e-6,400000,10000,2624.079417836
critical_radius_R0_0.11155_eps_0.015009,Julia,128,0.015009369912862116,2.5e-5,1.0e-6,400000,10000,2621.047627534
critical_radius_R0_0.1113_eps_0.015009,Julia,128,0.015009369912862116,2.5e-5,1.0e-6,400000,10000,2833.063513964
critical_radius_R0_0.1115_eps_0.015009,Julia,128,0.015009369912862116,2.5e-5,1.0e-6,400000,10000,2848.703709697
critical_radius_R0_0.149_eps_0.030019,Julia,128,0.03001873982572423,2.5e-5,1.0e-6,400000,10000,2720.202518785
critical_radius_R0_0.113_eps_0.015009,Julia,128,0.015009369912862116,2.5e-5,1.0e-6,400000,10000,2952.228238475
critical_radius_R0_0.147_eps_0.030019,Julia,128,0.03001873982572423,2.5e-5,1.0e-6,400000,10000,2815.979708442
critical_radius_R0_0.145_eps_0.030019,Julia,128,0.03001873982572423,2.5e-5,1.0e-6,400000,10000,2941.136957435
critical_radius_R0_0.144_eps_0.030019,Julia,128,0.03001873982572423,2.5e-5,1.0e-6,400000,10000,3040.950468289
critical_radius_R0_0.2_eps_0.060037,Julia,128,0.06003747965144846,2.5e-5,1.0e-6,400000,10000,3086.174808013
critical_radius_R0_0.1111_eps_0.015009,Julia,128,0.015009369912862116,2.5e-5,1.0e-6,400000,10000,3719.84275914
critical_radius_R0_0.1114_eps_0.015009,Julia,128,0.015009369912862116,2.5e-5,1.0e-6,400000,10000,4787.742701833
CPC_geometry_domain_0_2,Julia,512,0.0096,1.52587890625e-6,1.0e-5,9830,10000,4131.546748212
CPC_geometry_domain_0_2,Julia,512,0.0096,1.52587890625e-6,1.0e-5,29491,10000,12596.537825383
CPC_geometry_domain_0_2,Julia,512,0.0096,1.52587890625e-6,1.0e-5,29491,10000,12967.441401379
CPC_geometry_domain_0_2,Julia,512,0.0096,1.52587890625e-6,1.0e-5,29491,10000,14424.702617563
CPC_geometry_domain_0_2_e_0.0075,Julia,512,0.0075,1.52587890625e-6,1.0e-5,19661,10000,2653.901774722
CPC_geometry_domain_0_2_e_0.0075,Julia,512,0.0075,1.52587890625e-6,1.0e-5,19661,10000,2885.424477452
CPC_geometry_domain_0_2_e_0.0075,Julia,512,0.0075,1.52587890625e-6,1.0e-5,19661,10000,2914.323524499
CPC_geometry_domain_0_2_e_0.0075,Julia,512,0.0075,1.52587890625e-6,1.0e-5,19661,10000,2969.932699852
CPC_geometry_domain_0_2_e_0.0075,Julia,512,0.0075,1.52587890625e-6,1.0e-5,19661,10000,2972.062574327
CPC_geometry_domain_0_2_e_0.0075,Julia,512,0.0075,1.52587890625e-6,1.0e-5,19661,10000,3002.182035065
CPC_geometry_domain_0_2_e_0.0075,Julia,512,0.0075,1.52587890625e-6,1.0e-5,19661,10000,3010.907077706
CPC_geometry_domain_0_2_e_0.0075,Julia,512,0.0075,1.52587890625e-6,1.0e-5,19661,10000,3018.517741563
CPC_geometry_domain_0_2_e_0.0075,Julia,512,0.0075,1.52587890625e-6,1.0e-5,19661,10000,3024.503465743
CPC_geometry_domain_0_2_e_0.0075,Julia,512,0.0075,1.52587890625e-6,1.0e-5,19661,10000,3073.83123395
CPC_geometry_domain_0_2_e_0.0075,Julia,512,0.0075,1.52587890625e-6,1.0e-5,19661,10000,3081.414288788
CPC_geometry_domain_0_2_e_0.0075,Julia,512,0.0075,1.52587890625e-6,1.0e-5,19661,10000,3119.392294379
CPC_geometry_domain_0_2_e_0.0075,Julia,512,0.0075,1.52587890625e-6,1.0e-5,19661,10000,3127.04459119
CPC_geometry_domain_0_2_e_0.0075,Julia,512,0.0075,1.52587890625e-6,1.0e-5,19661,10000,3140.126528366
CPC_geometry_domain_0_2_e_0.0075,Julia,512,0.0075,1.52587890625e-6,1.0e-5,19661,10000,3142.786259782
CPC_geometry_domain_0_2_e_0.0075,Julia,512,0.0075,1.52587890625e-6,1.0e-5,19661,10000,3143.921749626
CPC_geometry_domain_0_2_e_0.0075,Julia,512,0.0075,1.52587890625e-6,1.0e-5,19661,10000,3246.495852408
CPC_geometry_domain_0_2_e_0.0075,Julia,512,0.0075,1.52587890625e-6,1.0e-5,19661,10000,3261.96258645
CPC_geometry_domain_0_2_e_0.0075,Julia,512,0.0075,1.52587890625e-6,1.0e-5,19661,10000,3280.210995436
CPC_geometry_domain_0_2_e_0.0075,Julia,512,0.0075,1.52587890625e-6,1.0e-5,19661,10000,3353.806800846
CPC_geometry_domain_0_2_e_0.0075,Julia,512,0.0075,1.52587890625e-6,1.0e-5,19661,10000,3377.777736511
CPC_geometry_domain_0_2_e_0.0075,Julia,512,0.0075,1.52587890625e-6,1.0e-5,19661,10000,3378.351689733
CPC_geometry_domain_0_2_e_0.0075,Julia,512,0.0075,1.52587890625e-6,1.0e-5,19661,10000,3441.775662972
CPC_geometry_domain_0_2_e_0.0075,Julia,512,0.0075,1.52587890625e-6,1.0e-5,19661,10000,3455.671997811
CPC_geometry_domain_0_2_e_0.0075,Julia,512,0.0075,1.52587890625e-6,1.0e-5,19661,10000,3510.368693879
CPC_geometry_domain_0_2_e_0.0075,Julia,512,0.0075,1.52587890625e-6,1.0e-5,19661,10000,3530.286185735
CPC_geometry_domain_0_2_e_0.0075,Julia,512,0.0075,1.52587890625e-6,1.0e-5,19661,10000,3532.012994661
CPC_geometry_domain_0_2_e_0.0075,Julia,512,0.0075,1.52587890625e-6,1.0e-5,19661,10000,3567.054602136
CPC_geometry_domain_0_2_e_0.0075,Julia,512,0.0075,1.52587890625e-6,1.0e-5,19661,10000,3688.284743921
CPC_geometry_domain_0_2_e_0.0075,Julia,512,0.0075,1.52587890625e-6,1.0e-5,19661,10000,3698.335654839
CPC_geometry_domain_0_2_e_0.0075,Julia,512,0.0075,1.52587890625e-6,1.0e-5,19661,10000,3753.196140522
CPC_geometry_domain_0_2_e_0.0075,Julia,512,0.0075,1.52587890625e-6,1.0e-5,19661,10000,3767.483936341
CPC_geometry_domain_0_2_e_0.0075,Julia,512,0.0075,1.52587890625e-6,1.0e-5,19661,10000,3796.393301754
CPC_geometry_domain_0_2_e_0.0075,Julia,512,0.0075,1.52587890625e-6,1.0e-5,19661,10000,3982.07481465
CPC_geometry_domain_0_2_e_0.0075,Julia,512,0.0075,1.52587890625e-6,1.0e-5,19661,10000,4040.359720216
CPC_geometry_domain_0_2_e_0.0075,Julia,512,0.0075,1.52587890625e-6,1.0e-5,19661,10000,4040.711134036
CPC_geometry_domain_0_2_e_0.0075,Julia,512,0.0075,1.52587890625e-6,1.0e-5,19661,10000,4050.279473153
CPC_geometry_domain_0_2_e_0.0075,Julia,512,0.0075,1.52587890625e-6,1.0e-5,19661,10000,4075.085079601
CPC_geometry_domain_0_2_e_0.0075,Julia,512,0.0075,1.52587890625e-6,1.0e-5,19661,10000,4084.565573807
CPC_geometry_domain_0_2_e_0.0075,Julia,512,0.0075,1.52587890625e-6,1.0e-5,19661,10000,4086.513981354
CPC_geometry_domain_0_2_e_0.0075,Julia,512,0.0075,1.52587890625e-6,1.0e-5,19661,10000,4136.999207447
CPC_geometry_domain_0_2_e_0.0075,Julia,512,0.0075,1.52587890625e-6,1.0e-5,19661,10000,4158.111450856
CPC_geometry_domain_0_2_e_0.0075,Julia,512,0.0075,1.52587890625e-6,1.0e-5,19661,10000,4214.274454007
CPC_geometry_domain_0_2_e_0.0075,Julia,512,0.0075,1.52587890625e-6,1.0e-5,19661,10000,4218.744975768
CPC_geometry_domain_0_2_e_0.0075,Julia,512,0.0075,1.52587890625e-6,1.0e-5,19661,10000,4255.316708537
CPC_geometry_domain_0_2_e_0.0075,Julia,512,0.0075,1.52587890625e-6,1.0e-5,19661,10000,4280.690169356
CPC_geometry_domain_0_2_e_0.0075,Julia,512,0.0075,1.52587890625e-6,1.0e-5,19661,10000,4294.027097772
CPC_geometry_domain_0_2_e_0.0075,Julia,512,0.0075,1.52587890625e-6,1.0e-5,19661,10000,4297.707586596
CPC_geometry_domain_0_2_e_0.0075,Julia,512,0.0075,1.52587890625e-6,1.0e-5,19661,10000,4484.071564982
CPC_geometry_domain_0_2_e_0.0075,Julia,512,0.0075,1.52587890625e-6,1.0e-5,19661,10000,4578.006608137
CPC_geometry_domain_0_2_e_0.0075,Julia,512,0.0075,1.52587890625e-6,1.0e-5,19661,10000,3098.576447717
CPC_geometry_domain_0_2_e_0.0075,Julia,512,0.0075,1.52587890625e-6,1.0e-5,19661,10000,3488.471007719
CPC_geometry_domain_0_2_e_0.0075,Julia,512,0.0075,1.52587890625e-6,1.0e-5,19661,10000,3685.612203062
CPC_geometry_domain_0_2_e_0.0075,Julia,512,0.0075,1.52587890625e-6,1.0e-5,19661,10000,4148.184286096
CPC_geometry_domain_0_2_e_0.0075,Julia,512,0.0075,1.52587890625e-6,1.0e-5,19661,10000,4224.281735167
CPC_geometry_domain_0_2_e_0.0075,Julia,512,0.0075,1.52587890625e-6,1.0e-5,19661,10000,4245.056558432
CPC_geometry_domain_0_2_e_0.0075,Julia,512,0.0075,1.52587890625e-6,1.0e-5,19661,10000,4312.234273895
CPC_geometry_domain_0_2_e_0.0075,Julia,512,0.0075,1.52587890625e-6,1.0e-5,19661,10000,4333.632555431
CPC_geometry_domain_0_2_e_0.0075,Julia,512,0.0075,1.52587890625e-6,1.0e-5,19661,10000,4347.211144202
CPC_geometry_domain_0_2_e_0.0075,Julia,512,0.0075,1.52587890625e-6,1.0e-5,19661,10000,4347.70811555
CPC_geometry_domain_0_2_e_0.0075,Julia,512,0.0075,1.52587890625e-6,1.0e-5,19661,10000,4385.401925013
CPC_geometry_domain_0_2_e_0.0075,Julia,512,0.0075,1.52587890625e-6,1.0e-5,19661,10000,4466.50287921
CPC_geometry_domain_0_2_e_0.0075,Julia,512,0.0075,1.52587890625e-6,1.0e-5,19661,10000,4581.896905251
CPC_geometry_domain_0_2_e_0.0075,Julia,512,0.0075,1.52587890625e-6,1.0e-5,19661,10000,8277.815371231
CPC_geometry_domain_0_2_e_0.0075,Julia,512,0.0075,1.52587890625e-6,1.0e-5,19661,10000,8324.996854503
CPC_geometry_domain_0_2_e_0.0075,Julia,512,0.0075,1.52587890625e-6,1.0e-5,19661,10000,8456.540571059
CPC_geometry_domain_0_2_e_0.0075,Julia,512,0.0075,1.52587890625e-6,1.0e-5,19661,10000,8857.926622465
CPC_geometry_domain_0_2_e_0.0075,Julia,512,0.0075,1.52587890625e-6,1.0e-5,19661,10000,8873.493645243
CPC_geometry_domain_0_2_e_0.0075,Julia,512,0.0075,1.52587890625e-6,1.0e-5,19661,10000,9316.391679787
CPC_geometry_domain_0_2_e_0.0075,Julia,512,0.0075,1.52587890625e-6,1.0e-5,19661,10000,8468.854594393
CPC_geometry_domain_0_2_e_0.0075,Julia,512,0.0075,1.52587890625e-6,1.0e-5,19661,10000,3217.828379821
CPC_geometry_domain_0_2_e_0.0075,Julia,512,0.0075,1.52587890625e-6,1.0e-5,19661,10000,3305.994738464
CPC_geometry_domain_0_2_e_0.0075,Julia,512,0.0075,1.52587890625e-6,1.0e-5,19661,10000,3399.559839641
CPC_geometry_domain_0_2_e_0.0075,Julia,512,0.0075,1.52587890625e-6,1.0e-5,19661,10000,3403.03766356
CPC_geometry_domain_0_2_e_0.0075,Julia,512,0.0075,1.52587890625e-6,1.0e-5,19661,10000,3417.298196389
CPC_geometry_domain_0_2_e_0.0075,Julia,512,0.0075,1.52587890625e-6,1.0e-5,19661,10000,3433.246017309
CPC_geometry_domain_0_2_e_0.0075,Julia,512,0.0075,1.52587890625e-6,1.0e-5,19661,10000,3459.560664834
CPC_geometry_domain_0_2_e_0.0075,Julia,512,0.0075,1.52587890625e-6,1.0e-5,19661,10000,3513.011577846
CPC_geometry_domain_0_2_e_0.0075,Julia,512,0.0075,1.52587890625e-6,1.0e-5,19661,10000,3539.750818383
CPC_geometry_domain_0_2_e_0.0075,Julia,512,0.0075,1.52587890625e-6,1.0e-5,19661,10000,3552.775522987
CPC_geometry_domain_0_2_e_0.0075,Julia,512,0.0075,1.52587890625e-6,1.0e-5,19661,10000,3558.978040085
CPC_geometry_domain_0_2_e_0.0075,Julia,512,0.0075,1.52587890625e-6,1.0e-5,19661,10000,3564.952811112
CPC_geometry_domain_0_2_e_0.0075,Julia,512,0.0075,1.52587890625e-6,1.0e-5,19661,10000,3572.965173701
CPC_geometry_domain_0_2_e_0.0075,Julia,512,0.0075,1.52587890625e-6,1.0e-5,19661,10000,3595.854154812
CPC_geometry_domain_0_2_e_0.0075,Julia,512,0.0075,1.52587890625e-6,1.0e-5,19661,10000,3585.018277151
CPC_geometry_domain_0_2_e_0.0075,Julia,512,0.0075,1.52587890625e-6,1.0e-5,19661,10000,3585.530756384
CPC_geometry_domain_0_2_e_0.0075,Julia,512,0.0075,1.52587890625e-6,1.0e-5,19661,10000,3590.460726066
CPC_geometry_domain_0_2_e_0.0075,Julia,512,0.0075,1.52587890625e-6,1.0e-5,19661,10000,3653.229171741
CPC_geometry_domain_0_2_e_0.0075,Julia,512,0.0075,1.52587890625e-6,1.0e-5,19661,10000,3656.334391773
CPC_geometry_domain_0_2_e_0.0075,Julia,512,0.0075,1.52587890625e-6,1.0e-5,19661,10000,3735.234208481
CPC_geometry_domain_0_2_e_0.0075,Julia,512,0.0075,1.52587890625e-6,1.0e-5,19661,10000,4089.130533852
CPC_geometry_domain_0_2_e_0.0075,Julia,512,0.0075,1.52587890625e-6,1.0e-5,19661,10000,4289.841588282
CPC_geometry_domain_0_2_e_0.0075,Julia,512,0.0075,1.52587890625e-6,1.0e-5,19661,10000,4345.55664389
CPC_geometry_domain_0_2_e_0.0075,Julia,512,0.0075,1.52587890625e-6,1.0e-5,19661,10000,4414.100636563
CPC_geometry_domain_0_2_e_0.0075,Julia,512,0.0075,1.52587890625e-6,1.0e-5,19661,10000,6475.350428763
CPC_geometry_domain_0_2_e_0.0075,Julia,512,0.0075,1.52587890625e-6,1.0e-5,19661,10000,6911.25485459
CPC_geometry_domain_0_2_e_0.0075,Julia,512,0.0075,1.52587890625e-6,1.0e-5,19661,10000,4135.260612325
CPC_geometry_domain_0_2_e_0.0075,Julia,512,0.0075,1.52587890625e-6,1.0e-5,19661,10000,4154.041047652
CPC_geometry_domain_0_2_e_0.0075,Julia,512,0.0075,1.52587890625e-6,1.0e-5,19661,10000,4181.991928043
CPC_geometry_domain_0_2_e_0.0075,Julia,512,0.0075,1.52587890625e-6,1.0e-5,19661,10000,4179.799645415
CPC_geometry_domain_0_2_e_0.0075,Julia,512,0.0075,1.52587890625e-6,1.0e-5,19661,10000,4172.627089177
CPC_geometry_domain_0_2_e_0.0075,Julia,512,0.0075,1.52587890625e-6,1.0e-5,19661,10000,4143.422126136
CPC_geometry_domain_0_2_e_0.0075,Julia,512,0.0075,1.52587890625e-6,1.0e-5,19661,10000,4214.146944773
CPC_geometry_domain_0_2_e_0.0075,Julia,512,0.0075,1.52587890625e-6,1.0e-5,19661,10000,4205.053465242
CPC_geometry_domain_0_2_e_0.0075,Julia,512,0.0075,1.52587890625e-6,1.0e-5,19661,10000,4153.265263492
CPC_geometry_domain_0_2_e_0.0075,Julia,512,0.0075,1.52587890625e-6,1.0e-5,19661,10000,4143.778578776
CPC_geometry_domain_0_2_e_0.0075,Julia,512,0.0075,1.52587890625e-6,1.0e-5,19661,10000,4196.536106184
CPC_geometry_domain_0_2_e_0.0075,Julia,512,0.0075,1.52587890625e-6,1.0e-5,19661,10000,4177.95761176
CPC_geometry_domain_0_2_e_0.0075,Julia,512,0.0075,1.52587890625e-6,1.0e-5,19661,10000,4276.971123589
CPC_geometry_domain_0_2_e_0.0075,Julia,512,0.0075,1.52587890625e-6,1.0e-5,19661,10000,4105.988705705
CPC_geometry_domain_0_2_e_0.0075,Julia,512,0.0075,1.52587890625e-6,1.0e-5,19661,10000,4244.395912621
CPC_geometry_domain_0_2_e_0.0075,Julia,512,0.0075,1.52587890625e-6,1.0e-5,19661,10000,4316.012654786
CPC_geometry_domain_0_2_e_0.0075,Julia,512,0.0075,1.52587890625e-6,1.0e-5,19661,10000,4149.053377992
CPC_geometry_domain_0_2_e_0.0075,Julia,512,0.0075,1.52587890625e-6,1.0e-5,19661,10000,4305.01647369
CPC_geometry_domain_0_2_e_0.0075,Julia,512,0.0075,1.52587890625e-6,1.0e-5,19661,10000,4165.919480969
CPC_geometry_domain_0_2_e_0.0075,Julia,512,0.0075,1.52587890625e-6,1.0e-5,19661,10000,4204.209225481
CPC_geometry_domain_0_2_e_0.0075,Julia,512,0.0075,1.52587890625e-6,1.0e-5,19661,10000,4148.94450763
CPC_geometry_domain_0_2_e_0.0075,Julia,512,0.0075,1.52587890625e-6,1.0e-5,19661,10000,4220.786119331
CPC_geometry_domain_0_2_e_0.0075,Julia,512,0.0075,1.52587890625e-6,1.0e-5,19661,10000,4267.634305004
CPC_geometry_domain_0_2_e_0.0075,Julia,512,0.0075,1.52587890625e-6,1.0e-5,19661,10000,4295.351131567
CPC_geometry_domain_0_2_e_0.0075,Julia,512,0.0075,1.52587890625e-6,1.0e-5,19661,10000,4352.62878878
CPC_geometry_domain_0_2_e_0.0075,Julia,512,0.0075,1.52587890625e-6,1.0e-5,19661,10000,4300.584841569
CPC_geometry_domain_0_2_e_0.0075,Julia,512,0.0075,1.52587890625e-6,1.0e-5,19661,10000,4301.115203137
CPC_geometry_domain_0_2_e_0.0075,Julia,512,0.0075,1.52587890625e-6,1.0e-5,19661,10000,8566.86778904
CPC_geometry_domain_0_2_e_0.0075,Julia,512,0.0075,1.52587890625e-6,1.0e-5,19661,10000,8829.275965994
CPC_geometry_domain_0_2_e_0.0075,Julia,512,0.0075,1.52587890625e-6,1.0e-5,19661,10000,8962.197821312
CPC_geometry_domain_0_2_e_0.0075,Julia,512,0.0075,1.52587890625e-6,1.0e-5,19661,10000,3575.912439049
CPC_geometry_domain_0_2_e_0.0075,Julia,512,0.0075,1.52587890625e-6,1.0e-5,19661,10000,3572.066722223
CPC_geometry_domain_0_2_e_0.0075,Julia,512,0.0075,1.52587890625e-6,1.0e-5,19661,10000,3574.245101722
CPC_geometry_domain_0_2_e_0.0075,Julia,512,0.0075,1.52587890625e-6,1.0e-5,19661,10000,3552.041301315
CPC_geometry_domain_0_2_e_0.0075,Julia,512,0.0075,1.52587890625e-6,1.0e-5,19661,10000,3479.783068763
CPC_geometry_domain_0_2_e_0.0075,Julia,512,0.0075,1.52587890625e-6,1.0e-5,19661,10000,3610.014687842
CPC_geometry_domain_0_2_e_0.0075,Julia,512,0.0075,1.52587890625e-6,1.0e-5,19661,10000,3722.012965304
CPC_geometry_domain_0_2_e_0.0075,Julia,512,0.0075,1.52587890625e-6,1.0e-5,19661,10000,3726.795855278
CPC_geometry_domain_0_2_e_0.0075,Julia,512,0.0075,1.52587890625e-6,1.0e-5,19661,10000,3787.516300011
CPC_geometry_domain_0_2_e_0.0075,Julia,512,0.0075,1.52587890625e-6,1.0e-5,19661,10000,3754.082270751
CPC_geometry_domain_0_2_e_0.0075,Julia,512,0.0075,1.52587890625e-6,1.0e-5,19661,10000,3957.476574579
CPC_geometry_domain_0_2_e_0.0075,Julia,512,0.0075,1.52587890625e-6,1.0e-5,19661,10000,3971.93185719
CPC_geometry_domain_0_2_e_0.0075,Julia,512,0.0075,1.52587890625e-6,1.0e-5,19661,10000,4080.9291708
CPC_geometry_domain_0_2_e_0.0075,Julia,512,0.0075,1.52587890625e-6,1.0e-5,19661,10000,4031.465766599
CPC_geometry_domain_0_2_e_0.0075,Julia,512,0.0075,1.52587890625e-6,1.0e-5,19661,10000,3973.710971901
CPC_geometry_domain_0_2_e_0.0075,Julia,512,0.0075,1.52587890625e-6,1.0e-5,19661,10000,4046.591431136
CPC_geometry_domain_0_2_e_0.0075,Julia,512,0.0075,1.52587890625e-6,1.0e-5,19661,10000,4085.703306554
CPC_geometry_domain_0_2_e_0.0075,Julia,512,0.0075,1.52587890625e-6,1.0e-5,19661,10000,4056.232300718
CPC_geometry_domain_0_2_e_0.0075,Julia,512,0.0075,1.52587890625e-6,1.0e-5,19661,10000,4012.02979309
CPC_geometry_domain_0_2_e_0.0075,Julia,512,0.0075,1.52587890625e-6,1.0e-5,19661,10000,4119.301306287
CPC_geometry_domain_0_2_e_0.0075,Julia,512,0.0075,1.52587890625e-6,1.0e-5,19661,10000,4069.841216677
CPC_geometry_domain_0_2_e_0.0075,Julia,512,0.0075,1.52587890625e-6,1.0e-5,19661,10000,8314.736885846
CPC_geometry_domain_0_2_e_0.0075,Julia,512,0.0075,1.52587890625e-6,1.0e-5,19661,10000,8333.486688444
CPC_geometry_domain_0_2_e_0.0075,Julia,512,0.0075,1.52587890625e-6,1.0e-5,19661,10000,8332.385083254
CPC_geometry_domain_0_2_e_0.0075,Julia,512,0.0075,1.52587890625e-6,1.0e-5,19661,10000,8551.439436512
CPC_geometry_domain_0_2_e_0.0075,Julia,512,0.0075,1.52587890625e-6,1.0e-5,19661,10000,8617.081215192
CPC_geometry_domain_0_2_e_0.0075,Julia,512,0.0075,1.52587890625e-6,1.0e-5,19661,10000,8739.152702618
CPC_geometry_domain_0_2_e_0.0075,Julia,512,0.0075,1.52587890625e-6,1.0e-5,19661,10000,8879.598516603
CPC_geometry_domain_0_2_e_0.0075,Julia,512,0.0075,1.52587890625e-6,1.0e-5,19661,10000,9129.498500199
CPC_geometry_domain_0_2_e_0.0075,Julia,512,0.0075,1.52587890625e-6,1.0e-5,19661,10000,9350.126939019
CPC_geometry_domain_0_2_e_0.0075,Julia,512,0.0075,1.52587890625e-6,1.0e-5,19661,10000,9317.142584675
CPC_geometry_domain_0_2_e_0.0075,Julia,512,0.0075,1.52587890625e-6,1.0e-5,19661,10000,7817.019971844
CPC_geometry_domain_0_2_e_0.0075,Julia,512,0.0075,1.52587890625e-6,1.0e-5,19661,10000,7800.620629838
CPC_geometry_domain_0_2_e_0.0075,Julia,512,0.0075,1.52587890625e-6,1.0e-5,19661,10000,7955.16769197
CPC_geometry_domain_0_2_e_0.0075,Julia,512,0.0075,1.52587890625e-6,1.0e-5,19661,10000,7967.771255674
CPC_geometry_domain_0_2_e_0.0075,Julia,512,0.0075,1.52587890625e-6,1.0e-5,19661,10000,8055.585819754
CPC_geometry_domain_0_2_e_0.0075,Julia,512,0.0075,1.52587890625e-6,1.0e-5,19661,10000,8076.782394199
CPC_geometry_domain_0_2_e_0.0075,Julia,512,0.0075,1.52587890625e-6,1.0e-5,19661,10000,8131.910317067
CPC_geometry_domain_0_2_e_0.0075,Julia,512,0.0075,1.52587890625e-6,1.0e-5,19661,10000,8117.957995503
CPC_geometry_domain_0_2_e_0.0075,Julia,512,0.0075,1.52587890625e-6,1.0e-5,19661,10000,8325.119557051
CPC_geometry_domain_0_2_e_0.0075,Julia,512,0.0075,1.52587890625e-6,1.0e-5,19661,10000,8567.247504497
CPC_geometry_domain_0_2_e_0.0075,Julia,512,0.0075,1.52587890625e-6,1.0e-5,19661,10000,8326.300119792
CPC_geometry_domain_0_2_e_0.0075,Julia,512,0.0075,1.52587890625e-6,1.0e-5,19661,10000,8381.357582449
CPC_geometry_domain_0_2_e_0.0075,Julia,512,0.0075,1.52587890625e-6,1.0e-5,19661,10000,8536.676222595
CPC_geometry_domain_0_2_e_0.0075,Julia,512,0.0075,1.52587890625e-6,1.0e-5,19661,10000,8478.968073474
CPC_geometry_domain_0_2_e_0.0075,Julia,512,0.0075,1.52587890625e-6,1.0e-5,19661,10000,8536.51628145
CPC_geometry_domain_0_2_e_0.0075,Julia,512,0.0075,1.52587890625e-6,1.0e-5,19661,10000,8682.295150524
CPC_geometry_domain_0_2_e_0.0075,Julia,512,0.0075,1.52587890625e-6,1.0e-5,19661,10000,8711.04459217
CPC_geometry_domain_0_2_e_0.0075,Julia,512,0.0075,1.52587890625e-6,1.0e-5,19661,10000,8904.922287879
CPC_geometry_domain_0_2_e_0.0075,Julia,512,0.0075,1.52587890625e-6,1.0e-5,19661,10000,9505.3485474
CPC_geometry_domain_0_2_e_0.0075,Julia,512,0.0075,1.52587890625e-6,1.0e-5,19661,10000,9472.301699653
CPC_geometry_domain_0_2_e_0.0075,Julia,512,0.0075,1.52587890625e-6,1.0e-5,19661,10000,7557.918055301
CPC_geometry_domain_0_2_e_0.0075,Julia,512,0.0075,1.52587890625e-6,1.0e-5,19661,10000,7684.467355148
CPC_geometry_domain_0_2_e_0.0075,Julia,512,0.0075,1.52587890625e-6,1.0e-5,19661,10000,7702.248521133
CPC_geometry_domain_0_2_e_0.0075,Julia,512,0.0075,1.52587890625e-6,1.0e-5,19661,10000,7897.700063174
CPC_geometry_domain_0_2_e_0.0075,Julia,512,0.0075,1.52587890625e-6,1.0e-5,19661,10000,7922.855105584
CPC_geometry_domain_0_2_e_0.0075,Julia,512,0.0075,1.52587890625e-6,1.0e-5,19661,10000,8049.844203447
CPC_geometry_domain_0_2_e_0.0075,Julia,512,0.0075,1.52587890625e-6,1.0e-5,19661,10000,8321.464375383
CPC_geometry_domain_0_2_e_0.0075,Julia,512,0.0075,1.52587890625e-6,1.0e-5,19661,10000,8380.042590866
CPC_geometry_domain_0_2_e_0.0075,Julia,512,0.0075,1.52587890625e-6,1.0e-5,19661,10000,8516.276386951
CPC_geometry_domain_0_2_e_0.0075,Julia,512,0.0075,1.52587890625e-6,1.0e-5,19661,10000,8527.915167436
CPC_geometry_domain_0_2_e_0.0075,Julia,512,0.0075,1.52587890625e-6,1.0e-5,19661,10000,8144.801648834
CPC_geometry_domain_0_2_e_0.0075,Julia,512,0.0075,1.52587890625e-6,1.0e-5,19661,10000,8364.103749516
CPC_geometry_domain_0_2_e_0.0075,Julia,512,0.0075,1.52587890625e-6,1.0e-5,19661,10000,8412.809732098
CPC_geometry_domain_0_2_e_0.0075,Julia,512,0.0075,1.52587890625e-6,1.0e-5,19661,10000,8552.369791957
CPC_geometry_domain_0_2_e_0.0075,Julia,512,0.0075,1.52587890625e-6,1.0e-5,19661,10000,8572.421528059
CPC_geometry_domain_0_2_e_0.0075,Julia,512,0.0075,1.52587890625e-6,1.0e-5,19661,10000,8552.352689834
CPC_geometry_domain_0_2_e_0.0075,Julia,512,0.0075,1.52587890625e-6,1.0e-5,19661,10000,8514.008230351
CPC_geometry_domain_0_2_e_0.0075,Julia,512,0.0075,1.52587890625e-6,1.0e-5,19661,10000,8564.999089192
CPC_geometry_domain_0_2_e_0.0075,Julia,512,0.0075,1.52587890625e-6,1.0e-5,19661,10000,8780.226049597
CPC_geometry_domain_0_2_e_0.0075,Julia,512,0.0075,1.52587890625e-6,1.0e-5,19661,10000,8919.80806746
CPC_geometry_domain_0_2_e_0.0075,Julia,512,0.0075,1.52587890625e-6,1.0e-5,19661,10000,7130.028493578
CPC_geometry_domain_0_2_e_0.0075,Julia,512,0.0075,1.52587890625e-6,1.0e-5,19661,10000,7187.741219939
CPC_geometry_domain_0_2_e_0.0075,Julia,512,0.0075,1.52587890625e-6,1.0e-5,19661,10000,7201.655949025
CPC_geometry_domain_0_2_e_0.0075,Julia,512,0.0075,1.52587890625e-6,1.0e-5,19661,10000,7351.544964188
CPC_geometry_domain_0_2_e_0.0075,Julia,512,0.0075,1.52587890625e-6,1.0e-5,19661,10000,7283.768562632
CPC_geometry_domain_0_2_e_0.0075,Julia,512,0.0075,1.52587890625e-6,1.0e-5,19661,10000,7326.799226201
CPC_geometry_domain_0_2_e_0.0075,Julia,512,0.0075,1.52587890625e-6,1.0e-5,19661,10000,7355.527266739
CPC_geometry_domain_0_2_e_0.0075,Julia,512,0.0075,1.52587890625e-6,1.0e-5,19661,10000,7195.204394791
CPC_geometry_domain_0_2_e_0.0075,Julia,512,0.0075,1.52587890625e-6,1.0e-5,19661,10000,7363.874028249
CPC_geometry_domain_0_2_e_0.0075,Julia,512,0.0075,1.52587890625e-6,1.0e-5,19661,10000,7291.416793617
CPC_geometry_domain_0_2_e_0.0075,Julia,512,0.0075,1.52587890625e-6,1.0e-5,19661,10000,7435.363747125
CPC_geometry_domain_0_2_e_0.0075,Julia,512,0.0075,1.52587890625e-6,1.0e-5,19661,10000,7375.064823272
CPC_geometry_domain_0_2_e_0.0075,Julia,512,0.0075,1.52587890625e-6,1.0e-5,19661,10000,7478.16385318
CPC_geometry_domain_0_2_e_0.0075,Julia,512,0.0075,1.52587890625e-6,1.0e-5,19661,10000,7428.417029931
CPC_geometry_domain_0_2_e_0.0075,Julia,512,0.0075,1.52587890625e-6,1.0e-5,19661,10000,7418.524912956
CPC_geometry_domain_0_2_e_0.0075,Julia,512,0.0075,1.52587890625e-6,1.0e-5,19661,10000,7402.740396921
CPC_geometry_domain_0_2_e_0.0075,Julia,512,0.0075,1.52587890625e-6,1.0e-5,19661,10000,7558.805412933
CPC_geometry_domain_0_2_e_0.0075,Julia,512,0.0075,1.52587890625e-6,1.0e-5,19661,10000,7586.806051339
CPC_geometry_domain_0_2_e_0.0075,Julia,512,0.0075,1.52587890625e-6,1.0e-5,19661,10000,7411.076329107
CPC_geometry_domain_0_2_e_0.0075,Julia,512,0.0075,1.52587890625e-6,1.0e-5,19661,10000,7501.381903541
CPC_geometry_domain_0_2_e_0.0075,Julia,512,0.0075,1.52587890625e-6,1.0e-5,19661,10000,7456.652145142
CPC_geometry_domain_0_2_e_0.0075,Julia,512,0.0075,1.52587890625e-6,1.0e-5,19661,10000,7187.159529804
CPC_geometry_domain_0_2_e_0.0075,Julia,512,0.0075,1.52587890625e-6,1.0e-5,19661,10000,7423.885622389
CPC_geometry_domain_0_2_e_0.0075,Julia,512,0.0075,1.52587890625e-6,1.0e-5,19661,10000,7829.946325978
CPC_geometry_domain_0_2_e_0.0075,Julia,512,0.0075,1.52587890625e-6,1.0e-5,19661,10000,7552.531945808
CPC_geometry_domain_0_2_e_0.0075,Julia,512,0.0075,1.52587890625e-6,1.0e-5,19661,10000,7713.125405509
CPC_geometry_domain_0_2_e_0.0075,Julia,512,0.0075,1.52587890625e-6,1.0e-5,19661,10000,8277.728343456
CPC_geometry_domain_0_2_e_0.0075,Julia,512,0.0075,1.52587890625e-6,1.0e-5,19661,10000,8206.774811503
CPC_geometry_domain_0_2_e_0.0075,Julia,512,0.0075,1.52587890625e-6,1.0e-5,19661,10000,8260.829286889
CPC_geometry_domain_0_2_e_0.0075,Julia,512,0.0075,1.52587890625e-6,1.0e-5,19661,10000,7503.503156084
CPC_geometry_domain_0_2_e_0.0075,Julia,512,0.0075,1.52587890625e-6,1.0e-5,19661,10000,8545.17868519
CPC_geometry_domain_0_2_e_0.0075,Julia,512,0.0075,1.52587890625e-6,1.0e-5,19661,10000,8654.989889214
CPC_geometry_domain_0_2_e_0.0075,Julia,512,0.0075,1.52587890625e-6,1.0e-5,19661,10000,8826.415362247
CPC_geometry_domain_0_2_e_0.0075,Julia,512,0.0075,1.52587890625e-6,1.0e-5,19661,10000,9050.44936058
CPC_geometry_domain_0_2_e_0.0075,Julia,512,0.0075,1.52587890625e-6,1.0e-5,19661,10000,9109.455726907
CPC_geometry_domain_0_2_e_0.0075,Julia,512,0.0075,1.52587890625e-6,1.0e-5,19661,10000,7715.132395381
CPC_geometry_domain_0_2_e_0.0075,Julia,512,0.0075,1.52587890625e-6,1.0e-5,19661,10000,7883.2760182
CPC_geometry_domain_0_2_e_0.0075,Julia,512,0.0075,1.52587890625e-6,1.0e-5,19661,10000,7882.945622142
CPC_geometry_domain_0_2_e_0.0075,Julia,512,0.0075,1.52587890625e-6,1.0e-5,19661,10000,7626.36867008
CPC_geometry_domain_0_2_e_0.0075,Julia,512,0.0075,1.52587890625e-6,1.0e-5,19661,10000,7925.533436437
CPC_geometry_domain_0_2_e_0.0075,Julia,512,0.0075,1.52587890625e-6,1.0e-5,19661,10000,8244.645586956
CPC_geometry_domain_0_2_e_0.0075,Julia,512,0.0075,1.52587890625e-6,1.0e-5,19661,10000,8261.058950787
CPC_geometry_domain_0_2_e_0.0075,Julia,512,0.0075,1.52587890625e-6,1.0e-5,19661,10000,8087.106484685
CPC_geometry_domain_0_2_e_0.0075,Julia,512,0.0075,1.52587890625e-6,1.0e-5,19661,10000,5724.503677228
CPC_geometry_domain_0_2_e_0.0075,Julia,512,0.0075,1.52587890625e-6,1.0e-5,19661,10000,5905.000559808
CPC_geometry_domain_0_2_e_0.0075,Julia,512,0.0075,1.52587890625e-6,1.0e-5,19661,10000,5810.404703912
CPC_geometry_domain_0_2_e_0.0075,Julia,512,0.0075,1.52587890625e-6,1.0e-5,19661,10000,6070.532437193
CPC_geometry_domain_0_2_e_0.0075,Julia,512,0.0075,1.52587890625e-6,1.0e-5,19661,10000,5906.699208292
CPC_geometry_domain_0_2_e_0.0075,Julia,512,0.0075,1.52587890625e-6,1.0e-5,19661,10000,6212.548665
CPC_geometry_domain_0_2_e_0.0075,Julia,512,0.0075,1.52587890625e-6,1.0e-5,19661,10000,6265.038434948
CPC_geometry_domain_0_2_e_0.0075,Julia,512,0.0075,1.52587890625e-6,1.0e-5,19661,10000,6215.536737693
CPC_geometry_domain_0_2_e_0.0075,Julia,512,0.0075,1.52587890625e-6,1.0e-5,19661,10000,6236.227607733
CPC_geometry_domain_0_2_e_0.0075,Julia,512,0.0075,1.52587890625e-6,1.0e-5,19661,10000,6192.027625683
CPC_geometry_domain_0_2_e_0.0075,Julia,512,0.0075,1.52587890625e-6,1.0e-5,19661,10000,6297.864567178
CPC_geometry_domain_0_2_e_0.0075,Julia,512,0.0075,1.52587890625e-6,1.0e-5,19661,10000,6500.933425721
CPC_geometry_domain_0_2_e_0.0075,Julia,512,0.0075,1.52587890625e-6,1.0e-5,19661,10000,6570.038741233
CPC_geometry_domain_0_2_e_0.0075,Julia,512,0.0075,1.52587890625e-6,1.0e-5,19661,10000,6560.764378155
CPC_geometry_domain_0_2_e_0.0075,Julia,512,0.0075,1.52587890625e-6,1.0e-5,19661,10000,6633.906418403
CPC_geometry_domain_0_2_e_0.0075,Julia,512,0.0075,1.52587890625e-6,1.0e-5,19661,10000,6731.209419355
CPC_geometry_domain_0_2_e_0.0075,Julia,512,0.0075,1.52587890625e-6,1.0e-5,19661,10000,6755.992922278
CPC_geometry_domain_0_2_e_0.0075,Julia,512,0.0075,1.52587890625e-6,1.0e-5,19661,10000,6750.627559719
CPC_geometry_domain_0_2_e_0.0075,Julia,512,0.0075,1.52587890625e-6,1.0e-5,19661,10000,7233.804788518
CPC_geometry_domain_0_2_e_0.0075,Julia,512,0.0075,1.52587890625e-6,1.0e-5,19661,10000,7319.768862849
CPC_geometry_domain_0_2_e_0.0075,Julia,512,0.0075,1.52587890625e-6,1.0e-5,19661,10000,7229.554286744
CPC_geometry_domain_0_2_e_0.0075,Julia,512,0.0075,1.52587890625e-6,1.0e-5,19661,10000,7153.760135204
CPC_geometry_domain_0_2_e_0.0075,Julia,512,0.0075,1.52587890625e-6,1.0e-5,19661,10000,7565.27120362
CPC_geometry_domain_0_2_e_0.0075,Julia,512,0.0075,1.52587890625e-6,1.0e-5,19661,10000,7445.946319108
CPC_geometry_domain_0_2_e_0.0075,Julia,512,0.0075,1.52587890625e-6,1.0e-5,19661,10000,7611.485937876
CPC_geometry_domain_0_2_e_0.0075,Julia,512,0.0075,1.52587890625e-6,1.0e-5,19661,10000,7972.563895946
CPC_geometry_domain_0_2_e_0.0075,Julia,512,0.0075,1.52587890625e-6,1.0e-5,19661,10000,7725.550206952
CPC_geometry_domain_0_2_e_0.0075,Julia,512,0.0075,1.52587890625e-6,1.0e-5,19661,10000,7985.265046074
CPC_geometry_domain_0_2_e_0.0075,Julia,512,0.0075,1.52587890625e-6,1.0e-5,19661,10000,8087.773538207
CPC_geometry_domain_0_2_e_0.0075,Julia,512,0.0075,1.52587890625e-6,1.0e-5,19661,10000,8135.227635205
CPC_geometry_domain_0_2_e_0.0075,Julia,512,0.0075,1.52587890625e-6,1.0e-5,19661,10000,7923.052090867
CPC_geometry_domain_0_2_e_0.0075,Julia,512,0.0075,1.52587890625e-6,1.0e-5,19661,10000,8138.991206387
CPC_geometry_domain_0_2_e_0.0075,Julia,512,0.0075,1.52587890625e-6,1.0e-5,19661,10000,8018.543445809
CPC_geometry_domain_0_2_e_0.0075,Julia,512,0.0075,1.52587890625e-6,1.0e-5,19661,10000,8195.117618696
CPC_geometry_domain_0_2_e_0.0075,Julia,512,0.0075,1.52587890625e-6,1.0e-5,19661,10000,8121.765597055
CPC_geometry_domain_0_2_e_0.0075,Julia,512,0.0075,1.52587890625e-6,1.0e-5,19661,10000,8003.726772688
CPC_geometry_domain_0_2_e_0.0075,Julia,512,0.0075,1.52587890625e-6,1.0e-5,19661,10000,8246.632997211
CPC_geometry_domain_0_2_e_0.0075,Julia,512,0.0075,1.52587890625e-6,1.0e-5,19661,10000,8104.001228839
CPC_geometry_domain_0_2_e_0.0075,Julia,512,0.0075,1.52587890625e-6,1.0e-5,19661,10000,8182.213143014
CPC_geometry_domain_0_2_e_0.0075,Julia,512,0.0075,1.52587890625e-6,1.0e-5,19661,10000,8235.865814483
CPC_geometry_domain_0_2_e_0.0075,Julia,512,0.0075,1.52587890625e-6,1.0e-5,19661,10000,8074.679999799
CPC_geometry_domain_0_2_e_0.0075,Julia,512,0.0075,1.52587890625e-6,1.0e-5,19661,10000,8210.270137372
CPC_geometry_domain_0_2_e_0.0075,Julia,512,0.0075,1.52587890625e-6,1.0e-5,19661,10000,8075.375020024
CPC_geometry_domain_0_2_e_0.0075,Julia,512,0.0075,1.52587890625e-6,1.0e-5,19661,10000,8296.685302389
CPC_geometry_domain_0_2_e_0.0075,Julia,512,0.0075,1.52587890625e-6,1.0e-5,19661,10000,8449.772786405
CPC_geometry_domain_0_2_e_0.0075,Julia,256,0.0075,1.52587890625e-6,1.0e-5,19661,10000,937.799651241
CPC_geometry_domain_0_2_e_0.0075,Julia,256,0.0075,1.52587890625e-6,1.0e-5,19661,10000,968.150626806
CPC_geometry_domain_0_2_e_0.0075,Julia,256,0.0075,1.52587890625e-6,1.0e-5,19661,10000,972.671164837
CPC_geometry_domain_0_2_e_0.0075,Julia,256,0.0075,1.52587890625e-6,1.0e-5,19661,10000,1002.265693301
CPC_geometry_domain_0_2_e_0.0075,Julia,256,0.0075,1.52587890625e-6,1.0e-5,19661,10000,1012.357333264
CPC_geometry_domain_0_2_e_0.0075,Julia,256,0.0075,1.52587890625e-6,1.0e-5,19661,10000,1043.847506397
CPC_geometry_domain_0_2_e_0.0075,Julia,256,0.0075,1.52587890625e-6,1.0e-5,19661,10000,1050.574394687
CPC_geometry_domain_0_2_e_0.0075,Julia,256,0.0075,1.52587890625e-6,1.0e-5,19661,10000,1067.653914831
CPC_geometry_domain_0_2_e_0.0075,Julia,256,0.0075,1.52587890625e-6,1.0e-5,19661,10000,1082.566850717
CPC_geometry_domain_0_2_e_0.0075,Julia,256,0.0075,1.52587890625e-6,1.0e-5,19661,10000,1084.183473516
CPC_geometry_domain_0_2_e_0.0075,Julia,256,0.0075,1.52587890625e-6,1.0e-5,19661,10000,1117.47698671
CPC_geometry_domain_0_2_e_0.0075,Julia,256,0.0075,1.52587890625e-6,1.0e-5,19661,10000,1167.008787524
CPC_geometry_domain_0_2_e_0.0075,Julia,256,0.0075,1.52587890625e-6,1.0e-5,19661,10000,1167.786239287
CPC_geometry_domain_0_2_e_0.0075,Julia,256,0.0075,1.52587890625e-6,1.0e-5,19661,10000,1168.173405297
CPC_geometry_domain_0_2_e_0.0075,Julia,256,0.0075,1.52587890625e-6,1.0e-5,19661,10000,1171.400594926
CPC_geometry_domain_0_2_e_0.0075,Julia,256,0.0075,1.52587890625e-6,1.0e-5,19661,10000,1174.522863607
CPC_geometry_domain_0_2_e_0.0075,Julia,256,0.0075,1.52587890625e-6,1.0e-5,19661,10000,1176.93023442
CPC_geometry_domain_0_2_e_0.0075,Julia,256,0.0075,1.52587890625e-6,1.0e-5,19661,10000,1188.625845142
CPC_geometry_domain_0_2_e_0.0075,Julia,256,0.0075,1.52587890625e-6,1.0e-5,19661,10000,1195.195802826
CPC_geometry_domain_0_2_e_0.0075,Julia,256,0.0075,1.52587890625e-6,1.0e-5,19661,10000,1225.430547332
CPC_geometry_domain_0_2_e_0.0075,Julia,256,0.0075,1.52587890625e-6,1.0e-5,19661,10000,1229.433451362
CPC_geometry_domain_0_2_e_0.0075,Julia,256,0.0075,1.52587890625e-6,1.0e-5,19661,10000,1230.382091554
CPC_geometry_domain_0_2_e_0.0075,Julia,256,0.0075,1.52587890625e-6,1.0e-5,19661,10000,1248.74281972
CPC_geometry_domain_0_2_e_0.0075,Julia,256,0.0075,1.52587890625e-6,1.0e-5,19661,10000,1253.458208561
CPC_geometry_domain_0_2_e_0.0075,Julia,256,0.0075,1.52587890625e-6,1.0e-5,19661,10000,1257.232003483
CPC_geometry_domain_0_2_e_0.0075,Julia,256,0.0075,1.52587890625e-6,1.0e-5,19661,10000,1257.669682606
CPC_geometry_domain_0_2_e_0.0075,Julia,256,0.0075,1.52587890625e-6,1.0e-5,19661,10000,1259.49759886
CPC_geometry_domain_0_2_e_0.0075,Julia,256,0.0075,1.52587890625e-6,1.0e-5,19661,10000,1259.804394027
CPC_geometry_domain_0_2_e_0.0075,Julia,256,0.0075,1.52587890625e-6,1.0e-5,19661,10000,1264.19076599
CPC_geometry_domain_0_2_e_0.0075,Julia,256,0.0075,1.52587890625e-6,1.0e-5,19661,10000,1269.137405399
CPC_geometry_domain_0_2_e_0.0075,Julia,256,0.0075,1.52587890625e-6,1.0e-5,19661,10000,1272.54708491
CPC_geometry_domain_0_2_e_0.0075,Julia,256,0.0075,1.52587890625e-6,1.0e-5,19661,10000,1274.023655749
CPC_geometry_domain_0_2_e_0.0075,Julia,256,0.0075,1.52587890625e-6,1.0e-5,19661,10000,1276.212514213
CPC_geometry_domain_0_2_e_0.0075,Julia,256,0.0075,1.52587890625e-6,1.0e-5,19661,10000,1284.018788442
CPC_geometry_domain_0_2_e_0.0075,Julia,256,0.0075,1.52587890625e-6,1.0e-5,19661,10000,1289.404320117
CPC_geometry_domain_0_2_e_0.0075,Julia,256,0.0075,1.52587890625e-6,1.0e-5,19661,10000,1297.116477086
CPC_geometry_domain_0_2_e_0.0075,Julia,256,0.0075,1.52587890625e-6,1.0e-5,19661,10000,1302.074187301
CPC_geometry_domain_0_2_e_0.0075,Julia,256,0.0075,1.52587890625e-6,1.0e-5,19661,10000,1305.447664391
CPC_geometry_domain_0_2_e_0.0075,Julia,256,0.0075,1.52587890625e-6,1.0e-5,19661,10000,1311.839017146
CPC_geometry_domain_0_2_e_0.0075,Julia,256,0.0075,1.52587890625e-6,1.0e-5,19661,10000,1315.773206686
CPC_geometry_domain_0_2_e_0.0075,Julia,256,0.0075,1.52587890625e-6,1.0e-5,19661,10000,1324.461351066
CPC_geometry_domain_0_2_e_0.0075,Julia,256,0.0075,1.52587890625e-6,1.0e-5,19661,10000,1337.155009347
CPC_geometry_domain_0_2_e_0.0075,Julia,256,0.0075,1.52587890625e-6,1.0e-5,19661,10000,1354.026933132
CPC_geometry_domain_0_2_e_0.0075,Julia,256,0.0075,1.52587890625e-6,1.0e-5,19661,10000,1356.925620217
CPC_geometry_domain_0_2_e_0.0075_crosshair_localization,Julia,512,0.0075,1.52587890625e-6,1.0e-5,19661,10000,6628.634510464
CPC_geometry_domain_0_2_e_0.0075_crosshair_localization,Julia,512,0.0075,1.52587890625e-6,1.0e-5,19661,10000,7197.351369906
CPC_geometry_domain_0_2_e_0.0075_crosshair_localization,Julia,512,0.0075,1.52587890625e-6,1.0e-5,19661,10000,7166.195127892
CPC_geometry_domain_0_2_e_0.0075_crosshair_localization,Julia,512,0.0075,1.52587890625e-6,1.0e-5,19661,10000,7178.461451348
CPC_geometry_domain_0_2_e_0.0075_crosshair_localization,Julia,512,0.0075,1.52587890625e-6,1.0e-5,19661,10000,7242.375016635
CPC_geometry_domain_0_2_e_0.0075_crosshair_localization,Julia,512,0.0075,1.52587890625e-6,1.0e-5,19661,10000,7443.759537971
CPC_geometry_domain_0_2_e_0.0075_crosshair_localization,Julia,512,0.0075,1.52587890625e-6,1.0e-5,19661,10000,7378.157620263
CPC_geometry_domain_0_2_e_0.0075_crosshair_localization,Julia,512,0.0075,1.52587890625e-6,1.0e-5,19661,10000,7471.35559136
CPC_geometry_domain_0_2_e_0.0075_crosshair_localization,Julia,512,0.0075,1.52587890625e-6,1.0e-5,19661,10000,7454.008424635
CPC_geometry_domain_0_2_e_0.0075_crosshair_localization,Julia,512,0.0075,1.52587890625e-6,1.0e-5,19661,10000,7446.481008006
CPC_geometry_domain_0_2_e_0.0075_crosshair_localization,Julia,512,0.0075,1.52587890625e-6,1.0e-5,19661,10000,7542.77984757
CPC_geometry_domain_0_2_e_0.0075_crosshair_localization,Julia,512,0.0075,1.52587890625e-6,1.0e-5,19661,10000,7631.375893965
CPC_geometry_domain_0_2_e_0.0075_crosshair_localization,Julia,512,0.0075,1.52587890625e-6,1.0e-5,19661,10000,7522.97817204
CPC_geometry_domain_0_2_e_0.0075_crosshair_localization,Julia,512,0.0075,1.52587890625e-6,1.0e-5,19661,10000,7688.286517359
CPC_geometry_domain_0_2_e_0.0075_crosshair_localization,Julia,512,0.0075,1.52587890625e-6,1.0e-5,19661,10000,7478.905848684
CPC_geometry_domain_0_2_e_0.0075_crosshair_localization,Julia,512,0.0075,1.52587890625e-6,1.0e-5,19661,10000,7597.156468653
CPC_geometry_domain_0_2_e_0.0075_crosshair_localization,Julia,512,0.0075,1.52587890625e-6,1.0e-5,19661,10000,7712.316768386
CPC_geometry_domain_0_2_e_0.0075_crosshair_localization,Julia,512,0.0075,1.52587890625e-6,1.0e-5,19661,10000,7647.413147047
CPC_geometry_domain_0_2_e_0.0075_crosshair_localization,Julia,512,0.0075,1.52587890625e-6,1.0e-5,19661,10000,7746.199749107
CPC_geometry_domain_0_2_e_0.0075_crosshair_localization,Julia,512,0.0075,1.52587890625e-6,1.0e-5,19661,10000,7721.046813577
CPC_geometry_domain_0_2_e_0.0075_crosshair_localization,Julia,512,0.0075,1.52587890625e-6,1.0e-5,19661,10000,7612.503890812
CPC_geometry_domain_0_2_e_0.0075_crosshair_localization,Julia,512,0.0075,1.52587890625e-6,1.0e-5,19661,10000,7751.797119719
CPC_geometry_domain_0_2_e_0.0075_crosshair_localization,Julia,512,0.0075,1.52587890625e-6,1.0e-5,19661,10000,7676.152953975
CPC_geometry_domain_0_2_e_0.0075_crosshair_localization,Julia,512,0.0075,1.52587890625e-6,1.0e-5,19661,10000,7918.166270933
CPC_geometry_domain_0_2_e_0.0075_crosshair_localization,Julia,512,0.0075,1.52587890625e-6,1.0e-5,19661,10000,7876.933229269
CPC_geometry_domain_0_2_e_0.0075_crosshair_localization,Julia,512,0.0075,1.52587890625e-6,1.0e-5,19661,10000,7702.880254394
CPC_geometry_domain_0_2_e_0.0075_crosshair_localization,Julia,512,0.0075,1.52587890625e-6,1.0e-5,19661,10000,7952.751348595
CPC_geometry_domain_0_2_e_0.0075_crosshair_localization,Julia,512,0.0075,1.52587890625e-6,1.0e-5,19661,10000,7950.036876288
CPC_geometry_domain_0_2_e_0.0075_crosshair_localization,Julia,512,0.0075,1.52587890625e-6,1.0e-5,19661,10000,8016.594961126
CPC_geometry_domain_0_2_e_0.0075_crosshair_localization,Julia,512,0.0075,1.52587890625e-6,1.0e-5,19661,10000,7828.353488473
CPC_geometry_domain_0_2_e_0.0075_crosshair_localization,Julia,512,0.0075,1.52587890625e-6,1.0e-5,19661,10000,7955.462715655
CPC_geometry_domain_0_2_e_0.0075_crosshair_localization,Julia,512,0.0075,1.52587890625e-6,1.0e-5,19661,10000,8045.225925276
CPC_geometry_domain_0_2_e_0.0075_crosshair_localization,Julia,512,0.0075,1.52587890625e-6,1.0e-5,19661,10000,7959.020253501
CPC_geometry_domain_0_2_e_0.0075_crosshair_localization,Julia,512,0.0075,1.52587890625e-6,1.0e-5,19661,10000,8020.360779651
CPC_geometry_domain_0_2_e_0.0075_crosshair_localization,Julia,512,0.0075,1.52587890625e-6,1.0e-5,19661,10000,8064.681954157
CPC_geometry_domain_0_2_e_0.0075_crosshair_localization,Julia,512,0.0075,1.52587890625e-6,1.0e-5,19661,10000,8071.883664351
CPC_geometry_domain_0_2_e_0.0075_crosshair_localization,Julia,512,0.0075,1.52587890625e-6,1.0e-5,19661,10000,8114.385798176
CPC_geometry_domain_0_2_e_0.0075_crosshair_localization,Julia,512,0.0075,1.52587890625e-6,1.0e-5,19661,10000,8068.17927125
CPC_geometry_domain_0_2_e_0.0075_crosshair_localization,Julia,512,0.0075,1.52587890625e-6,1.0e-5,19661,10000,8145.081737114
CPC_geometry_domain_0_2_e_0.0075_crosshair_localization,Julia,512,0.0075,1.52587890625e-6,1.0e-5,19661,10000,8165.946686038
CPC_geometry_domain_0_2_e_0.0075_crosshair_localization,Julia,512,0.0075,1.52587890625e-6,1.0e-5,19661,10000,8242.829948629
CPC_geometry_domain_0_2_e_0.0075_crosshair_localization,Julia,512,0.0075,1.52587890625e-6,1.0e-5,19661,10000,8104.951522027
CPC_geometry_domain_0_2_e_0.0075_crosshair_localization,Julia,512,0.0075,1.52587890625e-6,1.0e-5,19661,10000,8232.570142609
CPC_geometry_domain_0_2_e_0.0075_crosshair_localization,Julia,512,0.0075,1.52587890625e-6,1.0e-5,19661,10000,8237.135801535
CPC_geometry_domain_0_2_e_0.0075_crosshair_localization,Julia,512,0.0075,1.52587890625e-6,1.0e-5,19661,10000,8201.76763563
CPC_geometry_domain_0_2_e_0.0075_crosshair_localization,Julia,512,0.0075,1.52587890625e-6,1.0e-5,19661,10000,8074.880137384
CPC_geometry_domain_0_2_e_0.0075_crosshair_localization,Julia,512,0.0075,1.52587890625e-6,1.0e-5,19661,10000,8318.033307286
CPC_geometry_domain_0_2_e_0.0075_crosshair_localization,Julia,512,0.0075,1.52587890625e-6,1.0e-5,19661,10000,8334.688361436
CPC_geometry_domain_0_2_e_0.0075_crosshair_localization,Julia,512,0.0075,1.52587890625e-6,1.0e-5,19661,10000,8336.739116947
CPC_geometry_domain_0_2_e_0.0075_crosshair_localization,Julia,512,0.0075,1.52587890625e-6,1.0e-5,19661,10000,8339.315859862
CPC_geometry_domain_0_2_e_0.0075_crosshair_localization,Julia,512,0.0075,1.52587890625e-6,1.0e-5,19661,10000,8353.095551073
CPC_geometry_domain_0_2_e_0.0075_crosshair_localization,Julia,512,0.0075,1.52587890625e-6,1.0e-5,19661,10000,8366.111292908
CPC_geometry_domain_0_2_e_0.0075_crosshair_localization,Julia,512,0.0075,1.52587890625e-6,1.0e-5,19661,10000,8344.792099964
CPC_geometry_domain_0_2_e_0.0075_crosshair_localization,Julia,512,0.0075,1.52587890625e-6,1.0e-5,19661,10000,8379.536963823
CPC_geometry_domain_0_2_e_0.0075_crosshair_localization,Julia,512,0.0075,1.52587890625e-6,1.0e-5,19661,10000,8203.845537037
CPC_geometry_domain_0_2_e_0.0075_crosshair_localization,Julia,512,0.0075,1.52587890625e-6,1.0e-5,19661,10000,8436.737503098
CPC_geometry_domain_0_2_e_0.0075_crosshair_localization,Julia,512,0.0075,1.52587890625e-6,1.0e-5,19661,10000,8430.629838607
CPC_geometry_domain_0_2_e_0.0075_crosshair_localization,Julia,512,0.0075,1.52587890625e-6,1.0e-5,19661,10000,8369.96755524
CPC_geometry_domain_0_2_e_0.0075_crosshair_localization,Julia,512,0.0075,1.52587890625e-6,1.0e-5,19661,10000,8376.574764803
CPC_geometry_domain_0_2_e_0.0075_crosshair_localization,Julia,512,0.0075,1.52587890625e-6,1.0e-5,19661,10000,8481.881520458
CPC_geometry_domain_0_2_e_0.0075_crosshair_localization,Julia,512,0.0075,1.52587890625e-6,1.0e-5,19661,10000,8487.837824757
CPC_geometry_domain_0_2_e_0.0075_crosshair_localization,Julia,512,0.0075,1.52587890625e-6,1.0e-5,19661,10000,8362.747837995
CPC_geometry_domain_0_2_e_0.0075_crosshair_localization,Julia,512,0.0075,1.52587890625e-6,1.0e-5,19661,10000,8371.805777789
CPC_geometry_domain_0_2_e_0.0075_crosshair_localization,Julia,512,0.0075,1.52587890625e-6,1.0e-5,19661,10000,8566.462464977
CPC_geometry_domain_0_2_e_0.0075_crosshair_localization,Julia,512,0.0075,1.52587890625e-6,1.0e-5,19661,10000,8373.024104656
CPC_geometry_domain_0_2_e_0.0075_crosshair_localization,Julia,512,0.0075,1.52587890625e-6,1.0e-5,19661,10000,8474.410003821
CPC_geometry_domain_0_2_e_0.0075_crosshair_localization,Julia,512,0.0075,1.52587890625e-6,1.0e-5,19661,10000,8418.067555301
CPC_geometry_domain_0_2_e_0.0075_crosshair_localization,Julia,512,0.0075,1.52587890625e-6,1.0e-5,19661,10000,8661.657955155
CPC_geometry_domain_0_2_e_0.0075_crosshair_localization,Julia,512,0.0075,1.52587890625e-6,1.0e-5,19661,10000,8493.608186604
CPC_geometry_domain_0_2_e_0.0075_crosshair_localization,Julia,512,0.0075,1.52587890625e-6,1.0e-5,19661,10000,8555.46716064
CPC_geometry_domain_0_2_e_0.0075_crosshair_localization,Julia,512,0.0075,1.52587890625e-6,1.0e-5,19661,10000,8458.449884608
CPC_geometry_domain_0_2_e_0.0075_crosshair_localization,Julia,512,0.0075,1.52587890625e-6,1.0e-5,19661,10000,8666.493828852
CPC_geometry_domain_0_2_e_0.0075_crosshair_localization,Julia,512,0.0075,1.52587890625e-6,1.0e-5,19661,10000,8678.738751055
CPC_geometry_domain_0_2_e_0.0075_crosshair_localization,Julia,512,0.0075,1.52587890625e-6,1.0e-5,19661,10000,8807.290341779
CPC_geometry_domain_0_2_e_0.0075_crosshair_localization,Julia,512,0.0075,1.52587890625e-6,1.0e-5,19661,10000,8804.310912093
CPC_geometry_domain_0_2_e_0.0075_crosshair_localization,Julia,512,0.0075,1.52587890625e-6,1.0e-5,19661,10000,8964.761287687
CPC_geometry_domain_0_2_e_0.0075_crosshair_localization,Julia,512,0.0075,1.52587890625e-6,1.0e-5,19661,10000,9002.904383806
CPC_geometry_domain_0_2_e_0.0075_crosshair_localization,Julia,512,0.0075,1.52587890625e-6,1.0e-5,19661,10000,9078.415222986
CPC_geometry_domain_0_2_e_0.0075_crosshair_localization,Julia,512,0.0075,1.52587890625e-6,1.0e-5,19661,10000,9213.194324697
CPC_geometry_domain_0_2_e_0.0075_crosshair_localization,Julia,512,0.0075,1.52587890625e-6,1.0e-5,19661,10000,9078.604177372
CPC_geometry_domain_0_2_e_0.0075_crosshair_localization,Julia,512,0.0075,1.52587890625e-6,1.0e-5,19661,10000,9301.283659046
CPC_geometry_domain_0_2_e_0.0075_crosshair_localization,Julia,512,0.0075,1.52587890625e-6,1.0e-5,19661,10000,9379.5470372
CPC_geometry_domain_0_2_e_0.0075_crosshair_localization,Julia,512,0.0075,1.52587890625e-6,1.0e-5,19661,10000,9453.635685468
CPC_geometry_domain_0_2_e_0.0075_crosshair_localization,Julia,512,0.0075,1.52587890625e-6,1.0e-5,19661,10000,9531.390710896
CPC_geometry_domain_0_2_e_0.0075_crosshair_localization,Julia,512,0.0075,1.52587890625e-6,1.0e-5,19661,10000,9567.860711097
CPC_geometry_domain_0_2_e_0.0075_crosshair_localization,Julia,512,0.0075,1.52587890625e-6,1.0e-5,19661,10000,9773.855733637
CPC_geometry_domain_0_2_e_0.0075_crosshair_localization,Julia,512,0.0075,1.52587890625e-6,1.0e-5,19661,10000,9746.553623938
CPC_geometry_e_0.0075_monse_quant,Julia,256,0.0075,1.52587890625e-6,1.0e-5,19661,10000,687.03134749
CPC_geometry_e_0.0075_monse_quant,Julia,256,0.0075,1.52587890625e-6,1.0e-5,19661,10000,692.461847322
CPC_geometry_e_0.0075_monse_quant,Julia,256,0.0075,1.52587890625e-6,1.0e-5,19661,10000,711.176114071
CPC_geometry_e_0.0075_monse_quant,Julia,256,0.0075,1.52587890625e-6,1.0e-5,19661,10000,722.086279704
CPC_geometry_e_0.0075_monse_quant,Julia,256,0.0075,1.52587890625e-6,1.0e-5,19661,10000,735.519231266
CPC_geometry_e_0.0075_monse_quant,Julia,256,0.0075,1.52587890625e-6,1.0e-5,19661,10000,869.612729103
CPC_geometry_e_0.0075_monse_quant,Julia,256,0.0075,1.52587890625e-6,1.0e-5,19661,10000,951.601405843
CPC_geometry_e_0.0075_monse_quant,Julia,256,0.0075,1.52587890625e-6,1.0e-5,19661,10000,999.803113655
CPC_geometry_e_0.0075_monse_quant,Julia,256,0.0075,1.52587890625e-6,1.0e-5,19661,10000,1087.37186143
CPC_geometry_e_0.0075_monse_quant,Julia,256,0.0075,1.52587890625e-6,1.0e-5,19661,10000,1101.877384669
CPC_geometry_e_0.0075_monse_quant,Julia,256,0.0075,1.52587890625e-6,1.0e-5,19661,10000,1130.24632128
CPC_geometry_e_0.0075_monse_quant,Julia,256,0.0075,1.52587890625e-6,1.0e-5,19661,10000,1168.299008079
CPC_geometry_e_0.0075_monse_quant,Julia,256,0.0075,1.52587890625e-6,1.0e-5,19661,10000,1173.373465928
CPC_geometry_e_0.0075_monse_quant,Julia,256,0.0075,1.52587890625e-6,1.0e-5,19661,10000,1021.486592324
CPC_geometry_e_0.0075_monse_quant,Julia,256,0.0075,1.52587890625e-6,1.0e-5,19661,10000,1173.039319664
CPC_geometry_e_0.0075_monse_quant,Julia,256,0.0075,1.52587890625e-6,1.0e-5,19661,10000,1202.870942568
CPC_geometry_e_0.0075_monse_quant,Julia,256,0.0075,1.52587890625e-6,1.0e-5,19661,10000,1216.041023179
CPC_geometry_e_0.0075_monse_quant,Julia,256,0.0075,1.52587890625e-6,1.0e-5,19661,10000,1218.124952167
CPC_geometry_e_0.0075_monse_quant,Julia,256,0.0075,1.52587890625e-6,1.0e-5,19661,10000,1220.826989079
CPC_geometry_e_0.0075_monse_quant,Julia,256,0.0075,1.52587890625e-6,1.0e-5,19661,10000,1377.935703496
CPC_geometry_e_0.0075_monse_quant,Julia,256,0.0075,1.52587890625e-6,1.0e-5,19661,10000,1461.964436218
CPC_geometry_e_0.0075_monse_quant,Julia,256,0.0075,1.52587890625e-6,1.0e-5,19661,10000,1464.414552338
CPC_geometry_domain_0_2_e_0.01,Julia,512,0.01,1.52587890625e-6,1.0e-5,19661,10000,6781.533700015
CPC_geometry_domain_0_2_e_0.01,Julia,512,0.01,1.52587890625e-6,1.0e-5,19661,10000,6983.416580451
CPC_geometry_domain_0_2_e_0.01,Julia,512,0.01,1.52587890625e-6,1.0e-5,19661,10000,6995.470943723
CPC_geometry_domain_0_2_e_0.01,Julia,512,0.01,1.52587890625e-6,1.0e-5,19661,10000,7201.47791096
CPC_geometry_domain_0_2_e_0.01,Julia,512,0.01,1.52587890625e-6,1.0e-5,19661,10000,7292.736374126
CPC_geometry_domain_0_2_e_0.01,Julia,512,0.01,1.52587890625e-6,1.0e-5,19661,10000,7637.744299725
CPC_geometry_domain_0_2_e_0.01,Julia,512,0.01,1.52587890625e-6,1.0e-5,19661,10000,8128.876646748
CPC_geometry_domain_0_2_e_0.01,Julia,512,0.01,1.52587890625e-6,1.0e-5,19661,10000,8093.465898025
CPC_geometry_domain_0_2_e_0.01,Julia,512,0.01,1.52587890625e-6,1.0e-5,19661,10000,8659.55027692
CPC_geometry_domain_0_2_e_0.005,Julia,512,0.005,1.52587890625e-6,1.0e-5,19661,10000,5766.893545974
CPC_geometry_domain_0_2_e_0.005,Julia,512,0.005,1.52587890625e-6,1.0e-5,19661,10000,5747.131633375
CPC_geometry_domain_0_2_e_0.005,Julia,512,0.005,1.52587890625e-6,1.0e-5,19661,10000,5851.87191372
CPC_geometry_domain_0_2_e_0.005,Julia,512,0.005,1.52587890625e-6,1.0e-5,19661,10000,5951.749738432
CPC_geometry_domain_0_2_e_0.005,Julia,512,0.005,1.52587890625e-6,1.0e-5,19661,10000,6401.896143871
CPC_geometry_domain_0_2_e_0.005,Julia,512,0.005,1.52587890625e-6,1.0e-5,19661,10000,6589.289735334
CPC_geometry_domain_0_2_e_0.005,Julia,512,0.005,1.52587890625e-6,1.0e-5,19661,10000,7109.207141553
CPC_geometry_domain_0_2_e_0.005,Julia,512,0.005,1.52587890625e-6,1.0e-5,19661,10000,7107.617191288
CPC_geometry_domain_0_2_e_0.005,Julia,512,0.005,1.52587890625e-6,1.0e-5,19661,10000,7191.552493062
CPC_geometry_domain_0_2_e_0.005,Julia,512,0.005,1.52587890625e-6,1.0e-5,19661,10000,7350.671444493
CPC_geometry_domain_0_2_e_0.008,Julia,512,0.008,1.52587890625e-6,1.0e-5,19661,10000,8277.840771199
CPC_geometry_domain_0_2_e_0.008,Julia,512,0.008,1.52587890625e-6,1.0e-5,19661,10000,8330.6516386
CPC_geometry_domain_0_2_e_0.008,Julia,512,0.008,1.52587890625e-6,1.0e-5,19661,10000,8372.038149277
CPC_geometry_domain_0_2_e_0.008,Julia,512,0.008,1.52587890625e-6,1.0e-5,19661,10000,8447.176479917
CPC_geometry_domain_0_2_e_0.008,Julia,512,0.008,1.52587890625e-6,1.0e-5,19661,10000,8494.959040822
CPC_geometry_domain_0_2_e_0.008,Julia,512,0.008,1.52587890625e-6,1.0e-5,19661,10000,8585.370521407
CPC_geometry_domain_0_2_e_0.008,Julia,512,0.008,1.52587890625e-6,1.0e-5,19661,10000,8741.748165991
CPC_geometry_domain_0_2_e_0.008,Julia,512,0.008,1.52587890625e-6,1.0e-5,19661,10000,8761.396898194
CPC_geometry_domain_0_2_e_0.008,Julia,512,0.008,1.52587890625e-6,1.0e-5,19661,10000,8939.34894401
CPC_geometry_domain_0_2_e_0.008,Julia,512,0.008,1.52587890625e-6,1.0e-5,19661,10000,9054.367468958
CPC_geometry_domain_0_2_e_0.0067,Julia,512,0.0067,1.52587890625e-6,1.0e-5,19661,10000,2214.014529213
CPC_geometry_domain_0_2_e_0.0067,Julia,512,0.0067,1.52587890625e-6,1.0e-5,19661,10000,2846.672521828
CPC_geometry_domain_0_2_e_0.0067,Julia,512,0.0067,1.52587890625e-6,1.0e-5,19661,10000,3003.03336583
CPC_geometry_domain_0_2_e_0.0067,Julia,512,0.0067,1.52587890625e-6,1.0e-5,19661,10000,2986.446397882
CPC_geometry_domain_0_2_e_0.0067,Julia,512,0.0067,1.52587890625e-6,1.0e-5,19661,10000,2990.368855127
CPC_geometry_domain_0_2_e_0.0067,Julia,512,0.0067,1.52587890625e-6,1.0e-5,19661,10000,3023.608176016
CPC_geometry_domain_0_2_e_0.0067,Julia,512,0.0067,1.52587890625e-6,1.0e-5,19661,10000,2856.39664966
CPC_geometry_domain_0_2_e_0.0067,Julia,512,0.0067,1.52587890625e-6,1.0e-5,19661,10000,3090.428299288
CPC_geometry_domain_0_2_e_0.0067,Julia,512,0.0067,1.52587890625e-6,1.0e-5,19661,10000,2811.417383208
CPC_geometry_domain_0_2_e_0.0067,Julia,512,0.0067,1.52587890625e-6,1.0e-5,19661,10000,3088.292591872
CPC_geometry_domain_0_2_e_0.0067,Julia,512,0.0067,1.52587890625e-6,1.0e-5,19661,10000,2910.862399875
CPC_geometry_domain_0_2_e_0.0067,Julia,512,0.0067,1.52587890625e-6,1.0e-5,19661,10000,2957.783812519
CPC_geometry_domain_0_2_e_0.0067,Julia,512,0.0067,1.52587890625e-6,1.0e-5,19661,10000,3111.305040462
CPC_geometry_domain_0_2_e_0.0067,Julia,512,0.0067,1.52587890625e-6,1.0e-5,19661,10000,2964.825891236
CPC_geometry_domain_0_2_e_0.0067,Julia,512,0.0067,1.52587890625e-6,1.0e-5,19661,10000,2936.827916231
CPC_geometry_domain_0_2_e_0.0067,Julia,512,0.0067,1.52587890625e-6,1.0e-5,19661,10000,3091.916967529
CPC_geometry_domain_0_2_e_0.0067,Julia,512,0.0067,1.52587890625e-6,1.0e-5,19661,10000,2905.267866572
CPC_geometry_domain_0_2_e_0.0067,Julia,512,0.0067,1.52587890625e-6,1.0e-5,19661,10000,2877.655527208
CPC_geometry_domain_0_2_e_0.0067,Julia,512,0.0067,1.52587890625e-6,1.0e-5,19661,10000,2990.793155349
CPC_geometry_domain_0_2_e_0.0067,Julia,512,0.0067,1.52587890625e-6,1.0e-5,19661,10000,3082.04380277
CPC_geometry_domain_0_2_e_0.0067,Julia,512,0.0067,1.52587890625e-6,1.0e-5,19661,10000,3124.259715077
CPC_geometry_domain_0_2_e_0.0067,Julia,512,0.0067,1.52587890625e-6,1.0e-5,19661,10000,3168.851155533
CPC_geometry_domain_0_2_e_0.0067,Julia,512,0.0067,1.52587890625e-6,1.0e-5,19661,10000,3051.077234214
CPC_geometry_domain_0_2_e_0.0067,Julia,512,0.0067,1.52587890625e-6,1.0e-5,19661,10000,3165.804548428
CPC_geometry_domain_0_2_e_0.0067,Julia,512,0.0067,1.52587890625e-6,1.0e-5,19661,10000,3130.037609891
CPC_geometry_domain_0_2_e_0.0067,Julia,512,0.0067,1.52587890625e-6,1.0e-5,19661,10000,3143.161496654
CPC_geometry_domain_0_2_e_0.0067,Julia,512,0.0067,1.52587890625e-6,1.0e-5,19661,10000,2985.974275128
CPC_geometry_domain_0_2_e_0.0067,Julia,512,0.0067,1.52587890625e-6,1.0e-5,19661,10000,3042.394956883
CPC_geometry_domain_0_2_e_0.0067,Julia,512,0.0067,1.52587890625e-6,1.0e-5,19661,10000,3020.523470273
CPC_geometry_domain_0_2_e_0.0067,Julia,512,0.0067,1.52587890625e-6,1.0e-5,19661,10000,3256.091164916
CPC_geometry_domain_0_2_e_0.0067,Julia,512,0.0067,1.52587890625e-6,1.0e-5,19661,10000,3289.220628243
CPC_geometry_domain_0_2_e_0.0067,Julia,512,0.0067,1.52587890625e-6,1.0e-5,19661,10000,3048.613460384
CPC_geometry_domain_0_2_e_0.0067,Julia,512,0.0067,1.52587890625e-6,1.0e-5,19661,10000,3160.124623437
CPC_geometry_domain_0_2_e_0.0067,Julia,512,0.0067,1.52587890625e-6,1.0e-5,19661,10000,3071.749484431
CPC_geometry_domain_0_2_e_0.0067,Julia,512,0.0067,1.52587890625e-6,1.0e-5,19661,10000,3366.361922971
CPC_geometry_domain_0_2_e_0.0067,Julia,512,0.0067,1.52587890625e-6,1.0e-5,19661,10000,3152.75905837
CPC_geometry_domain_0_2_e_0.0067,Julia,512,0.0067,1.52587890625e-6,1.0e-5,19661,10000,3250.213668229
CPC_geometry_domain_0_2_e_0.0067,Julia,512,0.0067,1.52587890625e-6,1.0e-5,19661,10000,3443.065736812
CPC_geometry_domain_0_2_e_0.0067,Julia,512,0.0067,1.52587890625e-6,1.0e-5,19661,10000,3404.375221049
CPC_geometry_domain_0_2_e_0.0067,Julia,512,0.0067,1.52587890625e-6,1.0e-5,19661,10000,3396.060848528
CPC_geometry_domain_0_2_e_0.0067,Julia,512,0.0067,1.52587890625e-6,1.0e-5,19661,10000,3404.278902537
CPC_geometry_domain_0_2_e_0.0067,Julia,512,0.0067,1.52587890625e-6,1.0e-5,19661,10000,3567.493394957
CPC_geometry_domain_0_2_e_0.0067,Julia,512,0.0067,1.52587890625e-6,1.0e-5,19661,10000,3560.519354291
CPC_geometry_domain_0_2_e_0.0067,Julia,512,0.0067,1.52587890625e-6,1.0e-5,19661,10000,3730.180064617
CPC_geometry_domain_0_2_e_0.0067,Julia,512,0.0067,1.52587890625e-6,1.0e-5,19661,10000,3873.765794991
CPC_geometry_domain_0_2_e_0.0067,Julia,512,0.0067,1.52587890625e-6,1.0e-5,19661,10000,3929.142929633
CPC_geometry_domain_0_2_e_0.0067,Julia,512,0.0067,1.52587890625e-6,1.0e-5,19661,10000,3943.706041137
CPC_geometry_domain_0_2_e_0.0067,Julia,512,0.0067,1.52587890625e-6,1.0e-5,19661,10000,3928.150178587
CPC_geometry_domain_0_2_e_0.0067,Julia,512,0.0067,1.52587890625e-6,1.0e-5,19661,10000,4011.055052451
CPC_geometry_domain_0_2_e_0.0067,Julia,512,0.0067,1.52587890625e-6,1.0e-5,19661,10000,4041.873052068
CPC_geometry_domain_0_2_e_0.0067,Julia,512,0.0067,1.52587890625e-6,1.0e-5,19661,10000,3876.426458741
CPC_geometry_domain_0_2_e_0.0067,Julia,512,0.0067,1.52587890625e-6,1.0e-5,19661,10000,4024.068047825
CPC_geometry_domain_0_2_e_0.0067,Julia,512,0.0067,1.52587890625e-6,1.0e-5,19661,10000,4035.434861335
CPC_geometry_domain_0_2_e_0.0067,Julia,512,0.0067,1.52587890625e-6,1.0e-5,19661,10000,4039.002216199
CPC_geometry_domain_0_2_e_0.0067,Julia,512,0.0067,1.52587890625e-6,1.0e-5,19661,10000,4019.522423885
CPC_geometry_domain_0_2_e_0.0067,Julia,512,0.0067,1.52587890625e-6,1.0e-5,19661,10000,4095.561775101
CPC_geometry_domain_0_2_e_0.0067,Julia,512,0.0067,1.52587890625e-6,1.0e-5,19661,10000,4399.168183147
CPC_geometry_domain_0_2_e_0.0067,Julia,512,0.0067,1.52587890625e-6,1.0e-5,19661,10000,4503.284815934
CPC_geometry_domain_0_2_e_0.0067,Julia,512,0.0067,1.52587890625e-6,1.0e-5,19661,10000,4539.571486505
CPC_geometry_domain_0_2_e_0.0067,Julia,512,0.0067,1.52587890625e-6,1.0e-5,19661,10000,4541.024459394
CPC_geometry_domain_0_2_e_0.0067,Julia,512,0.0067,1.52587890625e-6,1.0e-5,19661,10000,4521.849023086
CPC_geometry_domain_0_2_e_0.0067,Julia,512,0.0067,1.52587890625e-6,1.0e-5,19661,10000,4497.256088134
CPC_geometry_domain_0_2_e_0.0067,Julia,512,0.0067,1.52587890625e-6,1.0e-5,19661,10000,4632.412154748
CPC_geometry_domain_0_2_e_0.0067,Julia,512,0.0067,1.52587890625e-6,1.0e-5,19661,10000,4532.426383209
CPC_geometry_domain_0_2_e_0.0067,Julia,512,0.0067,1.52587890625e-6,1.0e-5,19661,10000,4643.63167075
CPC_geometry_domain_0_2_e_0.0067,Julia,512,0.0067,1.52587890625e-6,1.0e-5,19661,10000,4535.697563445
CPC_geometry_domain_0_2_e_0.0067,Julia,512,0.0067,1.52587890625e-6,1.0e-5,19661,10000,4622.158663188
CPC_geometry_domain_0_2_e_0.0067,Julia,512,0.0067,1.52587890625e-6,1.0e-5,19661,10000,4623.043199725
CPC_geometry_domain_0_2_e_0.0067,Julia,512,0.0067,1.52587890625e-6,1.0e-5,19661,10000,4748.923513422
CPC_geometry_domain_0_2_e_0.0067,Julia,512,0.0067,1.52587890625e-6,1.0e-5,19661,10000,4680.073640407
CPC_geometry_domain_0_2_e_0.0067,Julia,512,0.0067,1.52587890625e-6,1.0e-5,19661,10000,4784.601505965
CPC_geometry_domain_0_2_e_0.0067,Julia,512,0.0067,1.52587890625e-6,1.0e-5,19661,10000,4687.372612716
CPC_geometry_domain_0_2_e_0.0067,Julia,512,0.0067,1.52587890625e-6,1.0e-5,19661,10000,4810.125559134
CPC_geometry_domain_0_2_e_0.0067,Julia,512,0.0067,1.52587890625e-6,1.0e-5,19661,10000,4844.339696289
CPC_geometry_domain_0_2_e_0.0067,Julia,512,0.0067,1.52587890625e-6,1.0e-5,19661,10000,4737.966568392
CPC_geometry_domain_0_2_e_0.0067,Julia,512,0.0067,1.52587890625e-6,1.0e-5,19661,10000,4768.610802407
CPC_geometry_domain_0_2_e_0.0067,Julia,512,0.0067,1.52587890625e-6,1.0e-5,19661,10000,4708.31266317
CPC_geometry_domain_0_2_e_0.0067,Julia,512,0.0067,1.52587890625e-6,1.0e-5,19661,10000,4784.755848061
CPC_geometry_domain_0_2_e_0.0067,Julia,512,0.0067,1.52587890625e-6,1.0e-5,19661,10000,4697.010278423
CPC_geometry_domain_0_2_e_0.0067,Julia,512,0.0067,1.52587890625e-6,1.0e-5,19661,10000,7069.88898142
CPC_geometry_domain_0_2_e_0.0067,Julia,512,0.0067,1.52587890625e-6,1.0e-5,19661,10000,8186.365818241
CPC_geometry_domain_0_2_e_0.0067,Julia,512,0.0067,1.52587890625e-6,1.0e-5,19661,10000,4264.091023145
CPC_geometry_domain_0_2_e_0.0067,Julia,512,0.0067,1.52587890625e-6,1.0e-5,19661,10000,4442.584635812
CPC_geometry_domain_0_2_e_0.0067,Julia,512,0.0067,1.52587890625e-6,1.0e-5,19661,10000,4327.698950015
CPC_geometry_domain_0_2_e_0.0067,Julia,512,0.0067,1.52587890625e-6,1.0e-5,19661,10000,4522.736659886
CPC_geometry_domain_0_2_e_0.0067,Julia,512,0.0067,1.52587890625e-6,1.0e-5,19661,10000,4579.008080021
CPC_geometry_domain_0_2_e_0.0067,Julia,512,0.0067,1.52587890625e-6,1.0e-5,19661,10000,4853.555996929
CPC_geometry_domain_0_2_e_0.0067,Julia,512,0.0067,1.52587890625e-6,1.0e-5,19661,10000,8435.803686647
CPC_geometry_domain_0_2_e_0.0067,Julia,512,0.0067,1.52587890625e-6,1.0e-5,19661,10000,9423.312552038
CPC_geometry_domain_0_2_e_0.0067,Julia,512,0.0067,1.52587890625e-6,1.0e-5,19661,10000,8479.093141278
CPC_geometry_domain_0_2_e_0.0067,Julia,512,0.0067,1.52587890625e-6,1.0e-5,19661,10000,8741.050520679
CPC_geometry_domain_0_2_e_0.0067,Julia,512,0.0067,1.52587890625e-6,1.0e-5,19661,10000,3073.986471189
CPC_geometry_domain_0_2_e_0.0067,Julia,512,0.0067,1.52587890625e-6,1.0e-5,19661,10000,3191.90109531
CPC_geometry_domain_0_2_e_0.0067,Julia,512,0.0067,1.52587890625e-6,1.0e-5,19661,10000,3216.962052822
CPC_geometry_domain_0_2_e_0.0067,Julia,512,0.0067,1.52587890625e-6,1.0e-5,19661,10000,3233.868526952
CPC_geometry_domain_0_2_e_0.0067,Julia,512,0.0067,1.52587890625e-6,1.0e-5,19661,10000,3180.636187791
CPC_geometry_domain_0_2_e_0.0067,Julia,512,0.0067,1.52587890625e-6,1.0e-5,19661,10000,3174.170447307
CPC_geometry_domain_0_2_e_0.0067,Julia,512,0.0067,1.52587890625e-6,1.0e-5,19661,10000,3242.278306035
CPC_geometry_domain_0_2_e_0.0067,Julia,512,0.0067,1.52587890625e-6,1.0e-5,19661,10000,3299.303427002
CPC_geometry_domain_0_2_e_0.0067,Julia,512,0.0067,1.52587890625e-6,1.0e-5,19661,10000,3337.306872402
CPC_geometry_domain_0_2_e_0.0067,Julia,512,0.0067,1.52587890625e-6,1.0e-5,19661,10000,3338.515789014
CPC_geometry_domain_0_2_e_0.0067,Julia,512,0.0067,1.52587890625e-6,1.0e-5,19661,10000,3318.964626967
CPC_geometry_domain_0_2_e_0.0067,Julia,512,0.0067,1.52587890625e-6,1.0e-5,19661,10000,3427.032862985
CPC_geometry_domain_0_2_e_0.0067,Julia,512,0.0067,1.52587890625e-6,1.0e-5,19661,10000,5924.396335639
CPC_geometry_domain_0_2_e_0.0067,Julia,512,0.0067,1.52587890625e-6,1.0e-5,19661,10000,6177.827326652
CPC_geometry_domain_0_2_e_0.0067,Julia,512,0.0067,1.52587890625e-6,1.0e-5,19661,10000,6231.399108953
CPC_geometry_domain_0_2_e_0.0067,Julia,512,0.0067,1.52587890625e-6,1.0e-5,19661,10000,6311.475466322
CPC_geometry_domain_0_2_e_0.0067,Julia,512,0.0067,1.52587890625e-6,1.0e-5,19661,10000,6313.239360772
CPC_geometry_domain_0_2_e_0.0067,Julia,512,0.0067,1.52587890625e-6,1.0e-5,19661,10000,6402.062659165
CPC_geometry_domain_0_2_e_0.0067,Julia,512,0.0067,1.52587890625e-6,1.0e-5,19661,10000,6495.730265784
CPC_geometry_domain_0_2_e_0.0067,Julia,512,0.0067,1.52587890625e-6,1.0e-5,19661,10000,6633.157234835
CPC_geometry_domain_0_2_e_0.0067,Julia,512,0.0067,1.52587890625e-6,1.0e-5,19661,10000,6579.090139265
CPC_geometry_domain_0_2_e_0.0067,Julia,512,0.0067,1.52587890625e-6,1.0e-5,19661,10000,6702.627119656
CPC_geometry_domain_0_2_e_0.0067,Julia,512,0.0067,1.52587890625e-6,1.0e-5,19661,10000,6814.867101927
CPC_geometry_domain_0_2_e_0.0067,Julia,512,0.0067,1.52587890625e-6,1.0e-5,19661,10000,6722.507226458
CPC_geometry_domain_0_2_e_0.0067,Julia,512,0.0067,1.52587890625e-6,1.0e-5,19661,10000,8309.92578679
CPC_geometry_domain_0_2_e_0.0067,Julia,512,0.0067,1.52587890625e-6,1.0e-5,19661,10000,8813.989408638
CPC_geometry_domain_0_2_e_0.0067,Julia,512,0.0067,1.52587890625e-6,1.0e-5,19661,10000,8920.448644726
CPC_geometry_domain_0_2_e_0.0067_t_0.04,Julia,512,0.0067,1.52587890625e-6,1.0e-5,26214,10000,2824.127872172
CPC_geometry_domain_0_2_e_0.0067_t_0.04,Julia,512,0.0067,1.52587890625e-6,1.0e-5,26214,10000,3428.537612466
CPC_geometry_domain_0_2_e_0.0067_t_0.04,Julia,512,0.0067,1.52587890625e-6,1.0e-5,26214,10000,3463.373991856
CPC_geometry_domain_0_2_e_0.0067_t_0.04,Julia,512,0.0067,1.52587890625e-6,1.0e-5,26214,10000,3452.286511094
CPC_geometry_domain_0_2_e_0.0067_t_0.04,Julia,512,0.0067,1.52587890625e-6,1.0e-5,26214,10000,4234.113676659
CPC_geometry_domain_0_2_e_0.0067_t_0.04,Julia,512,0.0067,1.52587890625e-6,1.0e-5,26214,10000,4321.996128801
CPC_geometry_domain_0_2_e_0.0067_t_0.04,Julia,512,0.0067,1.52587890625e-6,1.0e-5,26214,10000,4405.718119539
CPC_geometry_domain_0_2_e_0.0067_t_0.04,Julia,512,0.0067,1.52587890625e-6,1.0e-5,26214,10000,4376.724391676
CPC_geometry_domain_0_2_e_0.0067_t_0.04,Julia,512,0.0067,1.52587890625e-6,1.0e-5,26214,10000,4454.753200415
CPC_geometry_domain_0_2_e_0.0067_t_0.04,Julia,512,0.0067,1.52587890625e-6,1.0e-5,26214,10000,4466.400955267
CPC_geometry_domain_0_2_e_0.0067_t_0.04,Julia,512,0.0067,1.52587890625e-6,1.0e-5,26214,10000,4472.429484978
CPC_geometry_domain_0_2_e_0.0067_t_0.04,Julia,512,0.0067,1.52587890625e-6,1.0e-5,26214,10000,4490.16969855
CPC_geometry_domain_0_2_e_0.0067_t_0.04,Julia,512,0.0067,1.52587890625e-6,1.0e-5,26214,10000,4500.83285099
CPC_geometry_domain_0_2_e_0.0067_t_0.04,Julia,512,0.0067,1.52587890625e-6,1.0e-5,26214,10000,4495.942091712
CPC_geometry_domain_0_2_e_0.0067_t_0.04,Julia,512,0.0067,1.52587890625e-6,1.0e-5,26214,10000,3818.823433948
CPC_geometry_domain_0_2_e_0.0067_t_0.04,Julia,512,0.0067,1.52587890625e-6,1.0e-5,26214,10000,4591.660775618
CPC_geometry_domain_0_2_e_0.0067_t_0.04,Julia,512,0.0067,1.52587890625e-6,1.0e-5,26214,10000,4563.845036331
CPC_geometry_domain_0_2_e_0.0067_t_0.04,Julia,512,0.0067,1.52587890625e-6,1.0e-5,26214,10000,3563.219402127
CPC_geometry_domain_0_2_e_0.0067_t_0.04,Julia,512,0.0067,1.52587890625e-6,1.0e-5,26214,10000,3784.317955381
CPC_geometry_domain_0_2_e_0.0067_t_0.04,Julia,512,0.0067,1.52587890625e-6,1.0e-5,26214,10000,3901.997973778
CPC_geometry_domain_0_2_e_0.0067_t_0.04,Julia,512,0.0067,1.52587890625e-6,1.0e-5,26214,10000,3697.536196555
CPC_geometry_domain_0_2_e_0.0067_t_0.04,Julia,512,0.0067,1.52587890625e-6,1.0e-5,26214,10000,4664.50220354
CPC_geometry_domain_0_2_e_0.0067_t_0.04,Julia,512,0.0067,1.52587890625e-6,1.0e-5,26214,10000,3782.332426231
CPC_geometry_domain_0_2_e_0.0067_t_0.04,Julia,512,0.0067,1.52587890625e-6,1.0e-5,26214,10000,3864.065229479
CPC_geometry_domain_0_2_e_0.0067_t_0.04,Julia,512,0.0067,1.52587890625e-6,1.0e-5,26214,10000,3952.554798266
CPC_geometry_domain_0_2_e_0.0067_t_0.04,Julia,512,0.0067,1.52587890625e-6,1.0e-5,26214,10000,4707.54247054
CPC_geometry_domain_0_2_e_0.0067_t_0.04,Julia,512,0.0067,1.52587890625e-6,1.0e-5,26214,10000,3899.3155278
CPC_geometry_domain_0_2_e_0.0067_t_0.04,Julia,512,0.0067,1.52587890625e-6,1.0e-5,26214,10000,4050.680200515
CPC_geometry_domain_0_2_e_0.0067_t_0.04,Julia,512,0.0067,1.52587890625e-6,1.0e-5,26214,10000,4063.183417637
CPC_geometry_domain_0_2_e_0.0067_t_0.04,Julia,512,0.0067,1.52587890625e-6,1.0e-5,26214,10000,3950.197105781
CPC_geometry_domain_0_2_e_0.0067_t_0.04,Julia,512,0.0067,1.52587890625e-6,1.0e-5,26214,10000,3887.956975631
CPC_geometry_domain_0_2_e_0.0067_t_0.04,Julia,512,0.0067,1.52587890625e-6,1.0e-5,26214,10000,3992.557545662
CPC_geometry_domain_0_2_e_0.0067_t_0.04,Julia,512,0.0067,1.52587890625e-6,1.0e-5,26214,10000,4173.6533472
CPC_geometry_domain_0_2_e_0.0067_t_0.04,Julia,512,0.0067,1.52587890625e-6,1.0e-5,26214,10000,4006.600989522
CPC_geometry_domain_0_2_e_0.0067_t_0.04,Julia,512,0.0067,1.52587890625e-6,1.0e-5,26214,10000,4073.966730326
CPC_geometry_domain_0_2_e_0.0067_t_0.04,Julia,512,0.0067,1.52587890625e-6,1.0e-5,26214,10000,3971.079017706
CPC_geometry_domain_0_2_e_0.0067_t_0.04,Julia,512,0.0067,1.52587890625e-6,1.0e-5,26214,10000,4076.779937605
CPC_geometry_domain_0_2_e_0.0067_t_0.04,Julia,512,0.0067,1.52587890625e-6,1.0e-5,26214,10000,4237.703506644
CPC_geometry_domain_0_2_e_0.0067_t_0.04,Julia,512,0.0067,1.52587890625e-6,1.0e-5,26214,10000,4110.307713343
CPC_geometry_domain_0_2_e_0.0067_t_0.04,Julia,512,0.0067,1.52587890625e-6,1.0e-5,26214,10000,4243.198673845
CPC_geometry_domain_0_2_e_0.0067_t_0.04,Julia,512,0.0067,1.52587890625e-6,1.0e-5,26214,10000,4090.730787693
CPC_geometry_domain_0_2_e_0.0067_t_0.04,Julia,512,0.0067,1.52587890625e-6,1.0e-5,26214,10000,4223.843689306
CPC_geometry_domain_0_2_e_0.0067_t_0.04,Julia,512,0.0067,1.52587890625e-6,1.0e-5,26214,10000,4342.83101009
CPC_geometry_domain_0_2_e_0.0067_t_0.04,Julia,512,0.0067,1.52587890625e-6,1.0e-5,26214,10000,4360.211648221
CPC_geometry_domain_0_2_e_0.0067_t_0.04,Julia,512,0.0067,1.52587890625e-6,1.0e-5,26214,10000,4330.647869952
CPC_geometry_domain_0_2_e_0.0067_t_0.04,Julia,512,0.0067,1.52587890625e-6,1.0e-5,26214,10000,4311.068399894
CPC_geometry_domain_0_2_e_0.0067_t_0.04,Julia,512,0.0067,1.52587890625e-6,1.0e-5,26214,10000,4517.935408907
CPC_geometry_domain_0_2_e_0.0067_t_0.04,Julia,512,0.0067,1.52587890625e-6,1.0e-5,26214,10000,4409.607453491
CPC_geometry_domain_0_2_e_0.0067_t_0.04,Julia,512,0.0067,1.52587890625e-6,1.0e-5,26214,10000,4708.076760326
CPC_geometry_domain_0_2_e_0.0067_t_0.04,Julia,512,0.0067,1.52587890625e-6,1.0e-5,26214,10000,4615.443961438
CPC_geometry_domain_0_2_e_0.0067_t_0.04,Julia,512,0.0067,1.52587890625e-6,1.0e-5,26214,10000,4556.079493026
CPC_geometry_domain_0_2_e_0.0067_t_0.04,Julia,512,0.0067,1.52587890625e-6,1.0e-5,26214,10000,4800.741150251
CPC_geometry_domain_0_2_e_0.0067_t_0.04,Julia,512,0.0067,1.52587890625e-6,1.0e-5,26214,10000,4800.846977368
CPC_geometry_domain_0_2_e_0.0067_t_0.04,Julia,512,0.0067,1.52587890625e-6,1.0e-5,26214,10000,4958.145834728
CPC_geometry_domain_0_2_e_0.0067_t_0.04,Julia,512,0.0067,1.52587890625e-6,1.0e-5,26214,10000,5155.126539662
CPC_geometry_domain_0_2_e_0.0067_t_0.04,Julia,512,0.0067,1.52587890625e-6,1.0e-5,26214,10000,5258.301445408
CPC_geometry_domain_0_2_e_0.0067_t_0.04,Julia,512,0.0067,1.52587890625e-6,1.0e-5,26214,10000,5312.208823359
CPC_geometry_domain_0_2_e_0.0067_t_0.04,Julia,512,0.0067,1.52587890625e-6,1.0e-5,26214,10000,5239.596986906
CPC_geometry_domain_0_2_e_0.0067_t_0.04,Julia,512,0.0067,1.52587890625e-6,1.0e-5,26214,10000,5543.081616238
CPC_geometry_domain_0_2_e_0.0067_t_0.04,Julia,512,0.0067,1.52587890625e-6,1.0e-5,26214,10000,5504.718696975
CPC_geometry_domain_0_2_e_0.0067_t_0.04,Julia,512,0.0067,1.52587890625e-6,1.0e-5,26214,10000,5580.094127828
CPC_geometry_domain_0_2_e_0.0067_t_0.04,Julia,512,0.0067,1.52587890625e-6,1.0e-5,26214,10000,5863.643383474
CPC_geometry_domain_0_2_e_0.0067_t_0.04,Julia,512,0.0067,1.52587890625e-6,1.0e-5,26214,10000,5907.589173591
CPC_geometry_domain_0_2_e_0.0067_t_0.04,Julia,512,0.0067,1.52587890625e-6,1.0e-5,26214,10000,7687.479139149
CPC_geometry_domain_0_2_e_0.0067_t_0.04,Julia,512,0.0067,1.52587890625e-6,1.0e-5,26214,10000,8042.481217374
CPC_geometry_domain_0_2_e_0.0067_t_0.04,Julia,512,0.0067,1.52587890625e-6,1.0e-5,26214,10000,8181.894243102
CPC_geometry_domain_0_2_e_0.0067_t_0.04,Julia,512,0.0067,1.52587890625e-6,1.0e-5,26214,10000,8211.956637741
CPC_geometry_domain_0_2_e_0.0067_t_0.04,Julia,512,0.0067,1.52587890625e-6,1.0e-5,26214,10000,8200.134011579
CPC_geometry_domain_0_2_e_0.0067_t_0.04,Julia,512,0.0067,1.52587890625e-6,1.0e-5,26214,10000,3800.141297156
CPC_geometry_domain_0_2_e_0.0067_t_0.04,Julia,512,0.0067,1.52587890625e-6,1.0e-5,26214,10000,3927.708553146
CPC_geometry_domain_0_2_e_0.0067_t_0.04,Julia,512,0.0067,1.52587890625e-6,1.0e-5,26214,10000,8545.953010014
CPC_geometry_domain_0_2_e_0.0067_t_0.04,Julia,512,0.0067,1.52587890625e-6,1.0e-5,26214,10000,8549.601002193
CPC_geometry_domain_0_2_e_0.0067_t_0.04,Julia,512,0.0067,1.52587890625e-6,1.0e-5,26214,10000,4055.7558339
CPC_geometry_domain_0_2_e_0.0067_t_0.04,Julia,512,0.0067,1.52587890625e-6,1.0e-5,26214,10000,8790.861248193
CPC_geometry_domain_0_2_e_0.0067_t_0.04,Julia,512,0.0067,1.52587890625e-6,1.0e-5,26214,10000,8837.486976905
CPC_geometry_domain_0_2_e_0.0067_t_0.04,Julia,512,0.0067,1.52587890625e-6,1.0e-5,26214,10000,4249.918053689
CPC_geometry_domain_0_2_e_0.0067_t_0.04,Julia,512,0.0067,1.52587890625e-6,1.0e-5,26214,10000,4743.398690445
CPC_geometry_domain_0_2_e_0.0067_t_0.04,Julia,512,0.0067,1.52587890625e-6,1.0e-5,26214,10000,5459.600260148
CPC_geometry_domain_0_2_e_0.0067_t_0.04,Julia,512,0.0067,1.52587890625e-6,1.0e-5,26214,10000,5503.914290238
CPC_geometry_domain_0_2_e_0.0067_t_0.04,Julia,512,0.0067,1.52587890625e-6,1.0e-5,26214,10000,5926.540356619
CPC_geometry_domain_0_2_e_0.0067_t_0.04,Julia,512,0.0067,1.52587890625e-6,1.0e-5,26214,10000,5882.545238905
CPC_geometry_domain_0_2_e_0.0067_t_0.04,Julia,512,0.0067,1.52587890625e-6,1.0e-5,26214,10000,9855.380437808
CPC_geometry_domain_0_2_e_0.0067_t_0.04,Julia,512,0.0067,1.52587890625e-6,1.0e-5,26214,10000,6546.378885989
CPC_geometry_domain_0_2_e_0.0067_t_0.04,Julia,512,0.0067,1.52587890625e-6,1.0e-5,26214,10000,11472.262996649
CPC_geometry_domain_0_2_e_0.0067_t_0.04,Julia,512,0.0067,1.52587890625e-6,1.0e-5,26214,10000,7985.615915209
CPC_geometry_domain_0_2_e_0.0067_t_0.04,Julia,512,0.0067,1.52587890625e-6,1.0e-5,26214,10000,12513.237800536
CPC_geometry_domain_0_2_e_0.0067_t_0.04,Julia,512,0.0067,1.52587890625e-6,1.0e-5,26214,10000,13414.464905134
CPC_geometry_domain_0_2_e_0.0067_t_0.04,Julia,512,0.0067,1.52587890625e-6,1.0e-5,26214,10000,10326.564039071
CPC_geometry_domain_0_2_e_0.0067_t_0.04,Julia,512,0.0067,1.52587890625e-6,1.0e-5,26214,10000,8542.99298395
CPC_geometry_domain_0_2_e_0.0067_t_0.04,Julia,512,0.0067,1.52587890625e-6,1.0e-5,26214,10000,9511.749131472
CPC_geometry_domain_0_2_e_0.0067_t_0.04,Julia,512,0.0067,1.52587890625e-6,1.0e-5,26214,10000,10077.852763658
CPC_geometry_domain_0_2_e_0.0067_t_0.04,Julia,512,0.0067,1.52587890625e-6,1.0e-5,26214,10000,10343.060341584
CPC_geometry_domain_0_2_e_0.0067_t_0.04,Julia,512,0.0067,1.52587890625e-6,1.0e-5,26214,10000,10500.495494816
CPC_geometry_domain_0_2_e_0.0067_t_0.04,Julia,512,0.0067,1.52587890625e-6,1.0e-5,26214,10000,10447.201733032
CPC_geometry_domain_0_2_e_0.0067_t_0.04,Julia,512,0.0067,1.52587890625e-6,1.0e-5,26214,10000,10602.037321249
CPC_geometry_domain_0_2_e_0.0067_t_0.04,Julia,512,0.0067,1.52587890625e-6,1.0e-5,26214,10000,10662.742066575
CPC_geometry_domain_0_2_e_0.0067_t_0.04,Julia,512,0.0067,1.52587890625e-6,1.0e-5,26214,10000,10539.452200075
CPC_geometry_domain_0_2_e_0.0067_t_0.04,Julia,512,0.0067,1.52587890625e-6,1.0e-5,26214,10000,10768.50401387
CPC_geometry_domain_0_2_e_0.0067_t_0.04,Julia,512,0.0067,1.52587890625e-6,1.0e-5,26214,10000,10885.76855643
CPC_geometry_domain_0_2_e_0.0067_t_0.04,Julia,512,0.0067,1.52587890625e-6,1.0e-5,26214,10000,10759.209525618
CPC_geometry_domain_0_2_e_0.0067_t_0.04,Julia,512,0.0067,1.52587890625e-6,1.0e-5,26214,10000,10755.783049975
CPC_geometry_domain_0_2_e_0.0067_t_0.04,Julia,512,0.0067,1.52587890625e-6,1.0e-5,26214,10000,10986.831061836
CPC_geometry_domain_0_2_e_0.0067_t_0.04,Julia,512,0.0067,1.52587890625e-6,1.0e-5,26214,10000,11130.213813214
CPC_geometry_domain_0_2_e_0.0067_t_0.04,Julia,512,0.0067,1.52587890625e-6,1.0e-5,26214,10000,11062.963601556
CPC_geometry_domain_0_2_e_0.0067_t_0.04,Julia,512,0.0067,1.52587890625e-6,1.0e-5,26214,10000,11200.819963445
CPC_geometry_domain_0_2_e_0.0067_t_0.04,Julia,512,0.0067,1.52587890625e-6,1.0e-5,26214,10000,11148.982212519
CPC_geometry_domain_0_2_e_0.0067_t_0.04,Julia,512,0.0067,1.52587890625e-6,1.0e-5,26214,10000,11131.800384499
CPC_geometry_domain_0_2_e_0.0067_t_0.04,Julia,512,0.0067,1.52587890625e-6,1.0e-5,26214,10000,11289.424864068
CPC_geometry_domain_0_2_e_0.0067_t_0.04,Julia,512,0.0067,1.52587890625e-6,1.0e-5,26214,10000,11276.247313754
CPC_geometry_domain_0_2_e_0.0067_t_0.04,Julia,512,0.0067,1.52587890625e-6,1.0e-5,26214,10000,11253.400835326
CPC_geometry_domain_0_2_e_0.0067_t_0.04,Julia,512,0.0067,1.52587890625e-6,1.0e-5,26214,10000,11426.866116498
CPC_geometry_domain_0_2_e_0.0067_t_0.04,Julia,512,0.0067,1.52587890625e-6,1.0e-5,26214,10000,11671.158701599
CPC_geometry_domain_0_2_e_0.0067_t_0.04,Julia,512,0.0067,1.52587890625e-6,1.0e-5,26214,10000,11708.065845001
CPC_geometry_domain_0_2_e_0.0067_t_0.04,Julia,512,0.0067,1.52587890625e-6,1.0e-5,26214,10000,11752.164909144
CPC_geometry_domain_0_2_e_0.0067_t_0.04,Julia,512,0.0067,1.52587890625e-6,1.0e-5,26214,10000,11683.960769233
CPC_geometry_domain_0_2_e_0.0067_t_0.04,Julia,512,0.0067,1.52587890625e-6,1.0e-5,262144,10000,31741.796717937
CPC_geometry_domain_0_2_e_0.0067_t_0.04,Julia,512,0.0067,1.52587890625e-6,1.0e-5,262144,10000,38332.646289669
CPC_geometry_domain_0_2_e_0.0067_t_0.04,Julia,512,0.0067,1.52587890625e-6,1.0e-5,262144,10000,39880.796219532
CPC_geometry_domain_0_2_e_0.0067_t_0.04,Julia,512,0.0067,1.52587890625e-6,1.0e-5,262144,10000,27595.512159715
CPC_geometry_domain_0_2_e_0.0067_t_0.04,Julia,512,0.0067,1.52587890625e-6,1.0e-5,262144,10000,40824.753609229
CPC_geometry_domain_0_2_e_0.0067_t_0.04,Julia,512,0.0067,1.52587890625e-6,1.0e-5,262144,10000,44508.150830415
CPC_geometry_domain_0_2_e_0.0089,Julia,512,0.0089,1.52587890625e-6,1.0e-5,26214,10000,3381.021134455
CPC_geometry_domain_0_2_e_0.0089,Julia,512,0.0089,1.52587890625e-6,1.0e-5,26214,10000,3613.159608148
CPC_geometry_domain_0_2_e_0.0089,Julia,512,0.0089,1.52587890625e-6,1.0e-5,26214,10000,3721.677019497
CPC_geometry_domain_0_2_e_0.0089,Julia,512,0.0089,1.52587890625e-6,1.0e-5,26214,10000,3745.068754435
CPC_geometry_domain_0_2_e_0.0089,Julia,512,0.0089,1.52587890625e-6,1.0e-5,26214,10000,3764.0124216
CPC_geometry_domain_0_2_e_0.0089,Julia,512,0.0089,1.52587890625e-6,1.0e-5,26214,10000,3798.497101729
CPC_geometry_domain_0_2_e_0.0089,Julia,512,0.0089,1.52587890625e-6,1.0e-5,26214,10000,3875.30170786
CPC_geometry_domain_0_2_e_0.0089,Julia,512,0.0089,1.52587890625e-6,1.0e-5,26214,10000,4053.972064438
CPC_geometry_domain_0_2_e_0.0089,Julia,512,0.0089,1.52587890625e-6,1.0e-5,26214,10000,3890.003457365
CPC_geometry_domain_0_2_e_0.0089,Julia,512,0.0089,1.52587890625e-6,1.0e-5,26214,10000,4119.765202964
CPC_geometry_domain_0_2_e_0.0089,Julia,512,0.0089,1.52587890625e-6,1.0e-5,26214,10000,4113.415395254
CPC_geometry_domain_0_2_e_0.0089,Julia,512,0.0089,1.52587890625e-6,1.0e-5,26214,10000,4213.687443357
CPC_geometry_domain_0_2_e_0.0089,Julia,512,0.0089,1.52587890625e-6,1.0e-5,26214,10000,4307.428950849
CPC_geometry_domain_0_2_e_0.0089,Julia,512,0.0089,1.52587890625e-6,1.0e-5,26214,10000,4440.642604151
CPC_geometry_domain_0_2_e_0.0089,Julia,512,0.0089,1.52587890625e-6,1.0e-5,26214,10000,4536.729639441
CPC_geometry_domain_0_2_e_0.0089,Julia,512,0.0089,1.52587890625e-6,1.0e-5,26214,10000,4675.9651496
CPC_geometry_domain_0_2_e_0.0089,Julia,512,0.0089,1.52587890625e-6,1.0e-5,26214,10000,4186.174318421
CPC_geometry_domain_0_2_e_0.0089,Julia,512,0.0089,1.52587890625e-6,1.0e-5,26214,10000,4953.679796181
CPC_geometry_domain_0_2_e_0.0089,Julia,512,0.0089,1.52587890625e-6,1.0e-5,26214,10000,4946.174720345
CPC_geometry_domain_0_2_e_0.0089,Julia,512,0.0089,1.52587890625e-6,1.0e-5,26214,10000,4178.958157641
CPC_geometry_domain_0_2_e_0.0089,Julia,512,0.0089,1.52587890625e-6,1.0e-5,26214,10000,4235.485551383
CPC_geometry_domain_0_2_e_0.0089,Julia,512,0.0089,1.52587890625e-6,1.0e-5,26214,10000,4212.69507454
CPC_geometry_domain_0_2_e_0.0089,Julia,512,0.0089,1.52587890625e-6,1.0e-5,26214,10000,4357.291417628
CPC_geometry_domain_0_2_e_0.0089,Julia,512,0.0089,1.52587890625e-6,1.0e-5,26214,10000,4465.166855059
CPC_geometry_domain_0_2_e_0.0089,Julia,512,0.0089,1.52587890625e-6,1.0e-5,26214,10000,4619.406710562
CPC_geometry_domain_0_2_e_0.0089,Julia,512,0.0089,1.52587890625e-6,1.0e-5,26214,10000,4788.511500703
CPC_geometry_domain_0_2_e_0.0089,Julia,512,0.0089,1.52587890625e-6,1.0e-5,26214,10000,4831.581534078
CPC_geometry_domain_0_2_e_0.0089,Julia,512,0.0089,1.52587890625e-6,1.0e-5,26214,10000,4825.379630628
CPC_geometry_domain_0_2_e_0.0089,Julia,512,0.0089,1.52587890625e-6,1.0e-5,26214,10000,5771.509261674
CPC_geometry_domain_0_2_e_0.0089,Julia,512,0.0089,1.52587890625e-6,1.0e-5,26214,10000,4825.724484985
CPC_geometry_domain_0_2_e_0.0089,Julia,512,0.0089,1.52587890625e-6,1.0e-5,26214,10000,4857.664305233
CPC_geometry_domain_0_2_e_0.0089,Julia,512,0.0089,1.52587890625e-6,1.0e-5,26214,10000,4653.64846636
CPC_geometry_domain_0_2_e_0.0089,Julia,512,0.0089,1.52587890625e-6,1.0e-5,26214,10000,7147.668395394
CPC_geometry_domain_0_2_e_0.0089,Julia,512,0.0089,1.52587890625e-6,1.0e-5,26214,10000,7364.797228485
CPC_geometry_domain_0_2_e_0.0089,Julia,512,0.0089,1.52587890625e-6,1.0e-5,26214,10000,7424.067717767
CPC_geometry_domain_0_2_e_0.0089,Julia,512,0.0089,1.52587890625e-6,1.0e-5,26214,10000,7307.618359724
CPC_geometry_domain_0_2_e_0.0089,Julia,512,0.0089,1.52587890625e-6,1.0e-5,26214,10000,7434.108352274
CPC_geometry_domain_0_2_e_0.0089,Julia,512,0.0089,1.52587890625e-6,1.0e-5,26214,10000,4684.177905741
CPC_geometry_domain_0_2_e_0.0089,Julia,512,0.0089,1.52587890625e-6,1.0e-5,26214,10000,7650.799730124
CPC_geometry_domain_0_2_e_0.0089,Julia,512,0.0089,1.52587890625e-6,1.0e-5,26214,10000,4755.314201246
CPC_geometry_domain_0_2_e_0.0089,Julia,512,0.0089,1.52587890625e-6,1.0e-5,26214,10000,7783.7310343
CPC_geometry_domain_0_2_e_0.0089,Julia,512,0.0089,1.52587890625e-6,1.0e-5,26214,10000,4150.838038161
CPC_geometry_domain_0_2_e_0.0089,Julia,512,0.0089,1.52587890625e-6,1.0e-5,26214,10000,7854.009532002
CPC_geometry_domain_0_2_e_0.0089,Julia,512,0.0089,1.52587890625e-6,1.0e-5,26214,10000,7977.437497403
CPC_geometry_domain_0_2_e_0.0089,Julia,512,0.0089,1.52587890625e-6,1.0e-5,26214,10000,4264.238149173
CPC_geometry_domain_0_2_e_0.0089,Julia,512,0.0089,1.52587890625e-6,1.0e-5,26214,10000,7864.61505822
CPC_geometry_domain_0_2_e_0.0089,Julia,512,0.0089,1.52587890625e-6,1.0e-5,26214,10000,4338.882948703
CPC_geometry_domain_0_2_e_0.0067,Julia,512,0.0089,1.52587890625e-6,1.0e-5,19661,10000,7427.117157805
CPC_geometry_domain_0_2_e_0.0089,Julia,512,0.0089,1.52587890625e-6,1.0e-5,26214,10000,4334.114860602
CPC_geometry_domain_0_2_e_0.0067,Julia,512,0.0089,1.52587890625e-6,1.0e-5,19661,10000,7485.774201909
CPC_geometry_domain_0_2_e_0.0067,Julia,512,0.0089,1.52587890625e-6,1.0e-5,19661,10000,7480.73304259
CPC_geometry_domain_0_2_e_0.0067,Julia,512,0.0089,1.52587890625e-6,1.0e-5,19661,10000,7531.28767695
CPC_geometry_domain_0_2_e_0.0067,Julia,512,0.0089,1.52587890625e-6,1.0e-5,19661,10000,7513.884349043
CPC_geometry_domain_0_2_e_0.0089,Julia,512,0.0089,1.52587890625e-6,1.0e-5,26214,10000,4440.022735235
CPC_geometry_domain_0_2_e_0.0067,Julia,512,0.0089,1.52587890625e-6,1.0e-5,19661,10000,7625.329346298
CPC_geometry_domain_0_2_e_0.0067,Julia,512,0.0089,1.52587890625e-6,1.0e-5,19661,10000,7657.169099627
CPC_geometry_domain_0_2_e_0.0089,Julia,512,0.0089,1.52587890625e-6,1.0e-5,26214,10000,8377.581880925
CPC_geometry_domain_0_2_e_0.0067,Julia,512,0.0089,1.52587890625e-6,1.0e-5,19661,10000,7712.144413221
CPC_geometry_domain_0_2_e_0.0067,Julia,512,0.0089,1.52587890625e-6,1.0e-5,19661,10000,7745.862679752
CPC_geometry_domain_0_2_e_0.0089,Julia,512,0.0089,1.52587890625e-6,1.0e-5,26214,10000,4528.749944233
CPC_geometry_domain_0_2_e_0.0067,Julia,512,0.0089,1.52587890625e-6,1.0e-5,19661,10000,7879.923844894
CPC_geometry_domain_0_2_e_0.0089,Julia,512,0.0089,1.52587890625e-6,1.0e-5,26214,10000,8410.258176137
CPC_geometry_domain_0_2_e_0.0089,Julia,512,0.0089,1.52587890625e-6,1.0e-5,26214,10000,4528.999912106
CPC_geometry_domain_0_2_e_0.0089,Julia,512,0.0089,1.52587890625e-6,1.0e-5,26214,10000,4726.232504608
CPC_geometry_domain_0_2_e_0.0089,Julia,512,0.0089,1.52587890625e-6,1.0e-5,26214,10000,4649.065772584
CPC_geometry_domain_0_2_e_0.0089,Julia,512,0.0089,1.52587890625e-6,1.0e-5,26214,10000,4805.037898148
CPC_geometry_domain_0_2_e_0.0089,Julia,512,0.0089,1.52587890625e-6,1.0e-5,26214,10000,8863.369845349
CPC_geometry_domain_0_2_e_0.0089,Julia,512,0.0089,1.52587890625e-6,1.0e-5,26214,10000,9105.59999555
CPC_geometry_domain_0_2_e_0.0089,Julia,512,0.0089,1.52587890625e-6,1.0e-5,26214,10000,9148.435604768
CPC_geometry_domain_0_2_e_0.0089,Julia,512,0.0089,1.52587890625e-6,1.0e-5,26214,10000,9251.481275101
CPC_geometry_domain_0_2_e_0.0089,Julia,512,0.0089,1.52587890625e-6,1.0e-5,26214,10000,9403.985108224
CPC_geometry_domain_0_2_e_0.0089,Julia,512,0.0089,1.52587890625e-6,1.0e-5,26214,10000,5195.071291065
CPC_geometry_domain_0_2_e_0.0089,Julia,512,0.0089,1.52587890625e-6,1.0e-5,26214,10000,5230.274685204
CPC_geometry_domain_0_2_e_0.0089,Julia,512,0.0089,1.52587890625e-6,1.0e-5,26214,10000,5237.983420259
CPC_geometry_domain_0_2_e_0.0089,Julia,512,0.0089,1.52587890625e-6,1.0e-5,26214,10000,5305.953444984
CPC_geometry_domain_0_2_e_0.0089,Julia,512,0.0089,1.52587890625e-6,1.0e-5,26214,10000,5201.404118539
CPC_geometry_domain_0_2_e_0.0089,Julia,512,0.0089,1.52587890625e-6,1.0e-5,26214,10000,5257.633989865
CPC_geometry_domain_0_2_e_0.0089,Julia,512,0.0089,1.52587890625e-6,1.0e-5,26214,10000,9690.911537823
CPC_geometry_domain_0_2_e_0.0089,Julia,512,0.0089,1.52587890625e-6,1.0e-5,26214,10000,9517.923687341
CPC_geometry_domain_0_2_e_0.0089,Julia,512,0.0089,1.52587890625e-6,1.0e-5,26214,10000,5267.173406081
CPC_geometry_domain_0_2_e_0.0089,Julia,512,0.0089,1.52587890625e-6,1.0e-5,26214,10000,9750.689326001
CPC_geometry_domain_0_2_e_0.0089,Julia,512,0.0089,1.52587890625e-6,1.0e-5,26214,10000,5273.913842555
CPC_geometry_domain_0_2_e_0.0089,Julia,512,0.0089,1.52587890625e-6,1.0e-5,26214,10000,5244.048612953
CPC_geometry_domain_0_2_e_0.0089,Julia,512,0.0089,1.52587890625e-6,1.0e-5,26214,10000,5288.626615795
CPC_geometry_domain_0_2_e_0.0089,Julia,512,0.0089,1.52587890625e-6,1.0e-5,26214,10000,9944.715366426
CPC_geometry_domain_0_2_e_0.0089,Julia,512,0.0089,1.52587890625e-6,1.0e-5,26214,10000,10021.494226201
CPC_geometry_domain_0_2_e_0.0089,Julia,512,0.0089,1.52587890625e-6,1.0e-5,26214,10000,10506.723085454
CPC_geometry_domain_0_2_e_0.0089,Julia,512,0.0089,1.52587890625e-6,1.0e-5,26214,10000,10539.48155501
CPC_geometry_domain_0_2_e_0.0089,Julia,512,0.0089,1.52587890625e-6,1.0e-5,26214,10000,10648.884057089
CPC_geometry_domain_0_2_e_0.0089,Julia,512,0.0089,1.52587890625e-6,1.0e-5,26214,10000,10516.611788257
CPC_geometry_domain_0_2_e_0.0089,Julia,512,0.0089,1.52587890625e-6,1.0e-5,26214,10000,10616.538174108
CPC_geometry_domain_0_2_e_0.0089,Julia,512,0.0089,1.52587890625e-6,1.0e-5,26214,10000,10735.008063386
CPC_geometry_domain_0_2_e_0.0089,Julia,512,0.0089,1.52587890625e-6,1.0e-5,26214,10000,10659.319095679
CPC_geometry_domain_0_2_e_0.0089,Julia,512,0.0089,1.52587890625e-6,1.0e-5,26214,10000,10653.180053866
CPC_geometry_domain_0_2_e_0.0089,Julia,512,0.0089,1.52587890625e-6,1.0e-5,26214,10000,10902.880490872
CPC_geometry_domain_0_2_e_0.0089,Julia,512,0.0089,1.52587890625e-6,1.0e-5,26214,10000,10990.894715082
CPC_geometry_domain_0_2_e_0.0089,Julia,512,0.0089,1.52587890625e-6,1.0e-5,26214,10000,9883.914830077
CPC_geometry_domain_0_2_e_0.0089,Julia,512,0.0089,1.52587890625e-6,1.0e-5,19661,10000,3592.248675475
CPC_geometry_domain_0_2_e_0.0089,Julia,512,0.0089,1.52587890625e-6,1.0e-5,19661,10000,3527.674361929
CPC_geometry_domain_0_2_e_0.0089,Julia,512,0.0089,1.52587890625e-6,1.0e-5,19661,10000,3656.3595384
CPC_geometry_domain_0_2_e_0.0089,Julia,512,0.0089,1.52587890625e-6,1.0e-5,19661,10000,3646.445358821
CPC_geometry_domain_0_2_e_0.0089,Julia,512,0.0089,1.52587890625e-6,1.0e-5,19661,10000,3661.697136131
CPC_geometry_domain_0_2_e_0.0089,Julia,512,0.0089,1.52587890625e-6,1.0e-5,19661,10000,3676.434510423
CPC_geometry_domain_0_2_e_0.0089,Julia,512,0.0089,1.52587890625e-6,1.0e-5,19661,10000,3667.338962139
CPC_geometry_domain_0_2_e_0.0089,Julia,512,0.0089,1.52587890625e-6,1.0e-5,19661,10000,3701.740488385
CPC_geometry_domain_0_2_e_0.0089,Julia,512,0.0089,1.52587890625e-6,1.0e-5,19661,10000,3720.505352016
CPC_geometry_domain_0_2_e_0.0089,Julia,512,0.0089,1.52587890625e-6,1.0e-5,19661,10000,3694.134626585
CPC_geometry_domain_0_2_e_0.0089,Julia,512,0.0089,1.52587890625e-6,1.0e-5,19661,10000,3706.836981611
CPC_geometry_domain_0_2_e_0.0089,Julia,512,0.0089,1.52587890625e-6,1.0e-5,19661,10000,3700.936595811
CPC_geometry_domain_0_2_e_0.0089,Julia,512,0.0089,1.52587890625e-6,1.0e-5,19661,10000,3705.440012061
CPC_geometry_domain_0_2_e_0.0089,Julia,512,0.0089,1.52587890625e-6,1.0e-5,19661,10000,3694.630035494
CPC_geometry_domain_0_2_e_0.0089,Julia,512,0.0089,1.52587890625e-6,1.0e-5,19661,10000,3767.590141849
CPC_geometry_domain_0_2_e_0.0089,Julia,512,0.0089,1.52587890625e-6,1.0e-5,19661,10000,3734.444595897
CPC_geometry_domain_0_2_e_0.0089,Julia,512,0.0089,1.52587890625e-6,1.0e-5,19661,10000,3744.207663982
CPC_geometry_domain_0_2_e_0.0089,Julia,512,0.0089,1.52587890625e-6,1.0e-5,19661,10000,3730.446657284
CPC_geometry_domain_0_2_e_0.0089,Julia,512,0.0089,1.52587890625e-6,1.0e-5,19661,10000,3780.307544167
CPC_geometry_domain_0_2_e_0.0089,Julia,512,0.0089,1.52587890625e-6,1.0e-5,19661,10000,3839.735474608
CPC_geometry_domain_0_2_e_0.0089,Julia,512,0.0089,1.52587890625e-6,1.0e-5,19661,10000,3809.596376403
CPC_geometry_domain_0_2_e_0.0089,Julia,512,0.0089,1.52587890625e-6,1.0e-5,19661,10000,4026.487351226
CPC_geometry_domain_0_2_e_0.0067,Julia,512,0.0067,1.52587890625e-6,1.0e-5,19661,10000,3783.661439437
CPC_geometry_domain_0_2_e_0.0067,Julia,512,0.0067,1.52587890625e-6,1.0e-5,19661,10000,3824.927783811
CPC_geometry_domain_0_2_e_0.0067,Julia,512,0.0067,1.52587890625e-6,1.0e-5,19661,10000,3842.938724969
CPC_geometry_domain_0_2_e_0.0067,Julia,512,0.0067,1.52587890625e-6,1.0e-5,19661,10000,3844.270333736
CPC_geometry_domain_0_2_e_0.0067,Julia,512,0.0067,1.52587890625e-6,1.0e-5,19661,10000,3846.964940198
CPC_geometry_domain_0_2_e_0.0067,Julia,512,0.0067,1.52587890625e-6,1.0e-5,19661,10000,3873.344340771
CPC_geometry_domain_0_2_e_0.0067,Julia,512,0.0067,1.52587890625e-6,1.0e-5,19661,10000,3849.073047706
CPC_geometry_domain_0_2_e_0.0067,Julia,512,0.0067,1.52587890625e-6,1.0e-5,19661,10000,3868.533524224
CPC_geometry_domain_0_2_e_0.0067,Julia,512,0.0067,1.52587890625e-6,1.0e-5,19661,10000,3886.761967521
CPC_geometry_domain_0_2_e_0.0067,Julia,512,0.0067,1.52587890625e-6,1.0e-5,19661,10000,3878.533414283
CPC_geometry_domain_0_2_e_0.0067,Julia,512,0.0067,1.52587890625e-6,1.0e-5,19661,10000,3864.227967091
CPC_geometry_domain_0_2_e_0.0067,Julia,512,0.0067,1.52587890625e-6,1.0e-5,19661,10000,3898.858399135
CPC_geometry_domain_0_2_e_0.0067,Julia,512,0.0067,1.52587890625e-6,1.0e-5,19661,10000,3882.647077421
CPC_geometry_domain_0_2_e_0.0067,Julia,512,0.0067,1.52587890625e-6,1.0e-5,19661,10000,3910.235255067
CPC_geometry_domain_0_2_e_0.0067,Julia,512,0.0067,1.52587890625e-6,1.0e-5,19661,10000,3883.478853459
CPC_geometry_domain_0_2_e_0.0067,Julia,512,0.0067,1.52587890625e-6,1.0e-5,19661,10000,3898.332572929
CPC_geometry_domain_0_2_e_0.0067,Julia,512,0.0067,1.52587890625e-6,1.0e-5,19661,10000,3919.21474306
CPC_geometry_domain_0_2_e_0.0067,Julia,512,0.0067,1.52587890625e-6,1.0e-5,19661,10000,3919.142811211
CPC_geometry_domain_0_2_e_0.0067,Julia,512,0.0067,1.52587890625e-6,1.0e-5,19661,10000,3899.447731146
CPC_geometry_domain_0_2_e_0.0067,Julia,512,0.0067,1.52587890625e-6,1.0e-5,19661,10000,3897.471583365
CPC_geometry_domain_0_2_e_0.0067,Julia,512,0.0067,1.52587890625e-6,1.0e-5,19661,10000,3970.864183792
CPC_geometry_domain_0_2_e_0.0067,Julia,512,0.0067,1.52587890625e-6,1.0e-5,19661,10000,3954.302433824
CPC_geometry_domain_0_2_e_0.0067,Julia,512,0.0067,1.52587890625e-6,1.0e-5,19661,10000,3955.382144888
CPC_geometry_domain_0_2_e_0.0067,Julia,512,0.0067,1.52587890625e-6,1.0e-5,19661,10000,3901.937304134
CPC_geometry_domain_0_2_e_0.0067,Julia,512,0.0067,1.52587890625e-6,1.0e-5,19661,10000,3959.791352605
CPC_geometry_domain_0_2_e_0.0067,Julia,512,0.0067,1.52587890625e-6,1.0e-5,19661,10000,3954.53935249
CPC_geometry_domain_0_2_e_0.0067,Julia,512,0.0067,1.52587890625e-6,1.0e-5,19661,10000,3895.351707339
CPC_geometry_domain_0_2_e_0.0067,Julia,512,0.0067,1.52587890625e-6,1.0e-5,19661,10000,3942.299171579
CPC_geometry_domain_0_2_e_0.0067,Julia,512,0.0067,1.52587890625e-6,1.0e-5,19661,10000,3957.378751753
CPC_geometry_domain_0_2_e_0.0067,Julia,512,0.0067,1.52587890625e-6,1.0e-5,19661,10000,3902.446181286
CPC_geometry_domain_0_2_e_0.0067,Julia,512,0.0067,1.52587890625e-6,1.0e-5,19661,10000,3996.604427652
CPC_geometry_domain_0_2_e_0.0067,Julia,512,0.0067,1.52587890625e-6,1.0e-5,19661,10000,3919.392721356
CPC_geometry_domain_0_2_e_0.0067,Julia,512,0.0067,1.52587890625e-6,1.0e-5,19661,10000,3935.431444721
CPC_geometry_domain_0_2_e_0.0067,Julia,512,0.0067,1.52587890625e-6,1.0e-5,19661,10000,3968.7359309
CPC_geometry_domain_0_2_e_0.0067,Julia,512,0.0067,1.52587890625e-6,1.0e-5,19661,10000,3976.598546299
CPC_geometry_domain_0_2_e_0.0067,Julia,512,0.0067,1.52587890625e-6,1.0e-5,19661,10000,3980.104126314
CPC_geometry_domain_0_2_e_0.0067,Julia,512,0.0067,1.52587890625e-6,1.0e-5,19661,10000,3945.724442374
CPC_geometry_domain_0_2_e_0.0067,Julia,512,0.0067,1.52587890625e-6,1.0e-5,19661,10000,4013.423234441
CPC_geometry_domain_0_2_e_0.0067,Julia,512,0.0067,1.52587890625e-6,1.0e-5,19661,10000,4076.130287199
CPC_geometry_domain_0_2_e_0.0089,Julia,512,0.0089,1.52587890625e-6,1.0e-5,19661,10000,6924.997267578
CPC_geometry_domain_0_2_e_0.0089,Julia,512,0.0089,1.52587890625e-6,1.0e-5,19661,10000,7151.605974046
CPC_geometry_domain_0_2_e_0.0089,Julia,512,0.0089,1.52587890625e-6,1.0e-5,19661,10000,7266.806081056
CPC_geometry_domain_0_2_e_0.0089,Julia,512,0.0089,1.52587890625e-6,1.0e-5,19661,10000,7123.956851668
CPC_geometry_domain_0_2_e_0.0089,Julia,512,0.0089,1.52587890625e-6,1.0e-5,19661,10000,7341.036339689
CPC_geometry_domain_0_2_e_0.0089,Julia,512,0.0089,1.52587890625e-6,1.0e-5,19661,10000,7513.228381319
CPC_geometry_domain_0_2_e_0.0089,Julia,512,0.0089,1.52587890625e-6,1.0e-5,19661,10000,7619.350577254
CPC_geometry_domain_0_2_e_0.0089,Julia,512,0.0089,1.52587890625e-6,1.0e-5,19661,10000,7598.506622145
CPC_geometry_domain_0_2_e_0.0089,Julia,512,0.0089,1.52587890625e-6,1.0e-5,19661,10000,7482.324719805
CPC_geometry_domain_0_2_e_0.0089,Julia,512,0.0089,1.52587890625e-6,1.0e-5,19661,10000,7634.583609393
CPC_geometry_domain_0_2_e_0.0089,Julia,512,0.0089,1.52587890625e-6,1.0e-5,19661,10000,7688.627795161
CPC_geometry_domain_0_2_e_0.0089,Julia,512,0.0089,1.52587890625e-6,1.0e-5,19661,10000,7835.704700233
CPC_geometry_domain_0_2_e_0.0089,Julia,512,0.0089,1.52587890625e-6,1.0e-5,19661,10000,7832.76223427
CPC_geometry_domain_0_2_e_0.0089,Julia,512,0.0089,1.52587890625e-6,1.0e-5,19661,10000,7905.71272444
CPC_geometry_domain_0_2_e_0.0089,Julia,512,0.0089,1.52587890625e-6,1.0e-5,19661,10000,7929.752411295
CPC_geometry_domain_0_2_e_0.0089,Julia,512,0.0089,1.52587890625e-6,1.0e-5,19661,10000,7963.318278406
CPC_geometry_domain_0_2_e_0.0089,Julia,512,0.0089,1.52587890625e-6,1.0e-5,19661,10000,8320.691518827
CPC_geometry_domain_0_2_e_0.0067,Julia,512,0.0067,1.52587890625e-6,1.0e-5,19661,10000,8090.296788629
CPC_geometry_domain_0_2_e_0.0089,Julia,512,0.0089,1.52587890625e-6,1.0e-5,19661,10000,9398.141203576
CPC_geometry_domain_0_2_e_0.0067,Julia,512,0.0067,1.52587890625e-6,1.0e-5,26214,10000,5020.864055403
CPC_geometry_domain_0_2_e_0.0067,Julia,512,0.0067,1.52587890625e-6,1.0e-5,26214,10000,5079.490674085
CPC_geometry_domain_0_2_e_0.0067,Julia,512,0.0067,1.52587890625e-6,1.0e-5,262144,10000,42184.973108468
