-1.0196287672079412,-0.874988774629966,-0.8872689053462237,0.7977367769675912,0.7936727159984436,-0.7340343497442433,0.6468243823736577,-0.8725941120192823,-0.8700698514726486,-1.0185457763118473,-1.0251840204172726,-0.8673880166824692,0.6557093078926094,-0.8872973372454342,-0.8860948020200102,0.7968534878298893,-0.8974889758395752,-1.046599830950111,-0.7384809497050753,0.64134727547366,-0.8778689710990304,-1.0244858109193313,-1.0109922128878337,-1.0159520343331059,-1.0107986510972835,-0.8645337223861743,-1.0212443325220615,-1.0321305986819975,-0.8842124142106447,0.8112355467046548,-0.8739646583737999,-1.0183681079655564,-1.0059243351263667,-1.0040576219418726,-1.0101945896777471,-1.0103897099093868,-0.867746014077118,-1.0126778983858393,-1.018563679486719,-1.0125304240688742,-1.0074246528020625,-1.015346714998549,-1.0220609411187942,-0.882544763670287,0.8022992468998401,-0.7302729179884786,-1.026622570252735,-1.0136770951922727,-1.0047718782394943,-1.0088359370154116,-1.0131225698833368,-1.0203886728359197,-0.8832933179084955,-1.032623216523747,-0.7353508902125054,0.6565367725455793,-0.8722640238165829,-1.0176240990208023,-1.011121941656823,-0.8619868855558294,-1.0220133385448842,-1.0450137823744783,-0.755749204631024,0.9166957607653548
-0.8668466387029309,0.4930731952899918,-0.8781380848167928,-0.7292342081304114,-0.891340693380933,-1.0366126884140525,-0.8831752929663056,-0.8738382006349095,0.4953673155747447,-0.8715628583900643,-1.0184558757614335,-0.8727750721116492,-0.8726565885957556,-1.0289193093277078,-0.7456281382237782,0.6367609594691654,-0.9004170351943366,-0.7511556398374792,0.6373394177816061,-0.7317425161602615,-0.884574569565247,-1.0149915217616972,-0.869156257344346,-1.0064354847094803,-0.873292404641613,0.5015963628260252,-0.8797053534891921,-0.8845091409274314,-0.8863667682454577,0.6415452516631409,-0.8743560089496566,-1.0185472681542884,-1.0116065927362776,-1.0118646102015338,-1.0060410195625458,-0.8723675224813358,0.5089664546156343,-0.7130046095097756,-1.0133106984594453,-1.018686631266819,-0.8684617079895359,-1.0204436945373985,-1.0253942047512958,-0.887665730430065,0.8073221329618738,0.647467045248927,-0.8742648080280818,-1.009248959040849,-1.0111407278209552,-1.007451426965356,-0.8715437255474362,-0.8768882426346115,0.48149792797505614,-0.5762528844975171,0.4867388794976001,-0.7307097119983178,-1.0174854623939917,-1.0138349910912043,-0.8619388203615105,0.5100498461553168,-0.8709042381324181,-0.8805238900802986,0.7866808011874789,0.9304099820323298
-1.0182756068031402,-0.8716746671789394,-0.872112770806946,0.4871670858204897,-0.8778646536082804,-0.8857720254076932,-1.019694777798244,-1.0298995562850317,-0.8736151043109435,-0.8665106632167051,-0.8777256690841454,0.4918637274828475,-0.8741100711259284,-0.895736027584777,0.4732185155663651,-0.5894062601695421,-0.7529160406978734,0.621714915297537,0.7876203272985809,-0.7335314404484852,0.4833318461619866,-0.7185754783318319,0.5084518734008161,-0.8744025258465977,-1.0080665866360257,-0.7233172692233265,-0.8783765324005004,0.6402578719632969,-0.7414493326877143,-0.8790323049841738,-0.8799986635129536,-1.020048627688683,-1.0219366544976984,-1.0126919634230696,-0.8758084538291431,-1.0082229050441267,-0.719672958878979,0.5052852103552823,-0.8808513562581219,-0.8727859825597519,0.6429882137240928,-0.8729404827211175,-0.8928240296844047,-1.0258401653825466,-0.728285308546046,-0.8751136337198119,-1.0203799866382433,-1.017222437618653,-1.0077923489560516,-0.8823145119769551,0.48649478372694205,-0.7397867208356179,-0.738251339266974,0.6408021312928658,-0.742524639887182,-1.0261728006055295,-1.0281940798397091,-1.0199411586543783,-1.0065991862103503,-0.8625509992534196,-1.0109522407127232,-0.8788719277870559,0.6418879746914575,-0.7452067348812894
-0.872433565750401,-1.0191316793239007,-1.0212330571522348,-0.873414643429881,-0.8704975220967801,0.49670654692431143,-0.7208547946858703,-1.0207866386963438,-0.8796323697404035,0.6488971455291839,-0.8818008422423766,-0.8845404929985256,-1.0391377103646688,-1.0375805197959294,-0.5941857456316182,0.7899705566621155,0.7714514419100902,-0.7512089002967571,-0.7437680735132935,-0.8876040022112581,-0.8866105990002078,-1.018255068199973,-0.8696360581404456,-1.012379563219231,-0.8791580119974125,0.4912360601129437,-0.7262846288287734,0.9528347117680688,0.6505399575728315,-0.7341210254497477,0.4916391680311966,-0.8733169663516581,-0.8676891515859871,-0.7173907879912342,0.4991042783584236,-0.8871810462890583,-1.0120843019918244,-0.8874086961665518,-1.026497030376881,-0.7418952704397338,0.646561763763669,-0.586800087605833,0.4911088640981169,-0.7400836572019514,0.4906160405470316,-0.8737239013488542,-1.0228282920053542,-1.0097347818208209,-0.877978667929476,-1.023707493970411,-0.5842825657372808,0.6325998100255367,-0.5903511437430596,0.6281138423914798,-0.8912933104117009,-0.883816255326307,-0.8782847259005494,-1.020033110827172,-1.0180201386069094,-1.0120457242345415,-1.0173437257448907,-1.0161894702157235,-0.8844133348073356,-1.041478788472536
0.6597266873952207,-0.8715646667784355,-1.0265646613745243,-1.0158061161721867,-0.8683144729855076,-0.7126800537707589,0.5014001852563306,-0.8832610605350093,-0.874717820662002,0.7981250638417458,-0.885508263823146,-0.9012509138308241,-0.8907270829700088,-0.7618836212336443,0.6335853522136773,0.9264211608604752,0.7867662277936623,-0.7525046457941638,0.6359554465091489,0.638729298802684,-0.8770422909717094,-1.019900801763666,-0.8662559907017322,-1.016949651522996,-1.0206396589778983,-0.8771409774468403,-0.886252154390269,0.6528623610809239,-0.7325248412738368,-1.019329218282902,-0.8755403761727426,-0.8716025211131688,0.6533239569152443,0.6560734290647449,-0.7277114468997614,-1.0198123003967519,-0.8861174722356836,-1.0301999605619558,-0.898608842893079,0.6374777473596809,-0.4248129222765914,0.4795176780707847,-0.5881944470919498,-1.018197567279214,-0.879885948996504,-0.8705220240750703,-1.0135816300698908,-0.8726308642076163,0.4918168845679061,-0.7371336596961215,0.7956282249594582,0.9296806088429038,0.634235723926968,-0.7483699481073017,-0.8831964079405644,0.8031453760115367,0.6543311780196935,-0.8779121511822675,-0.8686809871325109,-1.0149289544087157,-1.0190540345731787,-1.0276451837389018,-1.025219430898617,-0.8938354893512518
-0.8786480592463368,-0.8761034130417129,-1.0202683862784456,-0.8730660596865104,0.4992250421659129,-0.8618421569467553,-0.8718988454666265,-1.0226306029357901,-0.8863085532239657,0.6494038232058735,-0.5841594004672767,0.6389314316135789,0.9233145124414386,0.6363716066316533,-0.6046649880278827,-0.8967816582490152,-0.9132564580163202,-1.0476881195349859,-0.7410358119846596,-0.8808046701308043,-1.0261342415136523,-0.8710786143745305,0.5037849453436208,-0.8712400001207666,-1.016952132505736,-0.8747403118913821,-1.0276716010298905,-0.8838894615606377,-1.0169368522616062,-1.0249219307888235,-1.0189296010327475,-1.0177919721570474,-0.7225942999679941,-0.8850801872667666,-1.0331558235135359,-0.8878506012824947,0.6439428108641558,-0.8853559925030281,-0.7345052303040827,0.7856945383218844,0.6381699176616084,-0.5967533218936947,0.4903997318664029,-0.8928153191601622,-0.8763078899773512,0.4936630221825575,-0.8782530491651211,-1.0219607149329388,-0.8812712007790169,-0.7343760493589833,0.6237267743936915,-0.7379976298688735,-0.7455295245738729,-1.0302955479942795,-0.8943569501495686,0.6522886330519548,-0.725932113887351,-0.8811632819604827,0.6544799685996617,-0.8747479266420459,-1.0294612922289585,-1.030290482181637,-0.7402857411348261,0.8014288563932008
-0.8878255547430445,0.6497186088682059,-0.8810675082134475,-1.0136153344223127,-0.8648275809336533,-1.0116406349676768,-1.016886841207982,-1.019321439624591,-0.8743179200348205,-0.7322521785124646,0.46995657038709576,-0.6000639737869709,0.6329329631190503,-0.438340359344576,0.4633560690359486,-0.9073949756088537,-0.890462738854258,-0.7402454161016249,0.6436336720266823,-0.8883223053400615,-1.0271648297480218,-0.8671817526750512,-0.8654404942047063,-1.0176461073310303,-0.871437469596676,0.6623568345265878,-0.8769088292307897,-1.0161076999930374,-1.0218037535509885,-1.01246717778277,-1.0119420025919255,-0.8788836875464157,0.48692807331791294,-0.8896918416691292,-0.8929498873901884,-0.7284387303803501,0.6490458005988524,-0.7351238218640992,0.6394626244482304,-0.7341208803054666,-0.9108077509430952,-1.031840474835167,-0.7440454090569841,-1.0334309113258813,-1.032664482735827,-0.7213212718293139,-0.8785718737198902,-1.0343074979817135,-0.8876368944493227,0.6443273824177518,-0.7420834233627922,-0.8982318736914351,0.4842205824317438,-0.8897141309565306,-1.0240168474072477,-0.8770872206249756,-0.8849520452515438,-0.8834611727145814,0.641890821463025,-0.8827766707608039,-0.8868952853326001,-0.7465404705991735,0.6292266462540372,0.9400583134400828
-0.8942315047084809,0.7996424316167642,-0.8801676327799329,-1.0315038196957718,-1.009508559966889,-1.0106681630965724,-1.0075363087393132,-0.8663185346094596,0.4895912692456616,-0.8783829205026695,-0.9017489380569207,-0.8938172438597043,-0.6000584765700623,0.6338536989374421,-0.7472180036383443,-0.8841699008051501,0.64482784088515,0.8088393111215946,0.8025654759935337,-0.8778662081250841,-0.8866904052955554,0.49782197412000095,-0.8772647829247139,-1.02178682521034,-0.8754953211317706,0.6612518225551407,-0.8635408232578969,-0.8712034661760493,-1.014398803825347,-1.018500995540428,-1.0271802584830176,-1.0260653564492197,-0.7305457352515337,-0.7268245089807361,0.6339612790840475,0.6434281899257837,-0.7304063133993229,-0.8823387735974033,0.6373214468576598,-0.8871298342515883,-1.0389073381871983,-0.7458922293639078,0.6537215591712747,-0.8957955898191984,-0.8898142681810012,0.80031535327185,0.6472211328944057,-0.8950463675028107,-0.8762279268999695,0.8020821192737444,-0.8911549113237951,-1.0343280555203513,-0.7353389063032931,-1.013263520848295,-1.0301444594051292,-0.8771385073454318,0.4857063382121138,-0.7289967653068806,-0.8837777480399579,-0.8937093540725609,0.7844566706325606,0.7857854501724695,-0.7654104726798037,-0.9189591960296145
-0.9072734405633138,0.794930973347854,-0.7416077511037433,-1.0326748905386924,-1.0171740836840208,-1.0071552596624633,-1.0142857953640974,-1.01214339477431,-0.8793900726367809,-0.8785658478205197,-0.8868868916215399,0.6285036486829197,0.8006395930527157,0.7956434940935917,-0.8805316320519233,-1.0276976532600712,-0.8778718549853103,-0.8802582718798065,-0.8816717898018068,-0.8916321915647857,-1.0232923728646584,-0.7314584540499091,-1.0163237436549664,-0.8864738343280374,-1.0234891324778408,-0.8734315961404073,-0.8691305978881918,0.4978146647397686,-0.8706800957197738,-0.8748444927351937,-0.8817065002887693,-0.8966691002687126,0.6368728395546872,0.7977406282530589,-0.7268596998769997,-0.8901036452607965,-1.0323134367733653,-1.045121431414752,-0.8770407953510094,-0.8865556241501339,-0.8912355388327532,0.6522204701062491,0.9524119271115279,-0.8867216113516627,-0.9054666129268244,0.6343052403500841,-0.5833424172568664,-1.0337189568975231,-0.891226233926127,0.6501858054275601,-0.8845382912454783,-0.7399302413714061,0.49432710965541904,-0.7313995883987634,-1.02051387181738,-1.0235123816651397,-0.7220585721527513,0.6525457219888484,-0.8888426735557293,-0.9055370353173232,0.7856916855396203,0.9244336158424862,-0.7710761338379791,-0.927919512465357
-0.912998870932431,0.9333479345863662,0.7837911155418087,-0.8936864748913481,-1.0254837762933764,-1.0146086242602623,-1.0093284402036946,-0.8802727895243736,-0.8709747644155765,0.6359175375817888,-0.8856460268087256,-0.8869083091262271,-0.8879604489143056,-0.8785417260694806,-1.0211257585557545,-1.0198241097558411,-1.016003023392339,-1.024589248106331,-0.8778449500222876,0.6514549890142346,-0.7345923521209258,0.48969420488398924,-0.733586877209381,0.6533437462153802,-0.8793150133104148,-1.029595132057488,-1.019633012549577,-0.8715144743653012,-0.8715311303479782,0.6430696987512524,0.7941220571872654,-0.7370321826955235,-0.7439919431698276,0.6380370058839285,-0.8911197660064343,-1.031052137059893,-0.8921061916978538,-1.035058107918453,-0.7401520190443093,0.47625510347896743,-0.8922964847521202,-0.7323320712418718,0.6500291403911378,-0.8975346145224472,-0.9023535228139845,-0.5915721984139213,0.6317390343495095,-0.9058045489736409,-1.033041414843263,-0.8788077437650677,-0.8871788270673711,0.6503951109352794,-0.571451149822451,0.49205090300024584,-0.8845818003358932,-1.0356444614821754,-0.8802556709325838,0.6453198028507142,-0.8959451005742995,-1.0436083710331305,-0.5942171627471943,0.9270902764662753,0.7615818171262944,0.9224656071553683
-0.921057838756306,0.9295978925532974,0.9346750341903458,-0.7492002474522701,-1.0319762913165527,-1.01618636737767,-0.8776725678629655,0.492736156271011,-0.567451107988249,0.6451610096877591,-0.8905895805810321,-0.8888849424902646,-1.0319291623086018,-1.0303524452341841,-1.016061956113904,-1.0080654163418945,-1.0118205620809368,-1.0183798615530186,-0.8755861605158862,0.6494469436870053,-0.8845922060757779,-0.737970750879517,-0.8852477544092904,0.6415553327565621,-0.7297464396436185,-1.0273578133510315,-1.0338222861216992,-1.016004554100095,-0.8788734640488208,-0.7313254994671795,0.7934138187836288,0.7848875122462793,-0.9001654780454954,-0.8966922424342126,-1.0380436352321294,-0.8969039096929755,0.6398156199208695,-0.7530058727500295,0.6277086309319231,-0.5901565406641439,-1.0432097636826871,-1.0472474031406664,-0.8840882842700084,-0.8944579181537206,0.6227621620881791,0.9420934440280475,0.9344872545662838,-0.8906083500136583,-1.0313391929077675,-0.8791135609089599,-0.8791247169092852,0.6357404100496477,-0.8768293644660483,-0.7309669389361196,-0.8795511758116454,-1.040342111801462,-0.8922960043417839,-0.7344379539840343,-1.0362801542033426,-0.906326305956033,0.6339978100747425,0.9296106197325248,-0.5971121138122586,0.7766650327888807
-0.9145333653957517,0.9356936664306811,1.077278288058175,0.6290664310508559,-0.8852893349593459,-0.8754303463927876,-1.0142063063223798,-0.731215264078071,0.6494939447391829,-0.7353543773187343,-0.8878386887630646,0.6485295889265409,-0.7290206607154618,-1.0195555551298299,-1.0262158184602848,-1.0150967858128128,-1.0196336348193549,-1.0262156112079759,-1.0234836962288842,-0.7332191991701407,-0.8864371415422283,0.6274006454488085,-0.8942185933794973,-0.7407177589171704,0.649184398696489,-0.7384698327568467,-1.0206214506687281,-0.8752702894804775,0.48960339759739974,-0.8910426947760134,-0.7340740931051604,0.7858873086018461,-0.8958974590264844,-0.8966573525450332,-0.9006543286378326,-0.8984616076300352,0.7733489143401622,-0.5981114102438031,0.9201029258324414,0.7825963472777403,-0.761013436017098,-1.0334378481847315,-0.894605730435069,-1.0352225650054911,-0.748454255648955,0.9379703996321245,0.7886643329339438,-0.8945554247570733,-0.8851222140084465,0.4886029760325649,-0.8847936543901141,-0.8807900040729414,-0.8917182056803638,0.6493054966903415,0.6480126695544391,-0.7320938987623126,0.7967196695124643,0.7968847180391303,-0.8931864525861628,-1.0362011299452936,-0.7402161543384115,0.6336393598335092,-0.8994757508958163,-0.9038195826145359
-0.9008302193235986,0.7861884939634052,0.7908128147427894,-0.7381343858786548,-0.8827987069695916,0.4956655395234949,-0.8779247689594911,-0.8746960689640152,0.646025407656801,-0.8860981707053676,-0.8847320629451884,0.8060341613811125,0.6621762133492386,-0.7294170234131803,-1.019766800918014,-0.8861044953675261,-0.8714099230494511,-0.8810361716057495,-0.8888569469645528,0.480168464060519,-0.5831868937531445,0.6381125132345369,-0.9088756992672516,-0.8867287657276227,0.9411036637684387,0.6488506455162767,-0.8937045228924068,-1.0193900091646653,-0.8755866673054563,-1.0230847961991867,-0.7366899563819457,0.648194268601803,-0.7446979031204537,0.6369712005645011,0.791214663692178,-0.5949648285937253,0.7693453011280259,0.7536402063703523,1.065500655220463,0.9230032714828325,0.634601392662513,-0.5789780396708607,0.4888079547255366,-0.896355128670743,-0.8992440464963518,0.7872855369751137,-0.7499225553838352,-1.0435305111195032,-1.029962060387303,-0.7251415197572648,-0.8758337517141893,-0.8913904110366561,-1.0359217763104598,-0.8810968947928564,-0.8856560259414642,-0.8913162262445534,0.794530984980144,0.7983040103036406,-0.7368292478082537,-1.0388689410977727,-1.0319913706070345,-0.8852103143651874,-0.8853425596123085,-1.02934635295883
-1.0386426493628758,-0.895588962340538,-0.8872207031938016,-0.8875940511954652,-1.0236165992264443,-0.8715898267757806,-1.024367417420988,-1.0207962364302674,-0.7185505910751535,-1.022873542950122,-1.0334607270626481,-0.870680681259105,-0.723451352241351,0.49492511680878,-0.7372844056884323,0.6576396767780078,0.9496797117684673,0.6505888642451857,-0.8845932563096826,-0.7411799079818897,0.637077323837624,-0.5887540542953754,-1.0445550980697997,-0.9136705607878453,0.6440606116052568,-0.5816568441358828,-0.8824005546004742,-1.035022384992994,-1.0178833306786703,-0.8776571627133731,0.4972608162451567,-0.7319845906682375,-1.0348602870598056,-0.7423158451829341,0.7835342045900371,0.6115324654600509,-0.6143342986827849,-0.7752343659899891,0.7597495309214379,-0.7569492603857849,-0.7594754040619268,0.4835591846776002,-0.731579925696596,-0.8832121208220932,-0.8915505501357808,0.7855489618919482,-0.8845230266153127,-0.8909562002019228,-0.8813539360450706,0.6520047037507672,0.800928274944447,0.6499284860106628,-0.8882886237055406,-0.8797463934805557,-1.036196177378077,-1.0415299677733827,-0.7411915812244365,-0.7389891807606143,0.4647208866075195,-0.8874056763796524,-0.8880522186255331,-0.8724426648393242,0.48716639523003863,-0.868768004459592
-0.8840727012425806,-1.0245152658432573,-0.8876010984986235,0.49157683021529935,-0.8688147908856122,-0.8650318129113154,-1.0163086800747259,-0.8780094637372539,0.5060008393472417,-0.8725343497734962,-1.0192747586643383,-1.0237128477358166,-1.0163536505080975,-0.8833885924042143,-1.0176677432227808,-0.5769013915225237,0.6568311582357004,-0.7377981986560239,-1.0349744694256608,-0.8942238666314924,0.7883751626582215,0.7933638061264844,-0.7512509224501661,-1.0378103161735606,-0.7542103270360953,0.6458497131121206,0.7921619139434257,-0.8798120633426365,-1.0238863895476507,-1.017186923982086,-0.8746551909390967,-1.0239382412217353,-1.039959075459632,-0.8966393125481187,-0.7509494432663039,-0.7614497911414464,0.6053956388449457,-0.60572708219065,0.7736781763455634,-0.9148664161088327,-1.0441054311858322,-0.739044565168485,-0.8783496961300294,0.4718650002743326,-0.7365973055576767,0.6482577729571284,-0.7385511251085871,0.4835073850494188,-0.8824429832275004,-0.8896667200300306,-0.8817215758614947,-0.7311011735230318,-0.8747382200521588,0.6470440568398923,-0.880116648694148,-0.8946763170382791,0.46888370035551585,-0.74632538567178,-0.7332221116928779,-0.7360648462226123,0.480078503903913,-0.7338035699565018,-0.8700411932490467,-1.0269303445085023
0.6579961819300437,-0.7259044340735576,-1.0132867265184442,-0.8718824146982048,-0.8667645577607794,0.49401130329372994,-0.8756742644300297,-1.0158635174856727,-0.8834002851704047,-1.0188849669132243,-1.0269698380452608,-1.0220595408365305,-1.024116344309317,-1.0111500058695462,-0.8827682519642408,0.49285066418588414,-0.7376787945670875,-1.0234296574309394,-1.0456151155999558,-1.0312502675819728,-0.5747182637434082,0.7920699592425445,0.6354146632179064,-0.9100002158354067,-1.0295279245467777,-0.5882527120352309,0.645204763575766,-0.8878823790598046,-0.8811435506201558,-1.0291921813101361,-1.0224144844567267,-1.0221765537580765,-0.7257359941417203,0.6372353857251907,0.6314713261773452,-0.592056444182284,0.7814282179805816,0.7804656081261216,0.7899973494742435,-0.9051149402841221,-0.8967731596121238,0.6424198280310198,-0.8893771851355576,-0.8884182591121192,-0.8808914586822559,-0.7387494420838105,-1.0293616236277014,-0.8861672171859144,-0.8813404059189116,-0.8834501675825905,-0.8932368812805677,0.48385432972317993,-0.7246572731138432,0.6566909858621762,-0.880699887582451,-0.8786134537223232,-0.5749470375195807,0.6406742837435416,0.7882576518872287,0.6423274403900326,-0.5840689618503376,0.47780142755898686,-0.7382071259278377,-1.0351415490545386
-0.7164939005271986,0.499202406799792,-0.8800854942954547,-1.0236014358251668,-1.0255714124418456,-0.877078012884951,-0.8760710627963084,-0.8937322179497958,-1.033907654649168,-0.9017791426043018,-0.8874203771248017,-0.8883458257311848,-1.0236923896321715,-1.0276962784195607,-1.0174154206558301,-0.8821404707251351,-1.0274626383366514,-0.8904717768154863,-1.0215804077006183,-0.8987779281262454,0.4688432649779543,-0.7393649087446859,-0.7446117970073749,-1.0318055770624466,-0.7555898250094706,0.4792329500060153,-0.7538300215089339,-0.8948467618952399,0.6321718413022636,-0.8802646348679978,-0.8810990219979321,-0.8770474660675791,0.48685565770479683,-0.7225895345462244,-0.5779649835438878,0.47210635184535915,-0.7510351502355405,-0.8893742235005587,-0.7438791723605254,-1.0371851115983068,-0.7376372558215415,0.8044983494386052,-0.8873283053863639,-0.8912725388342818,0.6399342895007504,0.6483353228960035,-0.8921262544301366,-0.8801465485482584,0.6537008399670576,0.8059576321184199,-0.8717755543252099,-0.8817352532924089,-1.0172188266265871,-0.87301257906774,-0.8740550681015387,0.6453411568388039,0.6537630615300954,-0.7369277047501263,-0.8864995473070376,-0.9003506759609734,-0.8921089423191635,-0.5857290929865058,0.6308389263216553,-0.9001483017337536
-1.022662950772006,-0.8802641214336517,-1.023250746152473,-1.0320210483818575,-0.8862564893048256,-0.7249076934030879,0.6393911745624962,0.6338379088865881,-0.5880429099535767,0.7860958336084,0.934749818215823,0.7979286018531251,-0.734343795250305,-1.0272546693686666,-1.0301955882965828,-0.8835240468730111,-0.8918876275282194,0.6420237936146502,-0.7364133580121133,-1.0324125239038084,-0.9011889376804455,-0.7447163133318535,0.6402397452216237,-0.7465007125049958,0.4835045248105327,-0.5871925121666612,-0.8931069947485315,-0.7549929565270852,0.7969147269539301,-0.5766329793366072,0.480387588123845,-0.8827201857507816,-0.875807635312378,-0.8901021838934183,0.48048374145202305,-0.7353718274417467,-1.0284829246373992,-0.8955900159398099,0.4906665472203874,-0.7397353224237373,0.6489592138830406,0.801972425597425,-0.891880959611405,-1.0403176501508018,-0.7287532744592791,-0.727065122463302,-1.036731136385679,-1.0309881690138913,-0.727854610650937,0.6602226139576471,-0.8769555871317759,-1.014448909628594,-1.0189039933442083,-1.014252186396385,-1.0169004200304252,-0.8669346336215421,-0.8758438040805769,-1.0285546821151372,-1.0316094533421514,-0.8945387798346605,0.6333679675278079,0.9432643235839854,0.7911002036153933,-0.7451524204096912
-1.0341611270539217,-1.0305267603601795,-0.8844130978814834,-0.7347209667028191,0.6308626699050498,0.6397565324008143,-0.7426890852978677,-0.7480502238144551,0.7816966906652577,0.9236170133020887,0.9313135089131134,0.9366117300219381,0.6316662267795723,-0.8878446911160882,-0.8888274286736726,0.6378880732690103,-0.5774694526438579,0.7883833355702637,0.639453581430296,-0.7411890934494306,-0.7433323559772808,0.6355182772022107,0.7841551687238706,-0.8829188581247372,-0.7430563534091627,0.650306613134381,0.7806896547897205,0.7932591109153929,0.9387654737599302,0.6443834714015224,-0.7471696480327663,-1.0208351629399919,-0.8943396368913167,-1.0327921663917907,-0.8879450248019719,-0.8767993488308691,-1.031866336830376,-1.019033625779476,-0.7251646930416271,-1.019325506084612,-0.8962717213496162,-0.8762317888306009,-0.8953719576738384,-0.8918158334282391,0.6381753847034931,0.636679240260191,-0.8793993395484596,-0.891047361499178,-1.0234604358395887,-0.8778608655809149,-1.0201115877843039,-1.014849437567217,-1.0057022681223,-1.0068356307114188,-1.0118817394448794,-1.0117227961382977,-1.0165039268648666,-1.0173304867473618,-0.8831568516291325,-1.0204783098881705,-0.7443890297932257,0.6440655377897087,-0.5786502346158839,0.6354218092355922
-0.8894179513428411,-0.893922140249817,0.7896357525815777,0.7879413395655802,-0.7356495592805028,-0.7498387463618615,-1.0471020408347023,-0.9074674876164359,0.7746245143550206,-0.7615342073388288,-0.9170485735933475,-0.7574782969380837,-0.8970945237295119,-0.903253394992054,-0.8880589144581609,0.7828409154198734,0.7880603422404612,-0.745251852644211,-0.7465870550749917,0.6293058573761913,0.639178552095718,-0.5915666815313937,-0.8905493488879684,-1.055366016809852,-1.0344151782365256,-0.7350255828031277,-0.8812919086389593,-0.8996548655936676,-0.8848290409681241,-0.7481575839834971,-1.020633794790948,-0.7435989048384283,0.48542862484908295,-0.7341164428851439,-0.7294577643089792,0.48685851968184285,-0.8776127257503796,-0.8774303369225538,0.5035920401375417,-0.8899357909128229,-1.0209247377615323,-0.7340456592981497,0.48400886890494543,-0.7361005514689868,-0.734771051357796,-0.8823636834021258,-0.7365306043668631,0.49086300054140186,-0.8851127066188793,-0.8722780352754739,-1.0181785122724192,-1.0107367425570293,-1.0106013668308567,-1.0087364758743596,-1.004245049261935,-1.0121580423946224,-1.0107643887226556,-0.8731503936356332,0.5069355260463283,-0.7349945907891582,-1.0215187375781372,-0.8957384317326857,-1.0261254291625697,-0.8814014886712394
0.7958489516378209,-0.7472063797150814,0.7868555591011177,0.7866533256696223,-0.5874004233707718,0.47395569913338115,-0.8993675038718034,-0.7368753143116155,0.794451741619716,-0.9032742663035837,-0.9118039511004297,0.6324898222890583,-0.5841955920046127,0.47564063930548245,-0.7478661228315538,-0.7306341035914541,0.7818304858795213,-0.9065957398988997,-1.0474271846118746,-0.8900869631611231,-0.5836832349354796,0.47093059338972715,-0.7528612634079017,-0.8923705836659622,-0.8933417974590737,0.48852803414937995,-0.8811809048115364,-1.026160237550311,-0.8903863940422682,0.4926261884493358,-0.7413491079420947,0.4913946597369285,-0.5670524033664985,0.8025190043535542,0.6454173677445039,-0.7301572704335081,-1.0337623863953675,-1.0192756632791284,-0.7259100256073332,-1.0169999992487866,-0.8878592326168991,0.49303188496179307,-0.5674824350855018,0.6465018360867324,0.6436385309929102,-0.7454305130057788,0.4916656694348164,-0.5637578493444333,-0.8731010045653412,0.4877268814008816,-0.8689930184809112,-0.8645626958247234,-1.0114130712553822,-1.0099483108494145,-0.8619880239103653,-1.0072321139645088,-1.0234992630904778,-1.0085739845097625,-0.5582000235388522,0.5005082896349485,-0.8837828540347634,-1.0192694268964397,-1.0228006914118977,-1.0120122045453157
0.7955106296224818,-0.8950606433501279,-0.7484263198499296,-0.7476745084331206,0.4672597414000398,-0.7408238423579627,-0.8799855185427393,0.6472867718762481,0.8069253539356556,-0.8899249997952521,-0.8919432242104381,0.7953723550203805,0.6475905326384863,-0.5763725879207967,0.48319188083160797,-0.7454278158297623,0.6352202409972363,-0.8976777490568335,-0.8961849474126516,-0.8941622509916037,0.47637315387533574,-0.5843009424267783,0.8005513547941636,0.7898688457958084,-0.8803212183096772,-0.886758245670525,-1.015109990799687,-1.0321019720545206,-1.0184299506597834,-0.7269193326171361,-1.0236590158578078,-0.8916815159845382,-0.8844276651134096,0.6412920429754284,-0.7293572375264465,-0.8851465022800274,-1.0320027402801077,-0.7340214574635063,0.4914748583014268,-0.8872169074323536,-0.8706471874967011,-0.8870966800125928,-1.0297577669226594,-0.8821253458075848,-0.7292366749313665,-1.0203085342999911,-0.7392703458186972,0.4887490925381249,-0.8803223860202348,-0.7185460397225576,-0.8675491407701413,0.4911891550733744,-0.8662635715318842,-0.8741833321258601,0.5045488637639651,-0.8747760715825278,-1.0111647270207733,-0.8858295105425906,0.49817213499691215,-0.719457289976073,-0.8650447132979625,-1.0127022175594746,-1.010638779298226,-1.0050599245459135
-0.8794551679380025,-0.8941608223999815,0.47290212185296077,-0.7363331616674719,-0.7443562163815645,-1.0273216479650453,-1.037919550555659,-0.876299403798088,-0.8724517725251247,-1.0355960694970845,-1.0338990510980743,-0.7253442222583113,-0.8937252021362443,-1.0276338276823902,-0.8938584558855279,-1.0276064081210088,-0.7377253600878338,-0.7337374526111297,0.6374115782374026,-0.8865948263908678,-0.8915937246490369,-0.8894015289618217,0.7906292451732744,0.8057618150593453,-0.7373388202363913,-1.0173704325848765,-0.8791348930631675,-1.0157484979569311,-0.8797912219917137,0.6545351184903904,-0.8789962259139763,-0.8822082391146924,-1.0272112696017917,-0.8840301434383349,-0.8830834741454754,0.47769946411009095,-0.7355204426908704,0.6486116090221309,-0.729706184462472,-0.8748481540668128,0.6500261205476497,-0.8772506772288079,-1.0308891377982068,-0.8814052787153385,0.4977620858228144,-0.8890181510208882,-1.0208051866517889,-0.8914299258562495,-0.8874552911892953,0.48371973804629276,-0.8874796690656701,-0.8692663212089901,-0.8853274638570932,-1.0212905649570445,-0.7281052379851332,-1.0154718969899406,-0.8886620824301659,-1.018186407282982,-0.8854204622325815,-0.8755445090505196,0.496012110277385,-0.8623011238125343,-1.003624354039399,-1.0060503400716232
-1.0268948399086577,-1.0229423208175812,-0.7341700154309542,0.638151933458423,0.6429754756798124,-0.7383135591772366,-1.0215356385308418,-1.0240474739535514,-1.0243350562125602,-1.0222205891692497,-0.8800007352296575,0.6531673511739198,-0.8813232685782446,-1.0306099982661352,-1.0228140485319859,-0.8858273487451591,0.6439741788082318,0.8000293973201218,0.7958135206976839,-0.8787582660341686,-0.8826953296971768,-1.0325005198403951,-0.8860670648591871,-0.7303841057579923,0.4913137304886102,-0.722398707560171,0.5056491163653278,-0.8773427193051586,-0.8749905722008254,0.6534683054163457,-0.7281631643428388,0.49063988867027397,-0.8773833436947176,-1.0302062891608483,-1.0270313573730911,-0.7283330511084379,-0.7289325738421127,0.6378486843721383,-0.8911640149057637,-0.8843707218433547,0.6530912535089628,-0.8748862174510709,-0.8818487809673116,-1.0187787487797795,-0.8793407381236236,-1.018706502677918,-0.8937028137893747,-0.8859026572928332,-0.8904635536577015,-0.7383700555133159,-1.0241221651537409,-0.7378817015963343,0.48716515621092427,-0.73952652357692,0.658411107164176,-0.7309520901917681,0.4911230712737584,-0.7287158022229848,-0.883380959578454,-1.02967914164396,-0.8798174811694123,-1.0141089450625234,-1.0176859438722203,-1.0129758673706566
-1.0266626520027065,-1.0392588010746373,-1.0335452718068554,-0.7449322155171336,-0.5754408517345281,0.4777584684130535,-0.8828233764192638,-1.0265182922887712,-1.015001568607731,-0.8779145575293464,-0.869827009046707,0.6512596133432521,-0.8697421816547041,-0.8771574938070602,-1.0193586345705603,-1.0349925426631534,-0.8878184083421753,-0.7376776560372117,-0.8847691597635746,-0.8909181610839109,0.4974680313166614,-0.8743665122390005,-1.0278222562689396,-1.0209318518632713,-0.8829081021940032,-1.0087133234287902,-0.8735828196850777,-1.017805188300138,-0.8782521143806818,-0.7295411864693521,-1.0304977100552737,-0.8804340532953158,-0.8820854746811312,-1.024140312996647,-0.8920798379721503,0.6447316427377238,0.6462229081696983,-0.574818405996128,-1.0308086619411954,-1.0422707095362673,-0.8777215548866643,-0.882965681096322,0.6541280620842036,-0.8817473618173242,-1.0234110432463532,-0.8837721324383836,0.6448480527571016,0.948608718219288,0.7948245164949221,0.6460402626093826,-0.7438148013991452,0.4887014495088303,-0.5725968148123287,-0.8784970785656812,0.6377535096617578,-0.8757216670254999,-0.7317401942513605,0.6523713934139141,0.6401676401629273,-0.7349877396965793,-0.8736333801043794,-1.0341187929497677,-1.0302324735803767,-0.8776342765213301
-0.8826700395023233,-0.8816061413842655,-0.7456485928398136,0.633267274948393,0.7903133468236762,-0.7313057438298685,-0.8836578513898179,-1.0178336107514365,-0.7281201719598573,0.49487370983334344,-0.8896332178400606,-0.8710450736589928,-0.8817205267467702,0.5002110918924862,-0.7237484174746908,-1.0229125655721898,-0.8960398385189106,0.6417695466245719,-0.7371643070836588,-1.022904506991409,-0.875146100686423,-1.015539015258343,-1.020548650269987,-0.8737865672424194,-1.0140089730682067,-1.0235342201885516,-1.0091755988608346,-0.870481458691283,0.656652253579435,0.6520516437800072,-0.883369326982122,-0.7334747580064923,0.48619743318930636,-0.7495456205264657,-1.0356245541222455,-0.8917817220725837,-0.7424476980777942,0.49101636929897263,-0.738603758468988,-1.0211446017884602,-0.8864938029776941,-0.8750552007198952,0.8072464492515746,-0.8764180642589703,-1.0295051021076216,-0.8824040491518632,-0.7303733061047588,0.7945333681433443,-0.7376921861345317,-0.8995524253510013,-1.028529104422116,-0.7394129016891386,0.651237616836255,-0.8866275455121494,-0.8840340728516182,-1.0334505811563486,-1.030104660536148,-0.7314263769323026,-0.7288554461920528,0.6460359262213453,0.7989227897518607,-0.8878318390296861,-0.8943417310400624,0.7898900946908842
0.8054300790545386,0.8008324859477581,0.6459292423652009,-0.5788951900355631,0.643179685085842,-0.737092634146382,0.4875280159439873,-0.7392616574928385,0.4966526544283107,-0.5705253531540274,-1.0235256846819905,-0.8888613099900823,-1.015881051978055,-0.7266375039621367,0.5043805709246748,-0.7332593002086889,-0.8810317195658348,0.8014093424187789,0.6496610909997167,-0.8870270671697591,-1.0196156244815866,-1.026767313572675,-0.8736504145790952,0.6662165998753907,-0.8644540930023095,-1.012408814122503,-1.013762408560224,-1.0127757350888749,-0.8724122134263259,-0.8737412603010621,-0.8952983730751429,0.4832186282848263,-0.4151654963053981,0.6413080072351788,-0.750999218743705,-0.90781389844483,-1.03227840257298,-0.7471654554876035,0.49829493276216236,-0.7320839643445429,0.49444819925704936,-0.7271851111920944,0.6557115279741599,-0.874362131098722,-0.8804456744172574,0.4871625538008332,-0.7365889475426535,0.6361854775127687,-0.8986592525395545,-1.0379232376885168,-0.8966731966941117,-0.8733315317757621,0.640682691009543,-0.8828649734205871,-1.016284094272888,-0.875568708688111,-0.8801798517297882,0.48441782796225,-0.8902692603248282,-0.7400795387037378,0.6445396722838893,-0.8998320230401305,-0.7556631218873897,0.933673420853032
-0.8886582681940381,-0.8879813861808199,-0.8964565937069996,-1.0274600519674064,-0.9005995485996938,-1.026099156161306,-0.7353491827262226,-1.0255691564010738,-0.7397238943674764,0.6591948402561705,-0.7294878836135128,0.49656461067127683,-0.8804480337746909,-1.0137318869327865,-0.7250519126256538,0.4803964561820792,-0.8856073190601078,-0.7281179576335906,-0.8822762624392666,-1.0272804370116926,-0.8825025274176482,-0.8757087641665807,-0.8779348397621964,0.6601430666392838,-0.8632818445742989,-1.0096922311634753,-1.0080329106792218,-1.0168897559198775,-1.020309980867236,-0.8881035677934798,-1.0298753382424435,-0.7545559095911778,0.6413009898142633,0.9368540952829597,0.9373395655228256,0.6387768324488273,-0.7589681995866652,-1.0255269314971245,-0.7449814224117668,-1.0208335671127964,-0.893428232731282,-1.024730175685797,-0.87722421911189,-0.878155736583451,-1.016207374392806,-0.8905813300065705,-1.0282237760503794,-0.7435648175308214,-0.891576509757621,-0.8969662497682582,0.47744327593450225,-0.741034661537887,-0.8750711522804439,-1.0282648470602462,-0.8755595725175671,0.4981330083477209,-0.8641664619658305,-0.7232687991785054,-1.039109046222772,-1.039741749626096,-0.7431155579041626,-0.9033142676971817,0.6179743611352837,1.0784742775805127
-0.8841984709259929,-1.0384910787700412,-1.0274513340048785,-0.8933411352233244,-1.0231462046161304,-0.8864217523654715,0.6514483112934473,-0.888380606154242,-0.8862296802470934,0.6437100164240054,-0.8701333219031965,-0.8703189904763747,-1.01474039577743,-1.0252889392148714,-0.8755794601600829,-0.8741058907971083,-0.7309022522444175,0.4898219991288943,-0.8812036861791261,-0.88103319940108,0.6586586651857643,0.8071050176333602,-0.8757920976609372,-0.8742638493859228,-1.0138097328198532,-1.01265838284464,-1.0087852470351248,-1.0138977918912362,-0.8777212449645229,0.6556452181085161,-0.7485261023035839,-1.0375838443717602,-0.9105837236634827,-0.7532364613386291,0.6371254714845114,-0.41951434035403895,0.47958935649601364,-0.7516565882471058,0.646661276227463,-0.740329629518579,-1.0343344326550516,-1.0366332469697759,-0.8813538871439505,0.49203132380791254,-0.8858113832638879,-1.0217655270805752,-0.746409206365542,0.6330320834101346,0.6155740592515561,-0.7338571818408259,-0.5901129913449594,0.47769377510821426,-0.7471490457551235,-1.024366707125272,-1.0231537528843178,-0.8722219706107815,-0.8726392897573442,0.4811898189410435,-0.8860701480156642,-0.747388326290662,0.6412908085411938,-0.9003716003631762,-0.7503261807484215,0.7897514863219579
0.6524467422097077,-0.8796206588958173,-0.7329716952503076,0.48262662276809165,-0.8916979145065854,-0.8850816469695725,0.6526548317886214,-0.7305477502169192,-1.035851591635458,-0.8865872034558563,-1.027039570541567,-1.0212899042901853,-1.0141932647555334,-0.874907606762059,0.49167301515050926,-0.7293040489670755,0.4932742040270677,-0.7211038555067286,-1.019152100191374,-1.0267822985863748,-0.7208842721795109,0.6494942442854711,-0.8821367746130079,-1.0241165936889738,-1.0215550395977384,-1.012145403736772,-1.0156164757276203,-1.0261869112085384,-0.8716644043927098,0.9504190830352607,0.6491704761136272,-0.7472625758781346,-0.8978347609347698,-1.0397155619200504,-0.7618158840642695,0.4832388197894108,-0.7562308032666487,-0.8890439444564923,0.7840607202178166,0.7953563102392123,-0.8932349749830285,-0.892423880801513,-0.8749536965445863,-0.7277947873643508,-1.0259060953103851,-0.9017449175537104,0.6356646391698098,-0.5985552450444732,-0.7536035178347364,0.762077345036765,0.6320837507843696,-0.43251578701926496,0.48376887465286916,-0.7378559891114775,-1.0255139229867785,-1.0284917040969037,-0.8812108972594173,-0.8809565843102835,-0.7489138583354201,0.6434363142427968,0.9385348932060591,-0.8880646382193369,-1.037749129256928,-0.8893425922052257
-0.8833955837995492,-0.8886746245931666,0.632364625431479,-0.5782418614152526,-0.8961311111589576,-1.0432078393080932,-0.7303956303400889,0.6484688499588845,-0.8894953084218165,-0.8848623125074299,-0.8784655658405484,-1.022514982899558,-1.026490973552939,-1.0185331442122372,-0.724224576351111,-0.8764761556798966,-0.8832876159788319,-1.0145215586334462,-1.0236777377151842,-1.02061499070741,-0.8787649144087384,-0.8799361886114472,-0.8835090589852979,-1.0308773661589556,-1.0230744294260015,-0.8709962995651802,-0.8695967899069058,-1.0307580941152716,-0.8955286988412524,0.6545049739920987,-0.5826916264553866,0.6419805657233904,0.6461303221322352,-0.7446789262663734,-1.0237073485579509,-0.7551615029401066,-1.0340264907682974,-0.9222955766507204,-0.7501823485027056,0.7834618249139952,-0.7445227251897673,0.6381501505498154,0.8027593684542865,0.6458739788942448,-0.8921732674384799,-0.8898158795937846,0.9329126608108046,0.7787869276603772,-0.6111864968809959,0.6132716560270589,-0.6083380856581676,0.6385335807757796,-0.5972944151539312,0.48015559225899085,-0.8938608073299523,-0.8815271861947046,0.6436739081803813,-0.7430329060373237,0.46837550967578495,-0.4280762628687013,0.6458673150755819,-0.8904746922913679,-1.0259764008774495,-1.0204557344735494
-1.0345916758543914,-0.7416798716303119,0.7917775137870497,0.9422008517870646,0.7906684728971227,-0.894534190153735,-0.8825318416350048,0.6495927747486663,-0.7337086735352643,0.6511263835075064,0.8055807825738165,-0.8717946376186039,-1.0243999982794725,-0.8770602831674696,0.8125564966439113,0.6515729376408608,-0.8742909142146549,-1.0169423664396338,-1.0095229199285145,-0.8689935078693385,0.48850718071047194,-0.7224375549947941,0.6408494663622226,-0.8816564240972681,-0.8863572344795099,0.6524469095868745,0.8072383322141986,-0.8822152070325139,-1.0312106290317467,-0.7400277438399773,-1.0314186936818726,-0.8901884331384556,-0.7366687917031278,0.4848345207651879,-0.747665832354,0.48347237329827625,-0.5899999771244766,0.6258417746833546,-0.597835025253231,0.779541563153707,-0.9024341819811073,-0.8911949535005012,-0.7289945430267282,-0.8774803962362029,-0.8891428137617892,-0.8923142234312391,0.7905696521232867,0.9264979675319555,0.7799168970152787,-0.7651639861588662,-0.899402527952857,0.7698562782553682,-0.8919322052499818,-0.7501550550447363,-0.8887116603600417,-0.736917340290874,0.6387194620344514,-0.8876098692371958,-0.5909727650902626,0.6423190313420714,-0.7432697478815984,-1.02525423142643,-1.0215929883009862,-1.013382270223187
-0.8883943465894789,0.4673010415358957,-0.5841010642856853,0.7904039163241504,0.7980600445233328,-0.8855271633134485,-1.0277253196176377,-0.8843325405715874,-1.0228178571374205,-0.5716330469595001,0.661264708363776,-0.8817139608495564,-1.0267255861656572,-0.8757267694267007,0.6561851095393715,-0.720172835330866,-1.015392118886262,-1.016858280944885,-1.0169340679362737,-1.011913855551112,-0.8768191381117753,-0.7279358439578251,0.6479412610456864,-0.7367902161375777,-0.8865373845994791,-0.7363659947078209,0.6537128892133103,-0.7253108784074037,-0.8791262465514158,0.4896492438665972,-0.8827181555656584,-0.8896501059603441,-1.0301165200712858,-0.7426701689303576,-0.8845112610053248,-0.7466584596800436,0.6375101254857989,0.9301341599963554,0.7821473533018556,0.7783765409893891,-0.8906915233958461,-0.8917462036970636,0.48809337170921996,-0.7229679882341339,0.49208912151993295,-0.887069436066923,-0.8949250482921554,-0.7397509994742218,0.7828693170926526,-0.9003287950823985,-0.9061009959038882,0.6289840932153405,-0.7427113959429138,0.791547610432844,0.7914367964131078,0.6417718731716567,-0.7305117545950727,-0.8911951967047774,0.6464467094485169,0.796146308492738,-0.8773630820190433,-1.0294835617770208,-1.0164059052119898,-0.8630213557381993
-0.8897266245979437,-0.8967750193743901,-0.9022599671982972,-0.9004848561722267,-0.8895074302047354,-1.0295769964200416,-1.0222949788919962,-1.018277485527227,-0.8877278694376871,0.49583103997125055,-0.7256837192313573,-1.023111502439548,-1.0240127496542706,-0.874542958753145,-0.8748720104966262,-1.0231630860465368,-1.0249633541710745,-1.011951329684438,-1.0112426201364513,-0.8690857478240702,-0.8737907981256764,0.4831907003941559,-0.5696960984994471,0.6459970024713539,0.6365251258158608,-0.8856945202847477,-0.729693183164037,0.4931885305971391,-0.8710402401494461,-0.8672360308493676,-0.8741785829149541,0.48945880037669987,-0.7363685197141042,0.8006086078411101,0.6365148016914263,-0.9008851227917624,-0.9032355931144894,-0.7455250585976093,-0.7540588699072484,-0.8962848416173512,-0.8954060009774395,-1.023964935765811,-0.8810410261380095,-1.0169698763673498,-0.876245132633961,-1.01977915252738,-1.0430892825605715,-0.8907368184078159,0.6318816181811898,-0.8943478793158782,-0.9003806470906277,-0.8916825830235582,-0.7458596788979185,0.6368955560695932,-0.7334027844006917,-0.8943389920561791,-1.0276343114632125,-1.035348258476437,-0.8843894388290133,-0.874159111381509,-1.0353487580989162,-1.0243418622000537,-0.8720682779482228,0.6606239753953731
0.6376683291720785,-0.5732731801624605,0.6356464762847126,-0.8974843074423301,-1.0357433186651517,-1.0227983283495605,-0.8737404444679664,-1.0214023273488648,-1.0217461095127587,-0.8821091242856746,-1.0257112471374368,-1.0273721994193565,-0.87991615983913,0.48695613259495607,-0.8829564946712192,-1.0301006103187729,-1.018910644299212,-0.8641936262137033,-0.8613117009122714,0.49720359883817816,-0.8733865123856797,-0.8811841693258858,-1.0318393805700319,-0.8846807108087974,-0.7282955918260339,-1.0286522048493751,-1.0280108136225523,-0.8724857704510361,-1.0125662292241866,-1.0223433746034816,-1.0148934898637572,-0.7238540334990123,-0.881793183883952,0.6442270916083217,-0.5754064044919526,-1.0377560765714098,-0.9029040840300532,0.6305625668384058,0.7902920980043536,-0.7359861423037106,0.47941313703459115,-0.8802306759588635,-0.8711175725359617,-1.0302096678371622,-1.0160378464631028,-0.8815291084036908,-1.0210463392871754,-0.8952089610396262,-0.8803901552530573,-0.7380794059823329,0.6378870136047776,-0.7387265817634316,0.4680168813162568,-0.7341742876757545,-0.8857334629997309,-1.0232106287759395,-0.8809654947351772,-1.0234443461158436,-1.0273056941396719,-0.8830735615698997,-1.0274696794913531,-0.8813968982231571,-0.8742057633104253,-0.8782682823431587
-0.7348293115487333,0.6421102613228903,0.7973299885414855,-0.886347634748148,-0.8802046040580856,-0.7205198592382792,0.49454332365168113,-0.881810689831107,-0.8750696056714916,-0.8823062667550254,-1.0297009203790781,-0.886979175864433,-0.875172043245363,-0.7329305991155475,-0.8851791302786204,-0.8848599599009059,-0.8836536695775357,0.496272471295291,-0.8705764675940766,-0.8757741395073468,-1.0133048756229155,-0.8820906625445789,-1.0329196495831086,-0.8879923237256278,0.49376570356330235,-0.7240518175616439,-1.0151937478728987,-1.0139333212514852,-1.0158508262075407,-1.0146248508857707,-0.869134492016144,0.4925380095197505,-0.8850642645334554,-0.7308366609716468,0.4728520676027718,-0.8978995296787594,-0.8899655108457853,-0.744321842000767,0.631847888767594,-0.8939555496620291,-0.8901602022349805,-0.8840706682941716,0.6524191834991906,-0.8756035814989707,-0.8796604052046287,0.5047746501471995,-0.5609929591310636,0.49529470589774277,-0.7362746434682337,0.6449841772345188,0.8019975766880827,-0.7292628224785277,-0.8906511082480932,-0.8821999905162098,0.48309852647846907,-0.7202278490287665,0.5029226571702968,-0.8799090734326386,-0.8756610148098051,0.6470243773202298,-0.7275248510300922,0.648274508970936,0.6511001561470319,-0.886371928924115
-1.0346919079120596,-0.8830618255606795,-0.7233065197352208,-0.8818234603416029,0.6426766636037315,0.6577837277043744,-0.7268409248447342,-0.8717986755813321,0.8053352349158834,0.6573125008740553,-0.7291026353954018,0.6556467585373974,0.8027989156323284,0.8034616503432565,0.7989667988649021,0.7953609830664246,-0.8732714024716489,-0.7272047238952585,-1.0228764545107787,-1.0197849396921292,-0.7251561507245358,0.4901662496720993,-0.8881156012627871,-0.8802904898100199,-0.7275269477095723,0.5007034975176958,-0.8721839604416053,-1.015389207092046,-1.0146593304848035,-1.015522844459403,-0.8648132680135423,-0.8721692536568179,-1.0276460997838608,-0.8889055125076851,-0.8848140328867601,-0.7403881359968336,0.6286226805022938,-0.8979033736370277,-0.7461883677395041,-0.8986292408963651,-0.90222159059984,-0.8851491182551998,0.7997100532002202,-0.8767014834173507,-1.021787582152601,-0.7247848969771482,0.5073633133026079,-0.7273237084510282,-1.0220776004774712,-0.8875984794814118,-0.7256028920889032,0.46468217884357604,-0.8903379649960189,-0.8865886263944827,-0.88773464503552,-1.0180537977416766,-0.8932202988606797,-1.0271394582133986,-0.7430735525621858,0.6334358464545045,-0.9029613149322089,-0.8864736236998189,-0.7376078531026371,-1.0376523818232115
-1.0179540660156066,-0.8733284052382282,0.4884709324844855,-0.8793781079597218,-0.8823468997569727,-0.8834076026129335,-1.0281959948614687,-0.8923633527317979,0.659765794379743,-0.7243750379148785,-1.021406560435663,-0.8814105712212985,-0.8778517880188017,-0.8862233068447102,-0.7373357197103155,0.6492473899404918,-0.7426097765054587,0.4932081755020506,-0.8852769846150387,-0.8775001265957278,0.4860835776135477,-0.7255691595664291,-0.7350595442079607,0.6371174745863474,-0.8861893085813894,-0.8884802674362267,-1.0207601825169126,-1.0260775563831361,-0.8676820754201512,-0.8710409695241342,0.49201939465686595,-0.8666623682722578,-0.8864994563488124,0.48795613236597013,-0.5780554943721132,0.6467100760614317,0.7846978986814508,-0.7409534268529668,0.7934737621846317,0.7897004170680026,0.6392835473418462,-0.5763450258872501,0.6573923237556478,-0.8854063351424405,-1.0341245705684947,-1.0142075259499481,-0.8804294865556707,-1.0110966680103062,-1.0293542221356977,-1.023357456527988,-0.8869386814340563,-0.8846531040744475,-0.7443193572789111,0.6373636549974393,-0.886982424431185,-0.9014976711690896,-1.0297447648290916,-0.7582329749631511,0.6269537299808855,-0.5979767306351599,-0.9006837268231399,-0.7587533290757972,0.4755444012279388,-0.739211560806629
-1.0123609139051644,-1.0139164127672917,-0.8684168985413738,-0.8783679557824264,-1.0256021295950934,-0.8815803456733691,-0.8838589748729083,-1.0235302665873112,-0.8787530151698878,-1.0148168629764653,-1.0250204556777427,-1.016028683245307,-1.021265201629416,-1.0320258213587736,-1.0235103284120803,-0.7365939307057942,-1.0190672973818735,-0.7390101104710501,-1.0184210681532657,-0.8841759112423971,-0.8759073734079956,-0.7376558167387138,0.6431038058129088,0.9387461152013694,-0.8942929397084594,-1.0410323654956097,-0.8966778240255133,-0.8794542037079321,0.6432334459574341,-0.873484442980467,-0.8723440387622207,-0.8793552396098173,-1.0164691243513544,-0.7416530479145216,0.49067413742425253,-0.5810604310438297,-0.8863139037536392,-0.8998652416137595,0.6272195129410222,-0.7300780513873311,-0.741450469173647,0.4852595426501825,-0.7325243096166124,-1.0303677563041163,-1.0249849951379606,-0.8798958800676128,-1.0153763453373847,-1.0212644881087554,-1.011179150400486,-0.873752839192704,0.49440427762927963,-0.5772599060107874,0.6445870325953249,0.9366749555046274,-0.7360831729045648,0.4694982679360695,-0.5858009135756336,0.79135311532851,0.9241087204408895,0.7772615471051146,0.9242209579621038,0.634902354342128,-0.5911098582628757,0.6386872715256031
-1.0143966602538839,-1.0161632208437996,-0.8725095597016592,0.4870551339200518,-0.7231233335302879,0.6528639723704182,0.6550351335567884,-0.873138167440837,-1.0184337816713198,-1.0180138229936042,-1.0118492215343762,-1.0061680519331124,-1.013590342439274,-1.010874577399666,-0.8724507943274267,0.5022647800124133,-0.7367017588151478,0.4945081421068458,-0.7327556464089072,0.4915275916502683,-0.7273333334954456,0.48591809013518633,-0.5828954626653563,0.6462288546552566,-0.7477607105097521,-0.7447624166032571,0.6387851117019123,-0.580329030000433,0.641852467139362,-0.8836240738684052,-0.8827392860717135,0.4972106799044699,-0.7279178782238916,-1.0125294559999793,-0.7390906372168895,0.4892962057328742,-0.8868369176024733,-0.8900767652307559,-0.8872898850560099,-0.8945954656498293,-1.0316824534488749,-0.8944936729091324,-1.0265495422278046,-1.0329413302409745,-0.7282894870595731,0.6609721615874725,-0.8769871984374205,-1.022039591338344,-1.0151596365559168,-1.0133741899324566,-0.7262776740678611,0.48922598168132936,-0.5945461287985121,0.6412505450859646,-0.7483618118834235,-0.7411486520321557,0.633679035062472,0.7848681335364828,-0.592531350421153,-0.7562533652258548,0.7837482535180021,-0.7581106213824541,-1.0404946554641719,-0.7484245094354712
-1.0195133446533882,-0.8728278919092854,-0.8735730966504952,-0.8813628324567144,-0.8870045110681103,-0.880189517195146,-0.8784237068794383,-0.8767863934103385,-1.0152477160125921,-1.0231644116261551,-1.0065726787043745,-0.8599774470879098,-1.0032324705964826,-1.0135286119292652,-1.008067118928432,-0.8795605185456781,-1.022455273236007,-0.7344790257160333,-0.8768395882151139,-0.8837459940541867,-1.0172566671078458,-0.8860991281062258,-1.0226784319825937,-0.7449999370397642,0.6395583522237922,0.7901131703628056,0.9338398529173977,0.6338502626549608,-0.7394750997200467,-0.8911787729772824,-1.0204111982542838,-0.7218909790279525,0.5046240628506747,-0.8873187560456397,-1.0123285444029286,-0.879367720899824,-0.8747150092015606,0.47966373292725845,-0.7260529908449557,0.6416720235028385,-0.8868458182297306,-1.0228538254829538,-0.8796394329553536,-0.728894189309211,0.6534009209515868,0.800846263233689,-0.8814654089581011,-1.0229883538442035,-0.877029437909873,-1.0226887299063032,-1.0162288248125009,-0.8996489654095049,-1.030382583094986,-0.5917151540202835,0.46804102603308206,-0.9010898116136348,-0.8895527830009846,-0.7394666603550917,0.4613596871865476,-0.7507547069129801,0.6295240033124501,-0.8866070889289749,-0.7470943749289923,0.6400130730099961
-0.8754438510574184,0.6524902113218489,0.6493013010013148,-0.7321335368038187,0.47844527243393686,-0.7375307694695742,-0.8799339347086997,0.4947347093999297,-0.7173161810419857,-1.0113165022782227,-0.8695684036885493,0.5051867073197365,-0.8616239792555364,-1.0067463060370114,-1.019763656740038,-1.0196268208025008,-0.8923621525944797,0.8070851934384959,0.6426628975310721,-0.8781546704484925,-1.0202753011085,-1.0123713200330005,-1.0320880588618098,-1.0228501900665994,-0.743106240087762,-0.8980571981252365,-0.9015173007224363,-0.7526718196425557,-0.7331073760635285,0.48262062800374794,-0.8898654316042619,-1.0117378370835761,-0.8827613252267185,-1.0125068375739197,-0.8788791185497241,-1.01827138982436,-1.0331083941742663,-0.8849968188483892,-0.7370326105968881,0.6428045497481644,-0.8843500785063283,-0.8769896309932202,0.6547740296049667,0.6538158639004724,-0.7343051795207329,-0.8812336727325315,-0.8877775377211555,-0.7292341363621292,0.48556214300333395,-0.8751259337291989,-0.8758779736828801,-1.021305008164492,-0.9014345056310696,0.6470746405387134,-0.5862812709337827,-1.0359423360414557,-1.045815315110436,-1.0395541171691145,-0.893608346082235,-0.8892242224929373,-0.8889109915868021,-0.8956453408030036,0.47893540221636144,-0.7371730393227016
-0.8791475233828595,-0.8802746865475474,-0.8870208801359059,-0.8797693590167069,-0.5799450477699862,0.4807650663069803,-0.8901758315685318,-0.7198138855299148,0.5029265153891599,-0.8739161830366008,-0.8696216164069767,-0.867109555957831,-1.0191126278457678,-1.0197475237919436,-1.0149372951641986,-0.8815577998565691,-0.8851701334570178,0.7990595720696846,-0.730387209431881,-1.0224840815276817,-1.0204168971774146,-1.0106176986318431,-1.0138180976469775,-0.8802779468327533,0.4814975267747426,-0.7397696285795349,-0.7414128786505951,0.6358212001851993,0.6452751120301234,-0.7263304792661224,-1.0167711458695545,-0.8847547130232103,-1.02511775177389,-0.8863360176263549,0.4916746575630204,-0.8842150887324584,-1.0354707556752907,-0.7401004803473756,0.6355602369245992,-0.5803013050579443,-1.0307620137506002,-1.0292915383749999,-0.8730234581102047,-0.8757483896957851,-1.0317855932933861,-0.8918675968982538,0.6449132095055425,0.8027575468525058,-0.729863086473756,-0.8858976399552012,0.47924854286727764,-0.8812043118381907,-0.8887392932360605,0.7869105747717705,0.6416864237994631,-0.7459324043660189,-0.8890803896325713,-1.034279239208464,-0.7354628966616065,0.6450350838891348,-0.895740476865332,-1.0319608750815736,-0.7388812820678844,-0.8898926226381267
0.6558451448178246,-0.8776863958673461,-0.8818489731187169,0.6333672387343501,0.6503129684657424,-0.5814087933550312,-1.0334858252122623,-1.0311252102896182,-0.8745887375313841,-0.873882158547994,0.48829462978621874,-0.7243214768624279,-1.024589024381376,-1.0305700853810824,-0.8745838879998574,0.6478345756206702,-0.7339580603247858,0.6271098238947268,-0.8803802837156534,-0.8833427675232612,-1.0104248271257037,-1.0150422456397485,-1.014309833888562,-0.8737063776295347,-0.7232435307901847,0.6382892221003033,0.6431408727759118,-0.7264543666128254,-0.8808348966441222,-1.0223198750593498,-0.8794952281103189,0.6472839850258043,-0.8899121742926349,-0.889953680388895,-0.7325378387732329,-0.8846096643701731,-0.8916801287666781,0.795671316273672,0.9387050373438618,0.6454440056130119,-0.8934582104496552,-1.0250178558144662,-1.014696608178218,-0.8762108472060277,-1.0259555294987104,-1.0343049423809976,-0.7358564399715221,0.638585108604057,-0.7459573905703681,-0.9042021086109279,-0.8943690541680164,-0.8992524260970655,-1.0468864954333932,-0.7420006939728298,-0.5851749536448714,0.6355437097711942,0.6429932312663017,-0.7420112820764446,0.653732451048412,0.9536004653952658,-0.8777801601623564,-0.8975846114319822,0.6509245187379911,0.7940607485686455
-0.8740999811002738,-1.026830707487391,-1.0308405536396217,-0.8855035378112036,-0.735657856012325,0.651602216047991,-0.7370974926642403,-1.0301384278567394,-1.0274615579649253,-1.0334884954744787,-0.7280782474771766,0.6518638386212985,-0.7381659734191246,-1.031899047985305,-0.8951238461043928,0.6414744702711838,-0.7486764735844232,-0.8840524882117592,-0.7412797413126394,0.49583952560350825,-0.872823464259173,-1.0125297030208111,-0.8807413467281353,0.4890796103033389,-0.7363387646047019,-0.8781626694792785,-0.8903312560095804,-1.0289683423251001,-1.0259381580203446,-1.031145357139138,-0.8801027255488499,0.6510793957966015,-0.5758899276155423,0.792650409477515,0.7984181009807252,0.6395128984319348,-0.7371890133992696,0.6323172575550573,-0.7299125029633038,-0.7478472758097746,-1.0226676325473243,-1.026785252405564,-0.8746291408375696,0.5066890155023617,-0.7240953272052347,-1.0323154017655052,-1.0430749061387554,-0.7506036549115475,0.785783775738166,0.78478427133092,-0.5849487559139955,0.6276490468019648,-0.7545609448239394,0.616683025615262,0.6234404715206261,-0.7400308827706447,-0.7323474529483289,-1.0257051099284908,-0.7384116509936977,0.658869582213911,-0.8917973829391956,-1.029724771561817,-0.7327509809190011,-0.8899475818322478
-1.026536899392938,-0.8750533661583475,-0.8762756612759763,-1.0277023730219212,-0.8834344635635827,0.8043462073257359,0.6567391752976103,-0.8750040282933775,-0.8855118355454341,-1.0290430227639515,-0.7370103207400854,0.796356102149589,0.643186614144175,-0.7458737702560114,-0.8874866897001156,-0.5883033699926631,0.4742540238337884,-0.5900916520887995,0.4867062656489427,-0.7311005849543368,-1.0236585137782261,-1.0410853250751828,-1.026794872818321,-0.5815687099150417,0.4842923706355013,-0.7380811823987767,-1.0247653412637583,-1.031694434271597,-0.8780925223294398,-1.0269373706709906,-1.0391006990160863,-0.7403639080490623,0.6325041018717287,0.7847770950351431,-0.7317735339045319,-0.8894065789896237,-1.0349470783989918,-0.8874054118149178,-0.7411190464433731,0.48740602472424244,-0.7323702596395265,-1.0225993946577288,-1.017488809948326,-0.7284875439256057,0.4960126107422347,-0.7405288191598712,-0.9001709678099121,-0.9019905988060943,0.782726538811487,0.9394044763727745,0.7877583661118258,0.7786561594576111,-0.7476885500742092,-0.7550100600874969,-0.7491277743270702,-0.8970725845932286,0.482448939826427,-0.884654272456328,-1.016430406588082,-0.8772718508376219,-1.021116523261473,-0.8802949286305389,0.6512399000546665,-0.8883961827203843
-0.8784896321588618,0.6570858966896865,0.6652423460524155,-0.8752345440454209,-1.0236714285909227,-0.8712520660910685,-0.8725684025585262,-0.8786528802442006,0.49174108159913393,-0.5764601943442889,0.47123178814083355,-0.7441774922678673,-0.7364677614504217,0.6299412594273712,0.7787300265627078,0.6385833278840454,-0.5999583071342103,0.4827889125904535,-0.7459315342043867,-0.8788290149086551,-0.890265068162368,-0.8886947780613387,-0.7503392536422414,0.6462878919228279,-0.5851062000898778,0.4879741413857884,-0.88875132234659,-0.8771258320799002,0.65176731528315,-0.7376821306059972,-1.0409273259656553,-0.905744198047816,-0.7517722449921831,-0.9001924246270242,-1.0504516215808513,-1.0352248044516656,-1.0353525512551367,-0.8889027775711783,0.48047554787806895,-0.5668362437997626,0.4892996806543278,-0.8828067666195024,-0.8836355642522082,-1.0271862075509572,-0.7486472915406961,0.6340839952183753,0.7841089729432643,-0.7512853766925783,-0.8972048966827109,-0.8980669010708195,-0.9006606465097802,-0.7403162469706195,0.7794533232310843,0.7869688873838933,0.7808218768309315,-0.8858858105219396,-0.8828594187358619,-1.011413241847093,-1.0175145612453116,-1.0107523579855515,-1.0184759045607275,-0.8730960714620951,0.6571700139136222,-0.8877319139520369
-0.878588506120387,-0.8712699257192329,-0.8695020520446328,-1.012311375336147,-1.0178457603448607,-1.0155076331379584,-1.0217018938702878,-1.0231741885772119,-0.7334665603063711,0.6479489801770041,-0.7568273421570291,-1.046046351692603,-0.9140044111337375,-0.9001766612927554,-0.7475122189044108,-0.7668000657952724,-1.0357704085622537,-0.7593002131173336,-0.8783759269987782,0.6322422030044627,0.8024959063033842,0.7969806915195236,0.8024540379921449,0.9389587977468766,-0.8775506008850107,-0.8952739635685352,-1.0259559494528754,-0.7293190893253858,0.7953514851033852,0.6391796830726552,-0.5913251893378687,0.6205167022753643,0.7798473481218475,-0.7554196356675607,-1.0478445989751706,-0.8923013911427563,-0.8843078650503553,-0.8856841891241445,-0.8954274206216815,-0.8869609854991882,-0.8920715525105476,-0.883251505777734,0.639954118448859,-0.8951030162578871,-0.9005484017601292,-0.585257198217171,0.9354822401155268,0.634025902431302,-0.8949381305340303,-1.0338307786942118,-1.0366535329046906,-0.8940855929289241,0.6398221290995041,-0.5891291443997134,0.6387038088247012,-0.7367049160707705,-1.0209923895959379,-1.0186072430975326,-1.0068985710168232,-1.0082807828066969,-1.0201761892165135,-1.0204921154647995,-0.7308543106637734,-1.045296217063938
0.6562595391198014,-0.8723297314646483,-1.013302245223008,-1.0112671129083581,-1.006275308019683,-1.0108116183742097,-1.0136494483388343,-1.0360711472913617,-0.8808573228941885,0.7822241082291037,-0.7412350129906798,-0.7598653878291896,0.45905052503034854,-0.5918917783420107,0.7823540417859514,0.6327072729015111,-0.5967905709789467,0.48654528665169594,-0.7444229462791121,-0.8866753141192443,-0.888040876371717,-0.8934162426897946,-0.737782588489074,0.6509885471967852,-0.8891972692852378,-1.0235098224730221,-0.8823252002617393,0.6447137801453519,-0.7370303122371255,-0.7492426679715786,0.6189718358947852,-0.5962570698150069,0.9278535943112202,0.7809045021530101,-0.7581817352224945,0.6314609860805388,0.7951103274134572,0.7944078845212955,-0.7377775484415855,0.4579834539385138,-0.7357462983979322,-0.7371092155374073,0.6472732969907239,-0.7390139274436031,0.6325441170055591,0.9355535348480285,0.7976994258657936,-0.7426381875097966,-1.031733568208323,-1.0292855144051956,-1.0302002315286216,-1.0253523081654006,-0.7382784888618446,-1.032546881260908,-0.7422779894883278,0.6541248869069972,-0.872927092181495,-1.0134210887514006,-1.0120405610721415,-1.0103824987197023,-1.0248148920343647,-0.8841723135320133,0.6319700749472149,-0.7513473209259857
-0.87291404191389,-1.0223694654605828,-1.0145546501578682,-1.004842712003996,-1.0066506052950652,-1.0035340091333982,-0.8687665631801983,-1.0172396655789095,-0.7401151167202419,0.7900023004247255,0.7790398869916504,0.7786407482285533,-0.5887060269338633,0.622079522111516,0.7908440990692571,-0.5878141602632951,0.4855377887334362,-0.5817654446526402,0.48268195952466897,-0.890516195929173,-0.8982237522541523,-1.0361385698901242,-1.0355897186807987,-0.8772637055845898,-1.017485006050798,-1.0224615068660041,-0.8711349694427604,0.6475407089051912,-0.8882296142183124,-0.7504860473041471,0.6200014539105788,-0.7651270904110365,0.7729756121480731,0.9242613217521445,-0.7508153816491597,-0.7564483508689693,-0.7447763122381613,0.622005836408832,-0.7433508540884831,-0.7399124315373248,0.7913280140002188,0.6424808581111787,-0.7381609639403113,-1.02726136782621,-0.7383585799764153,0.6466044534915789,-0.7431629923546438,-1.0391410379705768,-1.036441854621147,-0.8795331273421364,-0.87606677396827,-0.8793402602360748,0.4889685509607268,-0.8886604722756112,-0.8805382642303358,0.6560958314203361,-0.8657750904100467,-1.0185315050255086,-1.0147810075418067,-0.8734084408786388,-1.0240771528168435,-0.7447187285096287,0.7910816815578275,0.9260225026797725
-0.8797297949270948,-1.0215490735567838,-1.018466669034371,-1.0061136720410246,-1.0042683945798323,-0.862588543785909,0.511238251261893,-0.7234783816112362,0.47659498964816427,-0.7384246626376958,-0.6013547739821762,0.6255039287494104,-0.7587169469845413,-0.8961592747393747,-0.7442102535596334,-1.02761469709581,-0.9035243856022743,-1.0200899583898435,-0.7334388513739254,-0.7373091019269425,0.4781024201878368,-0.7403914354095744,-1.0274547280231994,-1.0200782076340111,-1.0192542485907066,-1.0187096670307456,-1.0207271471127826,-0.8834447557171106,-0.8963870802269204,0.4700489487360496,-0.5907240430262132,-0.9043490715969141,-0.7588132754577966,0.7819368794694461,0.7790995171938242,0.6246750382364675,-0.7482863005964192,-0.7397795035655498,0.6291904413951481,-0.7398000296708125,0.6396170305288704,-0.7321513764210958,-1.0278242328455907,-1.0359082200592733,-1.019251403613307,-0.8869492376648608,-1.0302502926192139,-1.0398170025283833,-0.7313588777356658,0.8110769517588734,0.6433725547076505,-0.8813774208980033,-0.8717956287575354,-0.8810473486826413,-1.0233801567069143,-0.8791470823588328,-1.0185729958990402,-1.024725614482427,-0.8695510557960776,0.6552521429039065,-0.7359413215286045,0.4746838014585923,-0.4268101514211439,0.7750192208688653
0.648154344592073,-0.7206712979441414,-1.014109739891996,-1.0158406156559179,-1.0176374646139414,-1.0088070868720453,-0.8770641229014503,-1.017150460153124,-0.8819577424125966,-0.7441146068702491,0.4748120421213052,-0.4253551666538754,0.4791808970076969,-0.7421959817470425,0.49325352904650915,-0.882083470409065,-1.014217929160614,-0.883046906576795,0.6464551500685319,0.646041872554286,-0.4119693413208709,0.6463725594795887,-0.885481318105216,-1.0291105450666158,-1.0166160647382543,-0.8667307530305999,-0.8786044569648866,-1.0293471654168436,-0.8864874107213232,-0.5775342852565845,0.6395216673122414,0.6190838439935971,-0.9055175244982178,-0.8945134989845798,-0.7361788558930314,-0.7389216671307743,0.46500714413524735,-0.7323392372788272,0.6379918432131955,-0.888536040684904,-0.8828559259183694,-0.8806181419953772,-1.0215172113591502,-1.0225971626897545,-1.0222806611225137,-1.018193648873557,-0.8820887201084917,-0.8912429202321117,0.6456562528537616,0.9555174820467373,-0.7270787262467716,-1.034305972660711,-0.8810419395267967,0.4874088217472924,-0.7276554421583806,-1.0206937931743885,-1.0333650242759624,-1.0184426597170162,-0.7319834160725072,0.6519524531725266,-0.8851323156550343,-0.7503395550943893,0.46811281333772753,-0.7632518451143064
-0.7282089572482986,0.6538723692888309,-0.875270908577063,-1.0242498727483922,-1.0171778095058115,-0.8841941394243682,-1.02258264937121,-1.0375079408697558,-0.8767759364998831,0.48863801614504865,-0.5800276669645382,0.49462379064697654,-0.743199694291689,-1.0130772272522959,-0.8778520476007433,-1.0097356376131894,-1.0203527075235623,-1.0181981976648162,-0.8733226627370987,-0.7379781614284676,0.6373361338428946,0.7969826167994439,-0.7321048488146927,-1.026129539732414,-0.8775816258488748,0.6558750417635519,0.6605205083778724,-0.7246084889413288,0.6440303217329872,0.6416981110912106,-0.7408440179410039,-0.7378737147645215,-1.0375496066950884,-0.9050221187155697,0.4728216063876826,-0.8934427566773554,-0.8916694997088953,-0.8867904615280741,-0.8829446294329558,-1.027338793529566,-0.886996123705676,0.4974713404929409,-0.7160046380873616,-1.0111180268068494,-1.0241775429573332,-0.8795930685353942,0.6447550975973254,-0.8855678328511505,-0.742731906309479,0.6493810223733022,-0.8866836687594547,-1.0293846734521337,-0.8774224624770416,-0.7227340839198859,0.6531364694023047,-0.8900344627415976,-1.0220048681167704,-0.7395734359535824,0.49322594029892525,-0.5804622287848257,-1.0378670486494195,-1.035459036745659,-0.7493421457121474,-0.8997085104792191
-0.8883265275958947,0.6517782765706179,-0.8826515629170166,-1.0229046701858655,-0.7288302286353784,0.6515793822224221,-0.7372423977827338,-1.029409793855974,-0.8767701827907839,-0.8762169933497729,-1.0184284156411276,-0.8915407464846202,-1.0113575772960586,-0.8796219411005174,-1.0100598715012927,-1.0220640262399654,-1.0146102272067126,-1.0203674531370621,-1.0293715714409724,-1.033000904604403,-0.8862037674060863,-0.567431713205515,0.48319873335404484,-0.8935528662335719,-0.8817090729139869,-0.87750119658083,-0.889790955087183,-1.028124979252573,-0.8799766795791925,-0.8969431717191325,-0.8930684918361516,0.6360035724731653,-0.7461002276546497,-1.0287030587999706,-0.7405785194129686,-0.8867558076212735,-0.7399894182858224,0.46832452680420006,-0.8788211805051247,-0.8815563005796265,-1.0168869440628732,-0.7212628466765041,0.4959819012951952,-0.8808319384068963,-1.0345087409161202,-0.8918864394491013,0.7988427493057446,-0.7447865356871405,-1.03210172315654,-0.8874207925491812,-1.0190498809477109,-0.8766335187098827,0.4883489485531613,-0.7213406939425964,0.7996414468080247,-0.8794480643477731,-0.9043759393567903,0.49388766496803643,-0.41486039244304534,0.49111843859018073,-0.9002327992949954,-0.8906044176208886,0.6370163919975569,0.7801120554868504
-1.0299632650497748,-0.7275632242268092,-1.0211593550211606,-0.899050135098169,0.6440684972339874,0.9525575757681154,0.8024723950586119,-0.7302476238849497,0.4937754435440984,-0.8690487902552474,-1.0265389342222875,-1.013873854722899,-0.8771802361618088,0.5020034940142191,-0.8695242287617443,-1.0182599228401905,-0.8726155848461054,-0.8691713884328361,-1.0287239949978144,-1.0256263409574702,-0.8855180099500858,0.4920827480975717,-0.736021656033499,-0.8771395478278691,0.6394236838877859,-0.7372046281953893,-1.0317773945171027,-1.0362028642502301,-0.8838749390582817,-1.0300470608614756,-0.7417886468260396,0.7930076563839437,0.6463589364977944,-0.743627469560533,0.6460091440366744,0.7888420365936644,0.7954547428950635,-0.7389319074621898,-0.8862699019860037,0.4814237352814404,-0.8793739236694907,-0.8726706232968461,-0.8793055120664524,-0.8834565842925296,-0.8935046967513709,-0.7456856222793752,0.9438071206239337,0.636543722238783,-0.8932726205825866,-1.02032678943321,-1.0207568059509486,-1.0188506766154677,-0.8743755617451558,-0.887650852766964,0.6447604822354441,-0.7416339033501848,-1.028228496569719,-0.5850657491024034,0.4960030286884913,-0.750134082581159,-1.0270531373518426,-0.8993438134800108,-0.7540745203541206,-0.762076917191948
-0.8798754231052796,0.49434186068873953,-0.7403669070074241,-1.0351884459668808,-0.8981692452738782,-0.5718143728231128,0.6411683452986001,-0.8821256293202463,-0.8743982113833583,-1.0160545867026258,-1.0179777287852163,-0.8734035053607999,-1.017094523810684,-0.8706810020414394,-0.8674228537955603,-0.8780435477247551,0.6552366789105107,0.8097429288059116,-0.8681697200750783,-0.8779261090256574,-1.0130672839711239,-0.8863674963602663,-1.0203421376202648,-0.7347791537595999,0.8018112312139475,0.6442643424425996,-0.7313532234893434,-0.8790368519767703,0.4885953378375596,-0.7311292675678875,0.64049008080971,-0.7280207555780287,-0.7413283781188902,-1.0303330276358198,-0.8967540660140864,-0.7348652059676476,0.7899708955385241,-0.7410419768241995,-0.8972380748747023,-0.8829114609370811,-0.882503354252331,0.47767623764144884,-0.7238914646917108,0.6436108881274895,0.7917422638065876,0.7933622880002986,0.9468487332511321,-0.7338255346793274,-1.0306719323279658,-1.0183850766116667,-0.8701605248655377,-1.0109915652087604,-0.8789142546611705,-1.026812519521556,-0.7309004630337504,0.6506166760401954,-0.7391231512858814,0.49239941297097795,-0.7396025022587669,-1.0158598457516255,-0.7393979701780504,0.6317179053601486,0.7727961859105023,0.9127943235422333
-1.0267947197444725,-0.7319115495311252,0.6567255434943852,-0.7417012426456868,-0.8919296305799481,0.4802095530587554,-0.7298548300995095,-1.0266728757274202,-1.0199876674221138,-1.0233998185713338,-0.8660476075036748,0.6656264993214623,-0.8716983341232502,-0.875831120678477,0.49050925192822986,-0.8843257365236218,-0.7230378794322007,0.6546280009256729,-0.7228003776815359,0.5023748725162925,-0.8725626124814536,-1.0157062656887839,-0.887645070811048,0.47925887537662515,-0.7366507145250781,-0.7309565912672492,0.6466207308170916,-0.8782764540841078,-0.883844772694619,-0.872627917281641,0.6396174157913541,-0.737064772057131,0.4881192448330547,-0.8909771682159936,-1.0295084407991417,-0.8874085460392822,0.8003209695209559,0.7942636559218421,0.6392535472808932,-0.7303644530322763,-0.8816686266452446,-0.882922498771976,-0.887297684283863,-0.887633775455387,-0.8942264063153034,-0.7422670348484443,0.642152432429914,-0.8859005889950451,-1.0261437840781262,-0.8674710502589098,0.5062823926522281,-0.7145866671572956,0.5035377271449938,-0.8806222397864101,-0.8756794553645278,0.6424803709151388,-0.8712583653762892,-0.8853671907866361,-1.0157250307889878,-0.889901337567867,0.4870482540597463,-0.7467369299886378,-0.5990490796198827,0.917726306200951
-1.0378310556357864,-0.8782700668028868,0.9509846378934016,0.6517739969744857,-0.8848224264499202,-0.8796820469627575,-1.0183159849200265,-1.0246421362910847,-0.8726330974959667,-1.0194065628997597,-0.8707756825714719,0.6661966619495578,-0.8758626177290435,-1.0146161065461154,-0.7239437862332662,-1.0195524503348632,-0.885010909299047,-0.8811889054430432,-1.0194295470117225,-0.8697490252501388,-1.0123721629088374,-1.0237439163125206,-0.8723793063808297,-0.734519334205411,-1.0317455959294413,-0.8960919539774854,0.6456090772329932,-0.8807345442945553,-1.0260627805638969,-0.8839764383016223,-0.8871164291401696,-1.0250962189203205,-0.7358410248607965,-1.0200814763822799,-1.0308078664325178,-1.0312249967713658,-0.8806758999764647,-0.8781416042282941,-0.728418965988011,0.6523120580382608,0.6502319052744681,-0.7270907840130568,0.48272476735683284,-0.7367437904063372,-1.0390396740167365,-1.0437825385660742,-0.8813367437996157,-1.027107993414409,-1.0186198459540428,-0.8621455513034921,-0.8693120050106061,-1.0174587732535074,-0.8724574376898904,-1.027436366400564,-1.032876280984353,-0.8758568045907982,-0.8831612355705554,-1.0185741767019978,-1.0302179023727096,-1.011424354037666,-0.7261230354889159,-0.8924304286746133,0.6164904417338752,0.9213859423594417
-0.8785355084852026,-0.8868991008191592,0.6521938325651079,-0.7336875466229035,-1.0251150742263224,-1.0262408469504993,-1.0233658089514532,-0.8714181532296543,0.6653156268303111,-0.8778995802120012,-1.019348250539434,-0.8696500700016715,-1.0144900582235656,-0.8780232990806922,0.5073919710611688,-0.7226289048638735,0.494030536828198,-0.8693591849271594,-1.023232987930906,-1.0117951960682634,-1.0151685768355907,-0.8756664665735725,0.6509336519725256,0.6548160778576743,-0.7380544069556813,-1.0293729665537932,-0.8826091424312609,-0.8743614464022731,-0.8835565159653596,0.4785016148222894,-0.8724779102043495,-0.7437956252803662,0.48463923425820016,-0.8915044671522728,-0.8789350920454364,-1.0230362252865857,-1.0230724360105852,-1.0273152310920628,-1.0217250044000945,-0.873950931451687,-0.876674001456651,-1.0239786902411439,-0.731449374653245,0.6576555635916277,-0.7364945096115432,-1.0255125548499697,-0.876828983859154,-1.0124602697072014,-0.869781045958977,0.5016556520335999,-0.8761905038462637,-1.0219076387999886,-0.8822248216083349,-1.0241271444719982,-0.8827625896910757,-0.7223673785997595,0.4888607744380703,-0.8740701378468895,-1.0143082952281275,-0.8728511651378194,0.49472102337508755,-0.8838327673439884,-0.7478562691690612,-0.9047821911746113
0.6598891947000223,-0.8752061448573936,-0.8852601596852394,-1.0272904260076907,-0.8885323439684836,-1.0221103028474872,-1.0311405645526595,-0.867942771269394,0.8171722408980006,-0.8687363622542741,-1.0274255567815933,-1.0185651697678864,-1.0192281593442525,-1.0179936467476827,-0.8723749856919603,-1.0164640149885737,-0.8686561186774511,-0.8642420279777246,-1.0143986415641222,-1.0198094705229874,-1.01991839215258,-1.0263012570409074,-0.7243772765701876,-0.7287852478346392,0.48263765072587106,-0.8845362777814642,-0.8769790156920418,0.6441687687042428,-0.8835682162053983,-0.8776041644749286,-0.7403790052384519,0.48250986044721733,-0.587246088598503,-0.7296077060582481,0.6404095435804088,-0.8753775294472667,-1.0177263523287596,-1.0184642042123806,-1.0163926562255143,-1.021211231510858,-1.0241991762434979,-1.029650178504295,-0.877320387075459,0.8068757134624196,0.6616649748059934,-0.7225909943792141,0.5055693257183672,-0.8705883359230069,-1.0124287703410522,-0.875221470578864,-1.0224578251254677,-0.7342574793176502,0.4907667829346676,-0.7402534779462686,0.6495367820997322,0.6466405747325347,-0.7209618045809983,-0.8687410766167295,-1.019982006277941,-1.0192528208344662,-0.8713419166183676,-0.8861979598778629,0.4786916552774173,-0.7410692449813856
-0.8640437981085913,-1.0215145489414483,-1.0314364391901185,-0.8905329796027222,0.6518698299598771,-0.7288465422516635,-1.0234258563370289,-0.8813160231520043,0.6592361384618299,-0.8738096697626997,-1.0300174727197,-1.0126779848508114,-0.8750893653232663,-1.0128965972454698,-0.8732684580864479,-1.0177513966070812,-0.8701322383430927,0.4985471215430197,-0.8714562230333485,-1.0160340487027208,-0.8751973715644992,-0.8795126980184362,0.64157300721565,-0.8867624621053821,-0.8818398221421109,-0.8777096541198912,-0.8825443794161105,0.6387786381445257,-0.8911350566199427,-0.7439723323792384,0.479221001525613,-0.5928713846595347,0.6388798793197185,0.9382500050707107,0.800598876560981,-0.8822973423491371,-1.0261205835287615,-1.0094694735219572,-0.8751016064002552,-1.0166865098454785,-1.025404099078072,-0.8772457092359698,-1.0262877791311584,-0.875755929778044,-0.8772057858118341,-1.0122399090411496,-0.8680667382490013,-1.0126831018289808,-1.0231685427916635,-0.875017000572085,-0.8908928702966011,0.6496095041499267,-0.5806589687587556,-1.0310213472962408,-0.7409659416416836,-0.8909660487770853,-0.8886821870774976,0.4837846960229526,-0.8807557180759635,-1.021853121401084,-0.8835417383590967,-1.02687775549189,-0.743948274738652,0.6433680753985092
-1.0107004982941927,-1.0221671207041008,-1.0303465892059063,-0.7282823411451387,0.9485696527459074,0.652529807103109,-0.8872333523079935,-1.0220695420789967,-0.8693084897885996,-0.8763632059130647,-1.0136008156622152,-0.7209077900132987,0.5076194346125572,-0.725334290944596,0.5035045432836874,-0.8787526921596598,-1.0154939084870531,-0.8736399032877422,-0.874593133488735,-0.8831782009318944,0.4806345694993741,-0.7205047116638693,0.8089331331253623,-0.8800472770270729,-0.8859588636522508,0.48177203089044823,-0.8890473181458378,-0.7379479465704134,-0.7430386339316092,0.6309736550765629,-0.7527313150409843,-1.037234218394205,-0.7558928405165682,0.7964854880303078,-0.7382254724113487,-1.0369822791841534,-1.0244898233047015,-0.7209335951457955,0.5067804561917513,-0.7259282802864924,-0.867283748032383,0.6579157665225029,-0.8731438910128578,-1.0198749768221007,-1.0152504420378616,-1.0157586287322815,-1.0074059317459076,-1.0147959698425848,-0.8678399941140703,0.6554934368355195,-0.7235102452676827,0.7981404959265315,0.6488070983691747,-0.7420064355717289,0.6408802679441704,-0.8981134084031642,-0.8961306941264011,-0.7376798853060056,-1.0307731527869437,-0.8924697646003342,0.6523748790283022,-0.7480469639816534,-1.0321835893992861,-0.7380869908562625
-1.0072809727398717,-1.0143608990785133,-0.8829729045810227,0.7937467560936292,0.797898239777011,-0.7371420311494834,-1.0205192944954904,-1.0197213128948637,-0.8670618061974888,0.502230105135835,-0.7205586885671234,0.5060157760808205,-0.7284751897042944,-1.0140844535128442,-0.7234740966442801,-1.0165285156073995,-1.031516562926004,-0.8824385133770822,0.6406571908983206,-0.7325295171427495,-0.8885177074336956,-0.8833248686060403,0.6530457111699333,-0.8867504703265979,-1.0239073946913242,-0.7249547761210712,-0.8915492354746357,0.6252431451205924,0.9372035257905676,0.7844561236540971,-0.8929200819978887,-0.9004804770677685,-0.8904993023698795,0.6310892238169001,-0.8872376282807504,-0.8829938263470871,-0.8817234542767206,0.49830316858915324,-0.562352109452646,0.49783721126551767,-0.7250944321691268,0.6638154493685607,-0.8664417035518591,-1.0126545001472749,-1.0072838702405909,-1.0035007143201067,-1.0055727211391956,-1.009679683135653,-0.8642204313700348,0.6574335413564438,-0.8793928325630571,-0.8781676274862739,-0.8839775931104652,-0.8797222928884697,0.6415161444670205,-0.7437473608533892,0.7835873152612541,0.7909282462016555,-0.906633183790956,-0.8908276899422582,0.9479532192679442,0.6442635922255696,-0.7470660041023638,0.645647533117682
-1.0048595784669072,-1.0177278607227027,-0.8823460573954125,0.7937211876218122,-0.7453729964938216,-1.0396898924347777,-1.0240973621143574,-1.012886664175359,-1.011080673048003,-0.8689705111081787,-1.0173235872240172,-0.87912956669205,-1.023017804867552,-0.8854722054357785,0.6624238545768772,-0.874049392174519,-1.0308545648394234,-0.8864316261813641,0.9522628879828685,0.7964894445113746,-0.8944210266038526,-1.0372997252160145,-0.8775646773470285,-1.0268276842022883,-0.8807378208323571,0.6516032118192673,-0.8972748473929388,-0.7525477643582232,0.7795714099508853,-0.7522271861893385,-0.9001589223863419,0.6415706051545127,-0.8851896576276078,-0.8869868556966999,-0.8852365600290569,0.6503459274836657,-0.8727271209122481,-0.8845313201656931,-1.025213056550565,-0.8873605079680724,-1.0266010368831742,-0.8745131201213001,-1.0167459715181675,-1.0103675282303177,-1.001774879119148,-1.0000687163619113,-1.0016364567733005,-1.0101154862564448,-1.01559681761143,-0.868039709042384,-1.02604385342352,-1.0256676749949456,-1.0247346152384766,-1.029184168069285,-0.889387067603227,-0.9060369454058582,0.9336057763582734,0.9371883693760282,-0.9103641860887326,-0.9095535212190778,0.7947654735362042,-0.7465743998317352,-1.045005203975867,-0.8884864913317229
