-0.7515933593403934,-0.7936434032423727,-0.7158376257540394,0.5219442419470937,0.3095526572497149,-0.5500515025076538,-0.03706619398485092,-0.7414199497694789,-0.7722335060630567,-0.9646457301146822,-1.0191427060558123,-0.7459735662675521,-0.05260868301826098,-0.7528446688560734,-0.4876660025925747,0.2589049624916881,-0.8129202019360733,-0.9446826452474835,-0.2422909228380992,0.2687498108983907,-0.7718678512512513,-1.0368119406397036,-0.9944799362130143,-1.0363623945609794,-0.9464638951427182,-0.5728919713722714,-0.973782476684028,-0.9711352479319562,-0.5436680178468852,0.2906812513814703,-0.7252754449076944,-0.8131045057826386,-0.9910336322281197,-1.007811194230957,-0.9873178189050634,-0.7706004136707082,-0.748733195059033,-0.9429861531247429,-1.045908513837132,-1.0221512997872206,-1.0142501312712013,-1.0187168692009958,-1.0270546003722718,-0.7670960178231886,0.30270713732596094,-0.49219127679524155,-0.9726378391035504,-1.0315047627588567,-1.0257809129303335,-1.0005105762347735,-1.016247235198241,-1.0068265959364344,-0.8374378546915997,-0.9297408396719425,-0.5497917805996996,0.02490105552704894,-0.5196342526917863,-0.7550790931503563,-0.965230674627554,-0.7752080644424475,-0.7760292825183993,-0.9504345159054134,-0.5220247956656621,0.30944169530607485
-0.51523069290716,-0.0979155889969071,-0.7230030294250355,-0.4607906712304715,-0.7323704130288456,-0.951742425640529,-0.7822146028541113,-0.753022387746615,-0.08709112014277669,-0.7744662817234514,-0.9718056660944935,-0.747713697146418,-0.7454935202212212,-0.9498349702137144,-0.5241412907541225,0.24680880770250901,-0.7313483619058994,-0.5567722185580992,0.27322359578170863,-0.45752578600581656,-0.7621737925312643,-0.9500683293321648,-0.793406341566868,-0.9609954698695742,-0.7986107738132738,-0.04241429178286518,-0.7822773122095286,-0.7783019979308374,-0.7111547140795242,0.18361101015323286,-0.7466555124393828,-1.0054202767724483,-1.041135472233901,-1.0334326253611716,-0.9860566631671285,-0.7770948641324609,-0.013791192369474764,-0.5249701413165333,-0.9713508358252474,-0.9947809100500041,-0.7889868104137046,-1.0020498241289326,-1.0174552375799426,-0.7539337459978824,0.533213768592822,0.26408277753716375,-0.785588269200088,-1.0090319781124153,-1.024321623247455,-0.9831231983794784,-0.7844814528500647,-0.7491162888056547,-0.045251196331638294,-0.25965783635167683,0.021962363126823075,-0.5643496833013639,-0.9728911969756178,-1.0100236376914518,-0.798318180648222,-0.07572256318677016,-0.7661170116585708,-0.7347257762947415,0.5241571220994722,0.5857958330091203
-0.917799074207346,-0.7898423916635843,-0.7630081541529029,-0.07875588773331008,-0.7458034248421885,-0.799630557606657,-0.9543576387539705,-1.002626107897191,-0.7593697943255762,-0.6999104597363675,-0.7636612371760302,-0.10186346375904932,-0.7718027444942204,-0.8307416588610621,-0.027136892886116027,-0.1922146136414305,-0.4530456754395955,0.2217861646942906,0.4838508018644661,-0.4537284773337708,-0.06823947831254745,-0.538764221067782,-0.040684545923996555,-0.7933044256669771,-0.9137993941454202,-0.5183457227913162,-0.6742780175399113,0.25079544412924176,-0.4840112973694807,-0.6817255509345794,-0.7715224035657084,-1.002203461643731,-1.0208366899213799,-0.9675971064291806,-0.8039791469068184,-0.9164757290572407,-0.5272645755429393,-0.024917854116880977,-0.7908075914970875,-0.7239257155319858,0.18759351214581513,-0.7051270224251676,-0.817112213298568,-0.926023464251649,-0.4751998769559777,-0.7129145869906025,-1.0015775810286403,-1.0333685499707583,-0.9875887926183345,-0.8194172185279969,-0.04233586199194909,-0.4859260348012401,-0.436485931749255,0.27442525109508176,-0.5382987281227748,-0.9510825396230012,-1.0409040095721003,-1.0508148975077047,-0.9799519334157781,-0.7842282522250233,-0.9636960104074234,-0.7722479873577053,0.23417267769559813,-0.5019594222652325
-0.8197711558087077,-0.9751480833644943,-0.9980261286579682,-0.7829404043649392,-0.7236099933203751,-0.02963646167121008,-0.5422784314713788,-0.9577109637083633,-0.7442690688650446,0.22317472070454675,-0.7299970797878133,-0.7939562241567254,-1.0106880569604177,-0.9647510336793064,-0.25877234983134006,0.6044480860471462,0.5060070875428362,-0.45203278372176253,-0.4509103716600604,-0.6983718053804697,-0.7849610011913972,-0.945796693228434,-0.7667779422522019,-0.9631500961223114,-0.8119342191471641,-0.04883464613996085,-0.42854331067972334,0.7672719439269474,0.3255155116486733,-0.5153567957703573,-0.07915347336274302,-0.7571856708245186,-0.7011181021133809,-0.48084740719282865,-0.03893167127433075,-0.8167191786286376,-0.9280675518891207,-0.8266527102182062,-0.9576010748764211,-0.511677712423598,0.33660592570904546,-0.24976099599374657,0.010431307434996168,-0.5770953516343712,-0.05325489950891861,-0.7613203601132666,-1.0188054919939638,-0.9892101650727811,-0.8116090760140932,-0.8999331503615909,-0.22679718241932026,0.33329474519793173,-0.19372861155534027,0.21967984388971384,-0.7308690597791775,-0.7370171644402385,-0.7797737597721586,-1.004784928194197,-1.0123600295633697,-1.008215228590425,-1.0396785969579172,-1.0080686875623277,-0.8096490448978967,-0.9378001358313827
-0.013020083368204384,-0.7812622232952176,-1.0260181192378586,-0.9675417796189305,-0.7150454820192189,-0.46510791900219256,-0.024203570378765586,-0.7967648415379225,-0.6999800299726071,0.4734635379646306,-0.6724352124195067,-0.7683392496072798,-0.7319564576007429,-0.5611042327814201,0.31419608823125367,0.7294155751164902,0.5127870712280367,-0.49893288436807054,0.23061475025938177,0.16721457176927915,-0.7762865651417972,-0.9679023266838237,-0.7686070647952927,-0.987597585880301,-0.9981807987343373,-0.7720840138354784,-0.7333656071230006,0.27270899161353257,-0.5152935528824357,-0.9379718117626334,-0.7883756683970121,-0.7304502361362883,0.2419159145439361,0.26607254788190476,-0.5313352877118244,-0.9406630614823721,-0.8059779843534127,-0.983861173811352,-0.7881396464479151,0.2838933580828335,0.07109713463961827,0.1024023224741574,-0.30470347360851185,-0.8955885213297613,-0.7647481512040935,-0.7529776875168979,-0.9663213156973233,-0.8061232571578799,-0.08316088831536139,-0.47557327573227276,0.5724133965933784,0.7403839239879078,0.3037463327076513,-0.5332285171709741,-0.698417259033839,0.48030296372082,0.25840726741807246,-0.7425370133077824,-0.7557059188583073,-0.9916203243730247,-1.0534025624037717,-1.0611956453920741,-0.9570343657586975,-0.5748232564725182
-0.4887705385897727,-0.7313155606142328,-0.984103170234271,-0.8060941887747016,-0.07777112551366049,-0.707296925717251,-0.7764153298813756,-0.9831516069237538,-0.7550387133726552,0.2945863043897237,-0.22884112766190387,0.30518790949442365,0.6789341743713526,0.3430967984208179,-0.2790432213262775,-0.6954656268916479,-0.7977305671989237,-0.9516048433477391,-0.5215817382537096,-0.7392893089439255,-0.9844328463054411,-0.7765240724147633,-0.07349724312301537,-0.8006558951734392,-0.9689596110123455,-0.762241891417746,-0.9693432091693038,-0.8038943117306714,-0.9863059809921295,-1.0506603937023935,-1.0211848422955736,-0.9491987918158681,-0.5008796186833375,-0.7321883903148274,-0.9577776667810401,-0.7644592175894986,0.17439228462061765,-0.716743070917718,-0.4630644370980494,0.49087162126052103,0.3050612811845304,-0.30297669685096235,0.0033132574464112717,-0.8164611925891279,-0.7757350903854869,-0.0687133064265189,-0.7915572763828543,-0.983648365441839,-0.7560506665441413,-0.4557876984256288,0.2489327971679044,-0.4255763820247005,-0.5247556420726296,-0.9456527194412662,-0.7987269916982849,0.249608832835861,-0.4507195085523063,-0.697928502019008,0.20298192067925244,-0.7686611081042826,-1.0195226179065793,-0.9849633238760753,-0.526259879343984,0.32964583070474923
-0.46938665355029874,0.2230770124772761,-0.780228897675213,-0.9725417784335315,-0.791068005014649,-0.9775429764908183,-1.0103077251474049,-0.9943373263198785,-0.7446664523707567,-0.4939911871649721,-0.02725431901808815,-0.2659525569098411,0.3697376488935195,0.03349103188832643,-0.027814927279024314,-0.8095248122070541,-0.7449350116893411,-0.49103915457627423,0.25311657357811473,-0.7649107030607851,-0.9895189550047343,-0.7465882346438347,-0.7403686779020388,-0.9648669336112996,-0.7533335911912767,0.22316366050778735,-0.7582337828643447,-0.9757945802446079,-1.0441903270170207,-1.0421249959821723,-1.019121733190177,-0.8208759839443587,-0.061868034710783205,-0.7446835757641683,-0.7556837382490588,-0.46894230270483206,0.2731531353005207,-0.4738457335387378,0.2503339166363534,-0.467099776155635,-0.8078428403183441,-0.9103896016940637,-0.567751837272081,-0.9920279455640705,-0.9756274495819274,-0.4774028152281284,-0.7265909500291856,-1.0050052283331492,-0.7670283031276945,0.2570658042545458,-0.502516788777648,-0.7633983267762698,-0.08703829189102504,-0.837861248948917,-0.9965623980441898,-0.7475790794097765,-0.73061524953497,-0.7065279001227912,0.18123376873038433,-0.7379235430243613,-0.7295427073892001,-0.5041260921889346,0.25870357005532063,0.5024008610563339
-0.7463207238168061,0.4759080871393471,-0.719212727138871,-1.038992743289795,-1.0116280171354668,-1.0234935370564315,-1.0021637877477318,-0.7971411174139186,-0.10401271237193319,-0.7286767467673626,-0.7925866402387001,-0.6816034606894443,-0.20707731231344664,0.32933273847230293,-0.5348675034219036,-0.7523506518028454,0.2074164700194433,0.5347765581938804,0.5071153183883288,-0.708855140360805,-0.805153651762708,-0.06871115545145186,-0.7815436349643179,-0.9800557135282026,-0.7618142363817275,0.2283455599928254,-0.6887009042767193,-0.773423705872105,-0.990656400856161,-1.0221566909213335,-1.0346262602975187,-0.9743500340532544,-0.4941795182579676,-0.41343386600669135,0.21777930354574915,0.22817562103983524,-0.4951520521260033,-0.7201081213323712,0.16723346344154957,-0.7484286882479937,-0.9812641118351788,-0.5448972340878585,0.29032364674865035,-0.7823979605595155,-0.761467707877166,0.4934517105876285,0.2594490606046388,-0.80487591918327,-0.711788850176954,0.4745737290171897,-0.7249664963242696,-0.9428340316717894,-0.5735757483230727,-0.9349236875587014,-1.0332832224906543,-0.8011116165640707,-0.059276459095049736,-0.48532585360257624,-0.7146596641181779,-0.7399150740286231,0.479666581688826,0.5471512910323719,-0.495388088587473,-0.7534689050841875
-0.773269776788393,0.5316961799060584,-0.47596479337182906,-1.0135571599260025,-1.0472119279099565,-1.0295738733798787,-1.0262581350907232,-0.9638183569963572,-0.7635324536292399,-0.7273330542756041,-0.7509799170990659,0.17292905326054442,0.5288092763513393,0.48344233462116953,-0.7408474077340972,-0.9937458640061532,-0.7774217239399547,-0.7271805789734982,-0.7075739308353901,-0.7637242043689524,-0.9219948827883979,-0.5586996152247574,-0.9077057070855886,-0.803146282627205,-0.9614920807417604,-0.7608481719501187,-0.7482710084380848,-0.08459722109232307,-0.7508268874663034,-0.7443735442490307,-0.7423248210345412,-0.7606297890317464,0.23981188804184872,0.5180045403705028,-0.44707003147160906,-0.7728143015543243,-0.9909904610517741,-1.0397047970280737,-0.7404827284986354,-0.7695145548218925,-0.7776620670758827,0.2946446058091349,0.7443295694668893,-0.7083051274862606,-0.7830347138326681,0.2829557526713106,-0.23412631437315148,-0.9544407347257915,-0.7979782957259027,0.21540111947273324,-0.7160258478874567,-0.5310728553532512,0.0323411778643975,-0.5618867607627719,-0.9877099466721081,-0.9863375881814943,-0.5025665754204272,0.25417057066340953,-0.754372999778744,-0.786170228531057,0.5451755819781725,0.7883252940584933,-0.4657376822749609,-0.7781591615209631
-0.4923021839094099,0.7876022589844083,0.5480574667136976,-0.773465268788369,-1.0432677941698307,-1.0362019252683397,-0.9881421762045274,-0.7873520619396719,-0.6644908506639661,0.1724205036496468,-0.7460168205128728,-0.7516655156009674,-0.7465215520760567,-0.7631241676141751,-1.0084417480181644,-1.047213488167142,-1.022492532493544,-1.0076811542924606,-0.748629450643048,0.21866864089950808,-0.5175826358872552,-0.0031449553129911023,-0.5138659033088055,0.21845816597350404,-0.752548493780397,-1.0151292911295091,-1.0043063818633862,-0.7783658548961961,-0.707760147399713,0.23867951649964989,0.5069334204859868,-0.41713323843880923,-0.4769372498608522,0.20856420674384,-0.7782018890854145,-0.9909318297458384,-0.8322956193142769,-0.9791609076794763,-0.5472562793362626,-0.06926102161805044,-0.786333240991153,-0.5061197004188751,0.26671369596019384,-0.7665237998035148,-0.7411237839876524,-0.17033940017484944,0.2971532461615839,-0.8324883634313525,-1.0126041448300707,-0.7543665220179145,-0.7350299689447601,0.26849644764448083,-0.2135190576081855,0.00310994264173898,-0.8119355198302602,-1.0309559411730773,-0.7358862391811329,0.20501166359536618,-0.8148453881756541,-0.9766623698420387,-0.181261906087958,0.8389073642760235,0.5460263203981017,0.46316367261436636
-0.5290436913145058,0.828844206954971,0.851321310273306,-0.49277768552403356,-1.006223480531899,-0.9998533014501226,-0.8108331525325493,-0.022390803798391184,-0.18250668648147733,0.2616394159776363,-0.7495082475527051,-0.7732852061420266,-0.9836531169511532,-1.0420905913949439,-1.0495423069789132,-1.0341180613635044,-1.0362166999405278,-1.025805977569712,-0.769245348549373,0.22140341384316153,-0.6853714041443165,-0.5087728289055692,-0.6930176279403497,0.23260443584355722,-0.4934589049151822,-0.9809998199474959,-1.0631290023467106,-0.9758199745075805,-0.7433623098275903,-0.44567071845696776,0.5557117251641527,0.5073691430670378,-0.730555997898826,-0.7974379413043975,-1.0038457192780004,-0.8185714656794443,0.1926904827946862,-0.4985569171648452,0.29010214328798223,-0.25604378099904235,-0.9724250033813729,-1.0267029660048332,-0.7783499958675475,-0.7935008010903319,0.20408529236276293,0.8438917143833171,0.7685227197162651,-0.7456044869522473,-1.0034956993919264,-0.7759516513197124,-0.7308414520279668,0.17459260259754414,-0.6519264321872502,-0.48487324950328975,-0.734990473047247,-0.9935702310939314,-0.7316060147568902,-0.48371052128816283,-0.9795287189619885,-0.8611925617777163,0.26900844062726215,0.7839204390766162,-0.1471423995814676,0.2512535810481736
-0.7473487801813239,0.8253211623001481,1.0396829932746818,0.27787992800919437,-0.7691461275773267,-0.7880261331217806,-0.9240127821373999,-0.5082840555669577,0.304438909115141,-0.47519080619025156,-0.7205815267916702,0.23959759115290816,-0.5122209386756266,-0.9659405230056972,-1.0532535748415193,-1.024388934068566,-1.0236150451833363,-1.034533055868506,-0.9674203513089058,-0.5231107317420408,-0.6721628152683383,0.16957550530008855,-0.7443935908785466,-0.4871158983303984,0.316798388515392,-0.5320495427088624,-0.973037930642428,-0.8147144712942429,-0.11635608223041446,-0.7420624797048118,-0.40510105193547247,0.4896002635290186,-0.7252758986223342,-0.7744722798141285,-0.7795739250088133,-0.7145289337642655,0.47631438895838357,-0.12621839031605017,0.806091612914217,0.5880784082465119,-0.5620672421504318,-0.956276937905437,-0.8301452855189737,-0.9759073999305918,-0.49184388907173315,0.8201004776012403,0.560566697069661,-0.7690448487366085,-0.8187464974774855,-0.0881636800433906,-0.7529585681115732,-0.7409572746461163,-0.7695000431172879,0.21497281461342962,0.21444410786872403,-0.48089753907000926,0.5350374170673228,0.5359734990586732,-0.762281790538481,-1.0046771918818223,-0.5531919510298713,0.22819375936704792,-0.7249439200297229,-0.8102628691211154
-0.8074865162863687,0.5041194272561504,0.5737878867120877,-0.4618138538145894,-0.7572537257420564,-0.1000003770707603,-0.7889882221450216,-0.7175607233616419,0.21947761572203126,-0.7400509671854036,-0.743038893346056,0.48949614566198324,0.32774464028407746,-0.531116654361428,-0.9431717511482768,-0.7775284447016736,-0.6972189070726263,-0.7574952093658747,-0.7936900304674885,-0.02857867332069233,-0.2275214854073191,0.254066036865491,-0.810372084100228,-0.6956629767493338,0.7209834236747534,0.31051661349909704,-0.7965795513959013,-0.9880234604785871,-0.8153288997938342,-0.9421698493518652,-0.4964498373492333,0.28469109751505745,-0.5253594623796437,0.2317618248706486,0.5100807789618111,-0.192591854506318,0.5283165454886569,0.532412769282556,1.0160652691464618,0.7885370153731778,0.2963290084416938,-0.2737087953634826,-0.04339936143345624,-0.8086680823110147,-0.7277922973988605,0.5314415647032077,-0.488912162575849,-1.0054277303273336,-0.977421182795498,-0.505561413721911,-0.6732538140910459,-0.7689409074856302,-0.987732719128447,-0.7593148883492864,-0.769610366315004,-0.7332432379956777,0.5310247667907445,0.5649601827195031,-0.5240148234642243,-1.0164069727090326,-0.9861822678830351,-0.7645914108693517,-0.7933763542327522,-0.9857699504480029
-0.9845356422665307,-0.7818032286883685,-0.727830527255085,-0.7656494745851851,-0.9550948236040117,-0.7796996384360155,-0.9993659521849962,-0.9523421832351636,-0.5172121768232877,-0.9619416296545967,-1.0195641164639575,-0.7186623058541556,-0.4931577544690306,-0.023228720012523876,-0.5417894949417951,0.3343948378082237,0.7463505070677452,0.26835611558095707,-0.745543333391854,-0.5227232502335687,0.31847637661487743,-0.21781466823230897,-0.9579437616888846,-0.840769673008512,0.2882239486130645,-0.18885914359363146,-0.7009044486417421,-1.021945723500397,-1.0050171438358682,-0.8163271376689498,-0.04865168588617487,-0.5467873360524859,-0.9466675477150193,-0.5045076433721026,0.49502564360205464,0.2506211283845558,-0.2495041533066801,-0.43997124318100544,0.5162217519809756,-0.4520099436735809,-0.5586143518670547,0.004274489640087173,-0.5147977715275288,-0.7442912456786235,-0.7082815523555231,0.46776201865951816,-0.6796320008602872,-0.8022125691933424,-0.7579790226028276,0.25002394812310463,0.481378898669967,0.240345522867176,-0.7637660827970487,-0.7604514161620285,-1.0088625417434094,-1.0024991406033907,-0.501846660774522,-0.4428355752089806,-0.07974301888934782,-0.780963681836987,-0.7913968785329863,-0.7203754040738388,-0.11391871425274827,-0.8281600373969595
-0.8227962860638781,-0.9422461310386124,-0.8037001256357184,-0.10794951272411225,-0.7454426582640191,-0.741013317548955,-0.9675892884763018,-0.8085073004416731,-0.05593743815362125,-0.8088221786290036,-1.0326833710629304,-1.0293142924263128,-0.980403446228308,-0.8196078166149402,-0.892643477969823,-0.22046299526261912,0.36064745439786794,-0.5304873040143069,-0.9979475448457846,-0.7667445276843697,0.5189593499018199,0.5689867350160736,-0.5464894493313486,-0.9753030013816371,-0.562903834077654,0.32854829982251843,0.4553491061258777,-0.7655721830807904,-1.0078523479196548,-1.0023842792382196,-0.8152983099185782,-0.9900260770123983,-1.0134339072353087,-0.7493159901648225,-0.4742898955136096,-0.47851503355720015,0.23318955833110355,-0.2001879715856373,0.4884787909332726,-0.7904767833984653,-0.9729360212652116,-0.5375859298900932,-0.7083900666497897,-0.11641632978040166,-0.5059746447752878,0.28673618860493383,-0.5317552516267032,-0.1058195393274308,-0.7585894541700515,-0.7386475706475407,-0.6857087561763247,-0.48718577951431147,-0.6685250699507533,0.1948018351298329,-0.7617480286541792,-0.8092836423939512,-0.052701418359783196,-0.4744859028850143,-0.4353558550261002,-0.48003152327682413,-0.02423441508985651,-0.5200348455122058,-0.720710232900687,-0.967621176263088
-0.0016715041685546606,-0.5305274699278472,-0.9186121548767112,-0.7773702111760569,-0.7469907332164888,-0.08941431258672546,-0.783807944655336,-0.9570252830803877,-0.822725815286127,-0.9903201768463651,-1.0392922815750092,-1.0405647047337632,-1.0522655467067514,-1.0027268857840532,-0.8218245108385415,-0.033032287835266134,-0.5506483868307073,-0.9607804416197232,-1.086216142439448,-0.9744776177241091,-0.19681294610406663,0.5551716595182603,0.2185229713569497,-0.8541082296485732,-0.9115555470458797,-0.258069987185126,0.27489084367833916,-0.7464981867098223,-0.7915161689228047,-1.014495883963073,-1.007000112497486,-0.9813827518560465,-0.5478407120883134,0.21984361606011776,0.28164192318476183,-0.20872901186399498,0.5086261454040314,0.5194987499428176,0.5007956569818964,-0.7907961097557801,-0.772826064429116,0.22273555410014984,-0.7435785932505115,-0.7735419197881924,-0.6866565425592626,-0.5015019584542533,-0.9340791508743209,-0.7863304244444106,-0.7283044250556653,-0.7123284537446674,-0.7687256104300405,-0.07009194194641521,-0.49868646829667357,0.2379453161651165,-0.7198854280012389,-0.6808644750327804,-0.20812239817966474,0.30129380696288144,0.47330854280609425,0.27279491972167014,-0.2575036528446502,0.02209058887032708,-0.5243306175354538,-0.7881816685624924
-0.5196564935731723,-0.033632899439328484,-0.8152012776842343,-1.0082917726888647,-0.982617925262974,-0.7410924235102817,-0.7263618046662345,-0.798748776035385,-0.9505021424321664,-0.7963539364468707,-0.7388503037942276,-0.7751231228979734,-0.9992388448212356,-1.0578192470587928,-1.00970302537199,-0.8042653602150901,-0.9559961730434784,-0.8193806711323885,-0.9850060402160173,-0.8641895527996449,-0.08519226882156825,-0.44513771570878496,-0.4975853876536399,-0.9334489327801984,-0.614957036082579,0.01095536790209519,-0.538807515710381,-0.724414316664217,0.18036695678529607,-0.713580527642718,-0.7804601169500857,-0.7724745984282058,-0.05168589265082113,-0.430849604405196,-0.21744974277803297,0.009532590614392496,-0.5411307987068666,-0.6929889962639918,-0.5208286413827873,-0.9296815507187846,-0.484834550675151,0.526032972382768,-0.7231117134531015,-0.7799437022887731,0.20125363234100688,0.23494108142695025,-0.7990811209830202,-0.7596650130331363,0.25576201015446026,0.4926324397299419,-0.6938808722711026,-0.7971770723922352,-0.9509266554030629,-0.7573674198964316,-0.7403548576039749,0.1945277881060808,0.2785272142295988,-0.5073328526210061,-0.7315299069067253,-0.7704458381135159,-0.6650678731315008,-0.1847702613290411,0.2538047500596076,-0.7078666628020845
-0.9230430663332512,-0.8283914359082863,-0.993906221640974,-1.0018043638075103,-0.7701625005077342,-0.46140299935362383,0.22556493443751713,0.22689914110334503,-0.1938253756250324,0.5745971604024591,0.7932210184467242,0.5811467140957494,-0.5106960205144245,-1.0023180869264485,-1.0215870160349878,-0.7705652419739073,-0.7266695194543685,0.21423845876954628,-0.534587892452933,-0.9471765210783681,-0.7758083017551061,-0.47725730179747117,0.2629643970380617,-0.5481917662737321,-0.007397373927515637,-0.2561571907549103,-0.650676837576415,-0.46458066197978093,0.5777987130866397,-0.18287755379704995,-0.053542353629598534,-0.7758517587423446,-0.754294511112184,-0.7652806037173829,-0.052466487916454814,-0.5591383077398017,-0.9630478407256481,-0.8228254310931069,-0.040764691491931584,-0.5567970776068941,0.2597706193365545,0.5025902710267771,-0.7572621226006265,-0.9718886861062749,-0.47140887803360676,-0.4659043149370611,-0.9835917558497227,-0.9799128626358423,-0.5088373763611899,0.26704202340482963,-0.7633534298746562,-0.997073260382994,-1.0378186388424153,-1.0129927271164498,-0.9906012764499244,-0.7554637342995004,-0.7675152980779315,-0.9951426049376454,-1.0073465132097297,-0.8112065206774708,0.2264686798688064,0.7885884253472459,0.5823572068583837,-0.5158923916688948
-0.8444180766087053,-0.9928383134937492,-0.7490664550308075,-0.4921967151019837,0.20555628005292614,0.2426432499712469,-0.5030462690030859,-0.4677024447896619,0.5662528318457549,0.787168204364266,0.8205522288735968,0.7915034219765148,0.22713863569384365,-0.7835501555553437,-0.7784365689900195,0.23847004851115425,-0.14343630729751564,0.5215448751285258,0.267257976221087,-0.4971731311454084,-0.4765275522885267,0.2828529502643366,0.4353845890655577,-0.7114994320072129,-0.5410879429980817,0.3123763404199019,0.46206677537835555,0.5356464897271145,0.7614251889953543,0.3304505513394063,-0.5660444573664087,-0.9272943717002665,-0.8197244842378266,-0.9613267156172794,-0.7657576089403646,-0.7553089047474925,-1.0144062049728633,-0.9611522404467387,-0.5485740437641528,-0.9202261690327389,-0.7909771035904606,-0.6838182910968895,-0.7812538736619733,-0.7597084653382774,0.2194356976770337,0.19838105019117563,-0.7408696401571536,-0.8170385758762615,-0.9431309359804432,-0.765862250107192,-1.0006073340229251,-1.033905455854399,-1.0261336314082183,-1.02349367299301,-1.0261958485896796,-1.0076689152429832,-1.0145874987739616,-1.0016928000054657,-0.8234590382184871,-0.9267385863876606,-0.5413898442320334,0.30603139929700784,-0.2017535491100023,-0.018797857395028237
-0.7434418714497791,-0.7342104969197931,0.4893660354906923,0.5439727187064974,-0.3882073907052348,-0.5383274338879639,-0.9726450131276043,-0.7459251915092506,0.4765901044083752,-0.47936950362932823,-0.7227692425852728,-0.4838743619917189,-0.7043507723101073,-0.7999013374518505,-0.7144025047636322,0.4859634338148601,0.5617322133358688,-0.4363100219184234,-0.5141746132798587,0.19610623327588664,0.2921121825868203,-0.24789660059711843,-0.7022462901785931,-1.0370183191965823,-0.9745040496148029,-0.5268459868156106,-0.6973099537145824,-0.7627506829098363,-0.6828094391990038,-0.5401090008678878,-0.883993644957213,-0.5827689013238536,-0.016409796568103766,-0.47274788498376463,-0.466740370856737,-0.0593453868220063,-0.804614755809389,-0.786476609543312,-0.03310615084303733,-0.8239902016140425,-0.94771974827069,-0.5438228958457235,-0.014658883739010916,-0.47911855378755364,-0.44728599113267214,-0.6657279001621298,-0.5216237286512416,-0.029254223473291083,-0.7740877483172715,-0.765052267843484,-0.9901740169055475,-1.0051433949810196,-1.0241568066921403,-1.0196638572051604,-0.9946793697271319,-1.0240029289316195,-1.0121881217036928,-0.8001084502688273,0.00388722340870242,-0.560375726025861,-0.9283303707909745,-0.8255763554331857,-0.9571689912016912,-0.7847840412796433
0.25516316956226154,-0.456056234848111,0.5408848379606148,0.562471655785629,-0.21588380432295512,-0.05101486719913216,-0.7942356265738887,-0.46946983088730293,0.5223407672600172,-0.7424365876476937,-0.8045114735276885,0.24368112522334054,-0.2339514312109137,-0.014714943032254003,-0.5256400554024077,-0.3839621799334434,0.47581295901938614,-0.7691955593262768,-0.9936030123749872,-0.739898928152922,-0.262038675396516,0.0322867587372853,-0.516145541186891,-0.7522335348380461,-0.8038632681419139,-0.09947331455602416,-0.8014529262996986,-1.0043717783966761,-0.815008197724325,-0.03860835677890625,-0.5771340040783676,-0.0072352622608439845,-0.18961407081320492,0.5549435905969373,0.2993206880692666,-0.5225888101254649,-0.9963300143031507,-0.935116255395024,-0.548083749728872,-0.9355168528911125,-0.800629539961451,-0.027304542316983645,-0.24714751274863464,0.27101763000801266,0.26030513335852984,-0.5347438151049143,0.027262553934229043,-0.2299799663966681,-0.6849394688136864,-0.06880350947294343,-0.7471380290780331,-0.7667583004347546,-0.9748354298682876,-0.9756801049070458,-0.7808448054341345,-0.9802725004044703,-1.0351581897399198,-0.9166801101319345,-0.23490699916774316,0.02845630931450475,-0.7948217647596213,-1.0148394289438543,-1.0414374729836269,-0.7673151731390181
0.2368508687374267,-0.6911294446951082,-0.47938324636479807,-0.45780686075432026,-0.02966159528827637,-0.572107029646613,-0.7444920268359135,0.2421758805714862,0.5046572110503456,-0.7599140249817452,-0.7678081700767044,0.4826491115889791,0.3152297465675608,-0.2688961999851055,-0.03167012316182157,-0.5196916739325032,0.22804461649752808,-0.749998840190057,-0.7985948531535384,-0.787461602879366,-0.03849196562438024,-0.23314619853487967,0.5823823125469019,0.5055261626187654,-0.6922174828284172,-0.8023086038252145,-0.9815883087835883,-1.057331342509458,-0.9630795694101758,-0.5296563615704494,-0.9194528458446204,-0.7915777754869302,-0.7136070666832648,0.2300782047391851,-0.46654698411741974,-0.7388573151268277,-0.9570548166229963,-0.5471735626616362,-0.025951474803945628,-0.7735075860445737,-0.7195077804981855,-0.7811559041760414,-0.9489187607648584,-0.7318408760312269,-0.5095799019265242,-0.8982104708831535,-0.5751774041539026,-0.030152060756563046,-0.7177900077070951,-0.48969184613877836,-0.6979687572149593,-0.0857941970103408,-0.750284107847938,-0.7746130571476088,-0.0503383556916374,-0.7988069929679843,-0.9756859213177498,-0.8176495932815921,-0.0062441578031835745,-0.48073887015458516,-0.721966648710542,-0.9864409640722888,-1.022042341913128,-0.7767313680317736
-0.7648245261672781,-0.7935507919345297,-0.06909529853813828,-0.4650758057631416,-0.5222259933506136,-0.9377593760041494,-1.0254996340662441,-0.7796100717654559,-0.7493963125475482,-1.0286403852975021,-0.9843062851384791,-0.4666392072302118,-0.7478724999004711,-0.9589856872710202,-0.8492687380744969,-0.9374214179997234,-0.4827513274870942,-0.42897992675094226,0.21364411579506754,-0.7467122471143196,-0.7775475279254886,-0.7068416076899634,0.5045744791487712,0.5745918063542534,-0.49290234976852,-0.9083538779934067,-0.8091925681520848,-0.9788359256223506,-0.7671726635574494,0.23329582011054503,-0.7199588109859135,-0.7820296819363529,-0.9693609471779175,-0.7901281490437161,-0.7621319460533388,-0.0795899391124334,-0.5031378347918709,0.2673471497549806,-0.4867867421452288,-0.6958413779005647,0.2038216333354481,-0.7482882813300992,-0.9955252769390299,-0.8009462680375647,-0.07857731782686787,-0.8266750345728364,-0.9495882000474242,-0.7933484655206713,-0.768575010344321,-0.06850294521688559,-0.7729092616006643,-0.7146380597432797,-0.7704506528184799,-0.9128566747481883,-0.5209666927091681,-0.905589841014745,-0.8247954037172639,-0.9383698700552735,-0.776019568225797,-0.7399205058624163,-0.08943959765622975,-0.7913790428599762,-1.0042993928826978,-0.9850728987886493
-1.03157768928385,-0.9994675902364251,-0.5628194326726464,0.24572676669937588,0.27921607916867386,-0.563033827381343,-0.9954222172223406,-1.0352378189359295,-1.0293757226888034,-1.0129989015979306,-0.7759984361644224,0.2269915872355031,-0.7554757054350314,-1.0181029214612243,-1.0179061485196828,-0.8190087960099214,0.22547797497253794,0.5450815695391205,0.4897505067373457,-0.7083085345883794,-0.7824079868341666,-0.978589431436007,-0.747651953610244,-0.49037358236202977,-0.027777066078923846,-0.5390294252198415,-0.05362144402055852,-0.7828289029797053,-0.7148449562289504,0.26168886473919867,-0.5087039322283945,-0.08240434280693584,-0.8010361605020371,-1.0179759069499232,-0.9736550480417524,-0.49225665160647714,-0.4107477439870193,0.2538645817556892,-0.7499206929155238,-0.7652248341733677,0.20082270291016394,-0.7167101546619453,-0.775359399556749,-0.9585484997097505,-0.8166626204451557,-0.9652987477689237,-0.7947418898231203,-0.7003830253184284,-0.702016070039598,-0.5317445547709359,-0.9034322205776714,-0.5461674775222471,-0.009765430811376473,-0.5218270904989137,0.2842332069561581,-0.5037165344125888,-0.02975118560320302,-0.5083783694717007,-0.7362477132056594,-0.9467787086629765,-0.7945163832894604,-0.996170551529689,-1.0407632498158264,-1.019001737910333
-1.0062900132235406,-1.0619707552847564,-0.9526224783781457,-0.4736623410539059,-0.16353178484072844,-0.02691243445223152,-0.8131744651217875,-1.031497392978839,-0.9774491217953298,-0.790632214561635,-0.7139470123736502,0.21228105741033437,-0.7096875277571114,-0.7906070505852822,-0.9824664718796419,-1.0257104678751356,-0.7546103398874089,-0.45531402166538737,-0.6700407364549157,-0.7868980393350414,-0.10557174574261634,-0.8183074650242992,-1.0129972542420957,-0.9617771780289872,-0.8187320348064966,-0.9415821117693706,-0.797335128924205,-0.9473126701701197,-0.7153770853312885,-0.4832770884455026,-0.9219634242777617,-0.7527051277858343,-0.7791493873735519,-0.978619084538863,-0.824897620967102,0.20080684998667073,0.29361282744870715,-0.23407687131841268,-0.9399725675720081,-1.0312154962933124,-0.7560721686330848,-0.7225971968763725,0.22496095143031924,-0.7740193451129967,-0.9886887016926195,-0.7821982335450708,0.2569834647411811,0.7746557413929144,0.5359696833259103,0.24878439250119586,-0.5625756008527094,0.017734633695128402,-0.22141351780083357,-0.6565326604271483,0.17839230163990988,-0.7027518210678393,-0.5142855134331343,0.2784517246443501,0.23239011291501588,-0.4994520758481947,-0.702631740968151,-1.020104254035309,-1.0192780638686898,-0.8007537149629614
-0.5151563683969634,-0.7169790396314426,-0.5311039393717696,0.2824383389712002,0.5298100799338822,-0.4492668178063918,-0.755184137108381,-0.9366835705002552,-0.5548347160315801,-0.02068136341503137,-0.7764562136377393,-0.7177252388265849,-0.7608763017320223,-0.034495390829175604,-0.5455131613623587,-0.9464367430965985,-0.7789022098641413,0.2493067851348126,-0.502868270962314,-0.9458041952084394,-0.8112688020319058,-0.9960409726029649,-1.000819029158146,-0.7826682311983433,-0.9704620299369278,-1.0377788343389474,-0.9862810877587787,-0.7757442378644988,0.21120920872881038,0.2306686446527526,-0.7366210425513714,-0.5239267665620775,0.012416768974976804,-0.581473347827444,-0.9559522274720029,-0.7638916119154869,-0.5397202104968778,0.016029363176165545,-0.5765294174104935,-0.9470128162880195,-0.7779804021977655,-0.668151497243097,0.49474707002376045,-0.7202231798116715,-0.9913430165857949,-0.7600406497900184,-0.41648502080774147,0.5618841814026374,-0.44332468246311957,-0.7898046226873761,-0.942715562184715,-0.5252607572889427,0.2717267970226255,-0.7369640103517526,-0.7873975356713352,-0.9963258252537123,-0.9503065251114956,-0.4910961278032913,-0.4404350713846096,0.29050782626815,0.47008742546071525,-0.7525189166067813,-0.749201618400571,0.28497702599654057
0.5735359616750476,0.4720289003584785,0.271033673853869,-0.21954234265245914,0.272807962285948,-0.50145154892378,-0.04073586008854628,-0.5746235752642068,0.03638530824815333,-0.23606733807364008,-0.8952109629264026,-0.8006960021604579,-0.9298108808445531,-0.542032098331791,0.032626979221042594,-0.5410539606794836,-0.6854831130319947,0.5021383150574056,0.23863389605721308,-0.809541528027761,-0.9845961401494272,-1.004930824810654,-0.7624664593042929,0.2316705935930875,-0.7378386202398717,-1.0091965952830046,-1.0296182725550707,-0.9888054203248918,-0.7561530234778853,-0.7226212292237325,-0.7989773239423743,-0.00033156379025781285,0.06505776182750818,0.3487208583754962,-0.49409266798882323,-0.7845270509464289,-0.9332753317450557,-0.588733386761344,-0.0010169780726715756,-0.5603411179968867,-0.05783927948016228,-0.5034588021544393,0.2669762726743738,-0.7131549378101699,-0.7979735372368922,-0.09979896631263592,-0.5034180038881538,0.2355425218029623,-0.7703774998453592,-1.0045550266041006,-0.8301441606015733,-0.682006692829566,0.1835774472699299,-0.7822583065084688,-0.9531188318321667,-0.7905979664835737,-0.7693493975074253,-0.06578965480191537,-0.7511453187759906,-0.5158047615860021,0.2494842926351119,-0.746124846447761,-0.4573918279484337,0.8178927344923329
-0.4249494606358546,-0.756215973912592,-0.814460881591372,-0.944857522174272,-0.8324787124931711,-0.9327150053342353,-0.5471817500986353,-0.9041323980136181,-0.5233100552342567,0.31709240506757636,-0.5009415373497674,-0.07569169155296845,-0.8120874112743387,-0.9227974877318542,-0.5222425568540244,-0.06536034487676448,-0.709130220429575,-0.4597426641529015,-0.7300201226474877,-0.9724537321872793,-0.7753876813088488,-0.7223820074861611,-0.7145557436545019,0.2254196746169248,-0.7379487407203456,-1.0020105798109877,-1.0276048092187906,-1.0368430028158113,-0.9811662452292165,-0.7835306782581021,-0.9483004153553247,-0.5920773489251123,0.3150019947080392,0.7715028609116129,0.7712208517044996,0.3091372954937022,-0.5943596116432085,-0.8983157997072273,-0.5563869695322501,-0.9029345560987728,-0.8439773652703906,-0.9712905962456131,-0.7440593242455946,-0.7644724437544242,-0.957195762869064,-0.8344220558145198,-0.9140271083521446,-0.5244029984547175,-0.7474693173393641,-0.7894451922521663,-0.07359462602028687,-0.5336692649473317,-0.7078223646064721,-0.9886224958352338,-0.8143114885300995,-0.08660553461797439,-0.6907642597832552,-0.531960989802172,-0.9869386730544419,-0.9559426666495522,-0.5274933764042016,-0.758041575644207,0.24271859080162675,0.8005279191906663
-0.5484103252551918,-1.0029039041511032,-0.9887223868164299,-0.849260661303415,-0.9810794500832453,-0.785744616761453,0.21784679988354475,-0.7380744479833081,-0.7472501433010844,0.18456992217307153,-0.7117710694995232,-0.7798457603606472,-0.9930606251100309,-0.9996220139584323,-0.7377588317245799,-0.6900683817673138,-0.5099097849587744,-0.022872429180831755,-0.7777475295793564,-0.7781556203960421,0.26371146557800784,0.4927079037289557,-0.6924415105921858,-0.7618218905632013,-0.9895700403414686,-1.0294809878106526,-1.0286701743071,-1.0187479099050574,-0.767161264209698,0.2715659111778073,-0.5484790758130794,-0.9438259255533188,-0.7938028004770646,-0.5009622942795067,0.33498493149368513,0.052962442485454286,0.007942729283615429,-0.5540125868884848,0.2723979791914259,-0.5119365726431238,-0.9951622827178744,-1.032338952378626,-0.7790404757222953,-0.0835545678161625,-0.8266172091462891,-0.9565273922948104,-0.5512911314858073,0.24121881801847,0.17030134470967986,-0.429224427291328,-0.2426060167234982,0.042709242925388476,-0.5725376284790223,-0.9737462596455903,-1.0046481368628792,-0.7841075017073506,-0.7312281356570063,-0.09119611012913721,-0.7561032510488409,-0.5295947963536688,0.2630293052246678,-0.7493249849042452,-0.5296039687917293,0.3346972664698175
-0.031099834492040446,-0.7539935886802438,-0.5298636873033119,-0.05523680552878281,-0.8032636760567272,-0.7706592753246856,0.25215758848078607,-0.49392604397728995,-0.9625395025096156,-0.7943779325986574,-0.9893651912519622,-1.0251559544939222,-1.0205421516883046,-0.8156345541407938,-0.0466081396355226,-0.5038099047976374,-0.01793988031405341,-0.5486450380896312,-0.9806969665176825,-0.9858511879944737,-0.4721072741267024,0.25292593152956105,-0.7561267288854059,-1.013889295256165,-1.048340601236239,-1.0135409594311515,-1.0162849955062834,-1.032093863396247,-0.70252463148853,0.7456672868058823,0.33899733647734986,-0.5300484375351839,-0.7753714805491929,-0.9441947016843759,-0.5998525113470871,0.010863719506728806,-0.5924790801397014,-0.7049438145084911,0.4864761934917766,0.5204942444538276,-0.7399511295215987,-0.7817458177851718,-0.6730732152653138,-0.5081916263581847,-0.9544879671273336,-0.8141732889320613,0.2719323702640613,-0.18752228445903768,-0.42001969747720197,0.43481972179602285,0.34216094656313184,0.027667811583120046,0.048449984277889,-0.5884094057093766,-0.996086652486931,-0.9889834650164688,-0.750686025500805,-0.7156050172068745,-0.5296141428888983,0.348402615752961,0.7105188849356007,-0.7387986303579174,-0.9763365597097757,-0.5796787026235739
-0.8028772393532033,-0.7203791993654235,0.26897406890596737,-0.16977561186224116,-0.7192310985439851,-0.9773489630102662,-0.4953372488388879,0.24294983748460758,-0.7461825200158377,-0.740195650162562,-0.7550100200935302,-1.0100147108465656,-1.0554462440286587,-0.9560661098354998,-0.4709016428140962,-0.6677264572784647,-0.7726272091066002,-0.9733665366058644,-1.0456457400376498,-1.0040123605314437,-0.7454170138379185,-0.6974064951498294,-0.7642667504248324,-1.0213472670814554,-1.0123521753791103,-0.7602077660787542,-0.7374869497748763,-1.0016645725142608,-0.800019559474207,0.32257239024823725,-0.2152424321576534,0.2485435076867039,0.22483430591580045,-0.5677020975577121,-0.8978072172059431,-0.6092910495954453,-0.9198815258504546,-0.8090694879249017,-0.43040956733037067,0.5257549396354747,-0.4846707901350073,0.21347115136178488,0.5052210215897499,0.24232602238006845,-0.7753786416407674,-0.7177292478646501,0.7387093518071868,0.607111668395218,-0.1945715686130902,0.23797595150504394,-0.26190470210390715,0.3527342480959807,-0.27796559475334576,-0.041682159576966755,-0.8021797863615513,-0.7401565369202322,0.20095325641583583,-0.5187385989404749,0.02439502840533977,0.06473361799707264,0.3262160332148314,-0.8060941532230944,-1.0482116460619806,-0.9906300321094058
-0.9734874753288784,-0.5218222276975202,0.5746522684819044,0.8318974598671299,0.5181051416787341,-0.7646351372065081,-0.7384216772994275,0.21451121379033578,-0.4943952683443996,0.3041198318357572,0.48884537303335596,-0.7460743082199935,-1.0122956083789998,-0.7440503362846964,0.5263562648809652,0.26149586262914376,-0.7668428432018252,-1.0157808139084448,-1.0119374878864396,-0.8033394897679473,-0.07684228709469315,-0.44984690165996144,0.20685520907937613,-0.7410202991474486,-0.7636740710149176,0.2506575149552256,0.49088011852680447,-0.7324061531555518,-0.9584865692416135,-0.5593725437348753,-0.9127969910482138,-0.749812072690672,-0.5303859878128588,-0.025788312240925947,-0.5682699941157563,-0.009974575989862598,-0.27226454276288725,0.27553963003742804,-0.16556694430655103,0.5105987565618986,-0.7312818772330176,-0.732322807522322,-0.459976986602862,-0.6703612238585724,-0.7688442107817879,-0.7338336576630689,0.5344548789420119,0.7745554375676098,0.5535113420214183,-0.5292371717654988,-0.7029731276635642,0.4040264256774643,-0.6484702147433824,-0.5068838849592384,-0.6837529630462158,-0.4819214178604733,0.22469653785448376,-0.6799572514923149,-0.242931268153137,0.35175002612105877,-0.5186898416064186,-1.0048634107585486,-1.0549688714816965,-1.023073495589999
-0.7686789919847316,-0.08481359776303628,-0.1896540439681984,0.5706037555446745,0.5032014626240059,-0.7754672542045499,-0.9973872056257255,-0.8064258503382709,-0.898875397010711,-0.213430433817954,0.32313868769395165,-0.776537815463155,-1.013972028091014,-0.743762883229088,0.2686191571099705,-0.4963303531038951,-0.9750250754410088,-1.0394127659219485,-1.0334190646900074,-0.9607901109870444,-0.7376574568340825,-0.45397813051880187,0.299777300820797,-0.4756500199138886,-0.6971018030299954,-0.4709349457064245,0.31309612414742816,-0.4771106826779405,-0.7453746785904845,-0.08392644793937941,-0.7806272334283607,-0.7926307772997472,-0.9106144774337372,-0.5112021734071068,-0.6773630416598758,-0.5289714997276347,0.28064913452483814,0.7318976824545154,0.5653937722599728,0.46419304550286034,-0.7450183116860756,-0.7989581333589821,-0.05990028521054957,-0.5234115040542457,-0.08397204567908317,-0.7938304464618201,-0.744199921285137,-0.42778161348467625,0.4731306049463321,-0.740207075125621,-0.7911323799817782,0.18204752042524694,-0.449278539328507,0.5196244953653709,0.5024125684014191,0.24891278655629057,-0.5020638957970558,-0.7527842277992265,0.2514671561959208,0.46479996333158646,-0.7431704411507705,-1.037487761899004,-0.9952344321662097,-0.7709776411260456
-0.5503661387539078,-0.7217610614534488,-0.7323631913279003,-0.7578930101609278,-0.7859178584822654,-1.0236081966049164,-1.0319813149285397,-1.0085202974235123,-0.8319969527097357,-0.023822279074452554,-0.5317993762303199,-0.987808269155349,-1.0087920914843946,-0.7673524070298543,-0.7414412074242268,-0.986642733949506,-1.0496752725121479,-1.0097093177760188,-0.9784840865517068,-0.7709706498860281,-0.7351498290009648,-0.032591092662395474,-0.2263583935986966,0.2632200987036065,0.19515692245365515,-0.7168000162050765,-0.5152343377351887,-0.04369270802305601,-0.7520489365266732,-0.7515663532242165,-0.7576749118872642,-0.0565496834553514,-0.49920307036859124,0.515792507769312,0.24357185747511287,-0.7789085901048924,-0.7611184952990366,-0.4408227361046481,-0.444398069434906,-0.7010369520194644,-0.808971335866799,-0.9698279129343889,-0.7949404071211009,-0.9520072149299527,-0.8119764466601632,-0.9903520533976522,-1.0385768262437585,-0.7665135211551617,0.173401531626889,-0.7445549404940132,-0.775583004019585,-0.7151680881387275,-0.5058550286910551,0.2709670254543989,-0.4566928580682495,-0.7756421732455335,-0.9794455859055207,-1.030978729110899,-0.7900384326045787,-0.7321882062448904,-1.022519733544411,-1.014398703305511,-0.7763622265206414,0.0011275172367577612
0.05147961593227918,-0.2025335259132253,0.23542978911203552,-0.7956271988088521,-1.0101838239251657,-0.9877243242911677,-0.8173689896515197,-1.002889946256617,-0.9852403090555373,-0.8043449664088467,-0.9919708352538558,-1.0171362617188529,-0.803113155431609,-0.09123656436179657,-0.7840210145803093,-1.0183272410330488,-1.003575330843874,-0.7660125043510886,-0.7327672075747608,-0.08371808710841991,-0.7540260335047176,-0.7802961564318854,-0.9535932123489785,-0.7387819804321908,-0.5169524986279282,-0.9454090555618165,-0.9870946409640988,-0.8113511626452612,-0.9893203477781314,-1.014777032429287,-0.9412182243343797,-0.5252119835367608,-0.6799668341152756,0.29509449490670703,-0.24666149656220737,-0.9554571888894439,-0.8059731272485722,0.21764580818788357,0.4887595203097328,-0.4893679659651294,-0.1134989436970431,-0.7753930545120745,-0.7408010183849644,-1.0051336415693446,-0.9782035801176635,-0.8168735086608963,-0.9453687614224369,-0.796917763113183,-0.6927956237948809,-0.483356484197831,0.24398984704052934,-0.48861325993244575,-0.07601431722005379,-0.5062644461486806,-0.7358881335245804,-0.9410431431259932,-0.8232389645868233,-1.0143143523085432,-0.9917497705788779,-0.7824121793743187,-0.9735687095917459,-0.7793984078447785,-0.6964784626645358,-0.5353145428730176
-0.5330107392921559,0.2910093056159183,0.49393397836514336,-0.7186552661720934,-0.7326722168723852,-0.49482865927623054,-0.04256076899426122,-0.7702365990423743,-0.7207927235396249,-0.7543336565660228,-0.9752006373798385,-0.7872069419751949,-0.6747391128666279,-0.46566070686813954,-0.689940248623181,-0.7441472200602138,-0.7767638231316671,-0.06377443286289888,-0.7488839162433368,-0.7780684503837759,-0.9185445794558947,-0.8015538355948766,-1.0040313899081443,-0.7892211862829501,-0.019023836510929686,-0.550563457571505,-0.9701978953948527,-1.012897840807116,-1.0354577750330263,-1.0129924478544732,-0.7726940753424961,-0.07086877213797528,-0.7562739571019348,-0.501029249947237,-0.06356332093233005,-0.7927052328447681,-0.7438283790553809,-0.506001326074991,0.22587785695181792,-0.7377300036205223,-0.7809173509403207,-0.7341540021047182,0.2268092730611985,-0.7466641051068695,-0.7897500876397365,0.0021367294458394352,-0.24412220836951962,0.008167047326425939,-0.5219814627177336,0.26017801944558405,0.5291320061921929,-0.4468996960615398,-0.7485094015426105,-0.735467213408646,-0.0950505682213031,-0.544287583561639,-0.06739326272114411,-0.7941195745938433,-0.7273158522010527,0.2106443638935604,-0.49511843017270074,0.21531267334562829,0.21843229990627822,-0.7151373100870462
-1.007503518754939,-0.7361720886839737,-0.45407103272877203,-0.7031046223652224,0.18432065058494979,0.26476335049221417,-0.49978885083282254,-0.6679982268145797,0.4953397133968702,0.28946988113906486,-0.5108144326613662,0.25033521595001706,0.5097082212085418,0.5530323252464174,0.5431886638860638,0.49323216938940656,-0.6477453545120324,-0.5271970474504116,-0.9533739652964222,-0.9500928373834019,-0.5521225835953669,-0.05435814842596657,-0.7667181762537135,-0.7102816054494921,-0.5047609837459578,-0.036606084353157285,-0.805938320713493,-1.016114312508524,-1.0112889370597133,-0.9848859978951563,-0.7431959427753337,-0.7508449712727214,-0.9682903478398073,-0.7645314118312702,-0.6955592296912921,-0.4943666073825867,0.19194243374218936,-0.6983089154981755,-0.4832910045253493,-0.727210288242329,-0.7722007761909437,-0.670001504245064,0.477872204105792,-0.7252487134680211,-0.9623313625767101,-0.5433599836104654,0.037594296180340304,-0.5504676837432079,-0.9454429927711302,-0.7615950543860703,-0.4693520476354307,-0.09790763419957012,-0.7584413125023794,-0.7448844049923748,-0.7881962620590933,-0.941593559561954,-0.8352154236111241,-0.9398890318594008,-0.522408074895001,0.22532248700370774,-0.7463732039858694,-0.7055711436415402,-0.5324443793587016,-0.9625068649711719
-0.9647862075770742,-0.7963505867170259,-0.07911500745376494,-0.7489037945936808,-0.7553688367544968,-0.7539675386946247,-0.9506779568444655,-0.787608180331594,0.2591994275315545,-0.4972287671886819,-0.9398389375227463,-0.7756728191403912,-0.7312690522383029,-0.7211122135122172,-0.4785001814596505,0.28915071236900125,-0.5234115616377811,-0.030492867118166185,-0.7996411882640172,-0.7734869066119793,-0.05144122118997548,-0.457512047642242,-0.45005476722317594,0.2453253251473193,-0.7216760013774937,-0.8149876339480265,-0.9904502223085758,-1.0047111890635032,-0.7582548623288515,-0.7524047532860139,-0.08711438302178391,-0.727468924641253,-0.7996612769580937,-0.04340898420073416,-0.23433421157502846,0.34031902587780205,0.46320388779313365,-0.4499172554712099,0.519338436423287,0.4973510877886913,0.26674500255262934,-0.2064951056468624,0.30850777190422846,-0.7903065337502615,-1.042916663968072,-0.955631687893793,-0.810302206445461,-0.9754883907258409,-1.053183067818968,-0.9924056606619411,-0.7576775956237352,-0.6988222586071621,-0.49469036503650593,0.2387574094136264,-0.7283219824395512,-0.8362634754018485,-0.9280953692179303,-0.5495636118959549,0.2817123696086986,-0.2160267762061728,-0.6704522547233284,-0.547529862347364,-0.005198601979976994,-0.5784239968635804
-0.8377656789749033,-0.9800457180115938,-0.7557695271298367,-0.7671019180281597,-0.9371746598958833,-0.7541554740193455,-0.7809306759236324,-0.9667655385317034,-0.7934229480493411,-0.9777955857609463,-1.0495467519469504,-1.0223029190770747,-1.030842270167155,-1.0419123679664812,-0.9475622076202326,-0.5419515478135226,-0.8721811906619834,-0.5679235656616688,-0.9132931861775183,-0.7720344730407639,-0.6966468576191907,-0.47082987266810916,0.33398852986213345,0.7093514842503086,-0.7177366033374992,-0.9818282896001093,-0.810153848443476,-0.7159566736934353,0.18589710890078037,-0.7105943968490195,-0.7334790759451306,-0.7560524266969415,-0.9087679504990394,-0.5741963419858298,0.04824793944110631,-0.23923374265315658,-0.6776902483849256,-0.7465974886221176,0.19801094989851686,-0.4316565975015691,-0.5150479546135391,-0.022544993155845204,-0.5500016248052038,-1.0020959810356582,-0.9966466460324095,-0.7938289482299312,-0.9779693728411322,-1.0431009605920478,-1.0182981535076152,-0.8101341849595315,-0.021685625920223783,-0.23269289680355557,0.35746059787464757,0.734270417234623,-0.4398837147383838,-0.054229339990193415,-0.2399595999380774,0.5825590269287836,0.7691676608481625,0.579016005136611,0.7204357103235406,0.30025605406914635,-0.2689526143028718,0.03506016789693242
-0.9659542923771461,-1.0000002662946341,-0.7611567704718324,-0.08102577936571334,-0.5033684821305193,0.23227615005753918,0.20506780559476284,-0.7619106479107172,-0.9981368324403097,-1.0438753877577938,-1.0326477789652735,-0.9995142680748784,-1.0287299444745872,-1.0151924458230193,-0.8037997444954115,-0.040675757213140734,-0.5634519671525866,0.0023873431232055028,-0.5354603471944096,-0.05497558166555876,-0.531923696089679,-0.01550475680877595,-0.2461417490780986,0.3301183129523791,-0.4794406136236516,-0.48279834162626306,0.28628657792149925,-0.1944852014581334,0.25522508549995654,-0.7343899326989151,-0.7702741117859049,-0.03792900265408862,-0.5436806865074125,-0.8846729354540082,-0.568412949415477,-0.03617707925868861,-0.7630175727656333,-0.777647377687104,-0.7244939048408341,-0.754174150066537,-0.9667232122552815,-0.8489629607412771,-0.975633328117067,-0.9784054678477442,-0.5147138902498751,0.2626906844341294,-0.7684135227501476,-1.0271457937417248,-1.015722124236513,-0.9682410721887277,-0.5544565853831935,0.009858226684928851,-0.2672021521422774,0.344470950655119,-0.480372810669246,-0.5077595151154246,0.2566601320060693,0.5346057758341424,-0.15874060390406447,-0.4030508549653652,0.5146681844281391,-0.5167448049309732,-0.8746397060531195,-0.5705197079368042
-0.7937402543542236,-0.75079503073419,-0.713209901558593,-0.7261978754620051,-0.7339237087653242,-0.7004767476409715,-0.7172200583948701,-0.7621033539956296,-0.9694849929759255,-1.0399083680524108,-0.9767409143823961,-0.7757604482058789,-0.9674660305644128,-1.0232687794715498,-0.9861167265472451,-0.812679469057026,-0.9214922990358059,-0.48777632833463674,-0.6765853658326751,-0.7756059592373429,-0.9568864646375539,-0.830853570365321,-0.9331212683529949,-0.5428528384832964,0.26213880956638275,0.5137021552873716,0.7178539149670811,0.3109186055720931,-0.4627737002201936,-0.7709556022621613,-0.9383358787083254,-0.5376872304566609,-0.03183568395780908,-0.812374600003492,-0.9283274496861871,-0.7904390143658395,-0.7772068790328273,-0.10176946868424346,-0.4650377507717983,0.19761507699409975,-0.7916991255341731,-0.9683909270654119,-0.7494551106466406,-0.48803465782269584,0.3064596539608338,0.48216893143969114,-0.7306116990943136,-0.9632551066872335,-0.8215263420539456,-0.9973610819845444,-0.9567884504632251,-0.8491110332687212,-0.90811666184793,-0.2712419158479778,-0.03602235465575745,-0.8007402260025748,-0.7679901481428925,-0.5344031174782954,-0.07344926348316426,-0.5247392148070031,0.19507258799930405,-0.7085832790697107,-0.5538486426635809,0.003715863341129702
-0.7015848588275818,0.19436292245698072,0.2209922475300704,-0.4914137868778054,-0.023861385417791137,-0.5309880084994963,-0.7266953658555109,-0.03527027762301677,-0.532048166720443,-0.9362222902878975,-0.7649353308874303,-0.06477231573202624,-0.783096231574055,-1.0047313575034453,-1.0365822963847096,-0.9862829963433317,-0.7678347824398012,0.5261106440924046,0.23904538374304168,-0.7780402991511146,-1.023665417100377,-1.0239781565655335,-1.0586974738346386,-0.9540907160764887,-0.547167186223487,-0.6970685292354833,-0.6832439169146335,-0.4896685531948967,-0.45538311231073103,-0.07722819031419857,-0.8282540161898432,-0.9266086105999238,-0.8128277847517158,-0.9528848947253883,-0.8107763694974267,-0.9829183803477083,-1.0201303271575883,-0.7478305583070453,-0.45238600369795373,0.25418534575261115,-0.7655690657008002,-0.7748245119898324,0.20446605659269845,0.2574132330668368,-0.493949281326815,-0.6881858004699413,-0.714312281949058,-0.49078837355808813,-0.06080464168037498,-0.7691264516316083,-0.7911020965397861,-0.9719856611054057,-0.8114105344557129,0.29819064938499934,-0.2646607133295901,-0.9587660997011379,-1.0529413432104682,-1.0249424696685587,-0.7923572722665608,-0.7313077354925701,-0.7596144401075764,-0.804099267034476,-0.050902968397913036,-0.5133233391832046
-0.7313641891001648,-0.7320722894775967,-0.7348045987937988,-0.6595361530997483,-0.24078505078811063,0.0029194378306556024,-0.7666248630446246,-0.5248768807068257,-0.019715932233872285,-0.7490081467386767,-0.7229331347084388,-0.7188328517201275,-0.9930914931222353,-1.0454508683769848,-0.9987788910905414,-0.778066216377515,-0.6940833180580469,0.5168823455463927,-0.4651308012771778,-0.9642882074600999,-1.0438447843494427,-1.0347200886410843,-1.0193868758732694,-0.7987160789494996,-0.04687315496713702,-0.4926899690069272,-0.4707181328941834,0.24024831574638555,0.23697819828105504,-0.5344155051233852,-0.9338448423248442,-0.7988732498092418,-0.971890788479897,-0.8071713300262895,-0.08928882540623173,-0.8094386597682082,-0.9906521834631276,-0.49492138979813466,0.3194484878045174,-0.22294039014801,-0.9628648089801594,-1.0175691046913962,-0.7628473689815573,-0.7431499160218118,-0.9784772790891455,-0.8030081570648477,0.22729664838767005,0.5286479058368379,-0.4415137654586276,-0.7434097828403974,-0.1366504801527954,-0.7903785331996726,-0.7624823981003636,0.4680245176678646,0.32341889815806535,-0.5316019009532339,-0.7866322839429708,-0.9698316167619687,-0.5068478034607231,0.2566635733950131,-0.7793768619555129,-0.9679492814415239,-0.5285056531306243,-0.6607626819381911
0.2209749044200249,-0.7522264583141282,-0.7647490912453707,0.1627727801954287,0.3199537637592801,-0.2444384697877575,-0.9415888774462353,-0.9951141770093033,-0.7918519880954236,-0.7672527856658442,-0.04744322153425653,-0.5000013413763233,-0.9688587025884479,-1.0423220954175134,-0.7784749968298851,0.2121887045822844,-0.45730449643884474,0.21049356686559578,-0.6896891528096329,-0.7986587914539638,-0.9916006008605986,-1.031669755476076,-0.9921238601058732,-0.7366270576283045,-0.45460680829281835,0.23044933017195227,0.22532660558268652,-0.4946177460183958,-0.7544034152710752,-0.9635415647232696,-0.7734348837483973,0.18217045368926074,-0.7211625565591535,-0.7022949016920015,-0.4711955269870024,-0.7179312025921897,-0.7314576782642124,0.5247645243398944,0.7622469304312058,0.2995054530706961,-0.8281106317410242,-1.0404684087457543,-0.9718826023809681,-0.7852632282278563,-0.9916768051626378,-1.0107971879423765,-0.54396632037326,0.2677931172622087,-0.4527873893818752,-0.7304406850835111,-0.7461860353948897,-0.7992759980336533,-0.96907371209748,-0.45935297918402973,-0.18386569823776733,0.2648635563029067,0.2217804074558981,-0.5372808193309071,0.32668458730715727,0.7488407976835983,-0.6915419099053783,-0.8026884277971812,0.2664217460593347,0.47017696417132043
-0.7809470556203751,-0.9937356789747677,-0.9981135669144595,-0.7715251273273791,-0.4740151843493661,0.3249064127253343,-0.5309255838740244,-0.9999486652073826,-1.0200159255543402,-0.9973192818267023,-0.49176731418243597,0.30346850337088965,-0.5334295722143092,-0.9686043196124007,-0.7795528702782589,0.24358992562257115,-0.49875071816354066,-0.6534116888165968,-0.5290913790753143,-0.050508446270626714,-0.8069149814023037,-1.000480390131971,-0.822367941148763,-0.03299185400519332,-0.4935511813740648,-0.6853083210811167,-0.7947613031815636,-1.0004931294094572,-1.0190342189433863,-1.0440572181550305,-0.7879108507973861,0.2699564832184851,-0.16004020415601014,0.5535059389201433,0.5410484320415408,0.21954505990738293,-0.5200572169487898,0.23896057664809847,-0.37553521703923615,-0.5174380388741056,-0.9544965532041213,-1.0349580246511252,-0.808309876046133,-0.02356455752017702,-0.5545089962536306,-0.9854647925949682,-0.984469961736751,-0.52204752121722,0.526294865421259,0.5548802172094011,-0.16207236580865222,0.23358585648202854,-0.5365267453088927,0.18544448477248984,0.2330904931170613,-0.47001965640993093,-0.49859170530864627,-0.9053953530278702,-0.5197305395616691,0.2807884871970329,-0.790124551248975,-0.9585940237471782,-0.48913574210561317,-0.6872027595375955
-0.9661009127397147,-0.7698238466611613,-0.7691750913929708,-0.9699055541415037,-0.7364827875185853,0.48503375479312344,0.2604794215237325,-0.7473980675957186,-0.809280299680035,-0.9324494932238585,-0.48341586950897725,0.5141298462996056,0.2782123778616045,-0.5277969549191307,-0.6634213723126828,-0.23640147752673324,0.032931488682429094,-0.28916713945175326,0.011392461622309627,-0.5386796525619301,-0.9711296146278069,-1.0531140618617576,-0.9403820081119906,-0.2722544231778421,0.037510309333719856,-0.5553009896389282,-0.9764659568811512,-1.01999061705849,-0.8076427249200641,-1.0046801198308526,-1.0173205472269526,-0.5288799966695152,0.2796099859083985,0.48137994335998324,-0.4666890433524779,-0.7818196674527428,-0.9905834253544279,-0.754537051295593,-0.5109370909101048,0.017915892894305698,-0.5715392265742861,-0.9845900017151696,-0.9527832492712816,-0.5518611247680358,0.0027583688659992213,-0.5460788882277602,-0.7576058522436572,-0.7165081120461748,0.4977596108949593,0.7668268204579634,0.5577030695046266,0.49462681692404364,-0.4216378276981089,-0.45432418860533896,-0.47243744609897226,-0.7397256845382126,-0.10899320484533884,-0.8273511882613098,-0.9588943413092041,-0.7895082683538613,-0.9868061803148706,-0.7750106007249284,0.22347141041129331,-0.7673020569115075
-0.7523347303815153,0.2183640053409159,0.22660418477329827,-0.7876937445621442,-0.9848498933009793,-0.7374945089091419,-0.736929320532083,-0.7694195684231505,-0.02981170347867507,-0.2668184113841865,-0.02179862978072906,-0.5026401705054744,-0.4732448394747698,0.21701983866071584,0.4476935611335682,0.30104750260284086,-0.3117698434793128,0.014491219079553285,-0.5366872756449492,-0.6879697888064692,-0.7447787257241212,-0.7390683325053106,-0.5023197735000423,0.35934183552245286,-0.2468076260847032,-0.05026572026251376,-0.812235768554323,-0.7296334390114761,0.24268602712048828,-0.5400244015411878,-0.9637592910889975,-0.7690573824126854,-0.5045898475367621,-0.7448269734458929,-1.0423012380473267,-1.046885713292161,-1.0364236706977095,-0.8018950472526089,-0.05213932677223263,-0.2464766187675296,-0.029801054689812666,-0.7806959490416651,-0.7823194924433156,-0.931254331024643,-0.5535368753138138,0.28095043649080537,0.49814427322313576,-0.49820002415079273,-0.7327629541778284,-0.7554618477543575,-0.7573814891630077,-0.4610773696892022,0.49962461940388125,0.5513302086166832,0.4771014797760654,-0.7030013716907781,-0.804565528594561,-0.9963977362621681,-1.0344185981839304,-1.0121043990977334,-1.0208563447336376,-0.7634977189122855,0.23024788687691328,-0.7646963288037085
-0.7791892122129824,-0.7039395956632839,-0.7436056374107386,-0.9879337987083806,-1.0393519954986061,-1.0180217850970525,-1.0240164512489682,-0.9918020648946392,-0.5217136585139436,0.30740806074010935,-0.5487278089620723,-0.9582790964412307,-0.8255245003665803,-0.7132284358630903,-0.44942929885570143,-0.5386651523996082,-0.8766695576358402,-0.5885840193291071,-0.6730950610381462,0.19316814488738263,0.48886758729473917,0.5107493624375288,0.5878693617838145,0.7469349689452041,-0.6424624720877166,-0.821477658996861,-0.9516771815732777,-0.46491755574518717,0.5162874614069296,0.2930016634223072,-0.2634751807615027,0.2463474793843721,0.5076931501251245,-0.5134894930996108,-1.006029577162647,-0.8187792583249613,-0.750394824308628,-0.723549010480625,-0.7557528279348835,-0.7249720046240593,-0.7450857164325765,-0.7157988540985483,0.1670630118760271,-0.7612146665835472,-0.7042778302403594,-0.10618965950245939,0.7946257184253992,0.2466913877688754,-0.82041767637967,-1.0441442412249888,-1.0470368268051764,-0.7878891958472491,0.2601632026673898,-0.2128566411335878,0.2899825333826035,-0.5020624993353754,-0.9610929348773682,-1.0381135499173684,-1.0290184159311047,-1.027773777026749,-1.046889847998413,-0.9627106056592036,-0.5259214778393373,-0.9245728868772292
0.003398145564507435,-0.7820460266769507,-0.9873505262870734,-1.0248598808228087,-1.0245820680090736,-1.0252605652910334,-1.019763249473502,-1.0420536935174118,-0.6988248149690992,0.4889792810176841,-0.41357839564243176,-0.5433270231737067,-0.06302755733466074,-0.24000968652621035,0.5278907467149109,0.29374819847802613,-0.30389881653795675,0.025671932010386478,-0.5385045787899703,-0.7258888388305647,-0.728394564834546,-0.736134378308513,-0.48726558442542595,0.2609856293804213,-0.788203246475645,-0.9963746174562493,-0.780017192382145,0.23581909721763963,-0.431091299898239,-0.46347740948493715,0.24585506819901815,-0.17191730157557925,0.7917955184064491,0.5585771423458975,-0.514400109738699,0.2125904774351849,0.5018869314393062,0.5016264596025934,-0.4711796478468658,-0.08987725976009046,-0.4663398693171397,-0.4504289176596476,0.2590731827498239,-0.5156357802373757,0.25106996923144326,0.7766552343420245,0.6010962912582708,-0.530722105447304,-1.016821562661351,-1.0516450839016167,-1.0482807076082912,-0.9764059728472922,-0.5605723760984249,-0.8957124264042403,-0.5112046215647816,0.2523716222861528,-0.7578172274705224,-1.0148386903015516,-1.0292195491594205,-1.0109051298867955,-1.0325951127108055,-0.7718033021662923,0.2584112219324779,-0.2748907151591208
-0.5027431425954546,-0.9951908752050854,-1.0404407388192305,-1.0214994149238446,-1.0131798980218816,-0.9675614108145619,-0.7910175397780231,-0.9345405845296533,-0.5122931990201279,0.5394223147294411,0.5419094977612439,0.509677240842424,-0.2124949252667854,0.26325132861037054,0.536627985111422,-0.23654669450060894,0.02207108105691009,-0.2958634337095122,-0.021286432439544558,-0.7543109731739461,-0.8166465609147149,-0.9991587601341707,-1.0114189825044233,-0.8045076394739856,-1.00711530520785,-1.0261999133361839,-0.7667903148546941,0.18569448926419319,-0.7033023777731603,-0.5205904976175904,0.21476810164421362,-0.4778482617434003,0.5433348925562607,0.7637117034938936,-0.40338648891408524,-0.47876408121608943,-0.4335934701767496,0.24201766105348005,-0.45177801745069784,-0.4482999987089419,0.502713619715989,0.2802414365838986,-0.5344708664420291,-0.9388605528324568,-0.5384438303063431,0.27489679547334145,-0.5244861499243095,-1.0047470112525754,-1.0140225000407803,-0.7595825643611307,-0.7545247003872148,-0.7748201923569886,-0.08762496497368905,-0.788363793501276,-0.7303966328936523,0.20864269836175486,-0.7520922315089388,-1.01769255894035,-0.9902976519176454,-0.7847564305935989,-0.948013893618497,-0.5206705892406649,0.5833742942756179,0.5650122953199848
-0.5436900162962074,-0.9760543510569226,-1.043590833785961,-1.0241986861704397,-0.9939883952537588,-0.7762114873658331,-0.03720230743569694,-0.5484364708344208,-0.05363496596157604,-0.4206145860638335,-0.21732856698468853,0.30944801859001286,-0.5042561050374142,-0.7036375471453388,-0.5205266455378387,-0.918213375330408,-0.8535601503250656,-0.9008570740270702,-0.4959974578109696,-0.48231501483099276,-0.007063643324647111,-0.5740456374810401,-1.0036564380855506,-1.034058883399812,-1.046048542337747,-1.0212800676744418,-0.9798555829635847,-0.7868695726748612,-0.7861836303474704,-0.025563184450515877,-0.25745649012184746,-0.7021604537373858,-0.4939265478406996,0.5140690460173157,0.49467966368237065,0.23381867014643432,-0.489091555467094,-0.44647659422393265,0.22677625543122618,-0.4674088415005557,0.24978565056442817,-0.5004317694934127,-0.9791284314327819,-1.0728724489927852,-0.9969150913014723,-0.8135506272178854,-0.9872872688711124,-1.0200723896465873,-0.505332643938477,0.5659341042184498,0.2418809908880291,-0.7538802305597349,-0.738732114578971,-0.774094778062249,-0.9377414658369289,-0.7948974300137203,-1.005491703622003,-1.026087350189908,-0.7363099914685406,0.23260723464674252,-0.5278398390472571,0.013927627841711017,0.0762963322255119,0.36446671001284453
0.04280976099764144,-0.5227248548933159,-0.971104162723618,-1.0391138079398357,-1.0336845998129265,-0.9628231794386779,-0.8058445962720511,-0.9561496276137482,-0.7587319961087925,-0.518996520533899,0.06642778055985848,0.011216933587344222,0.014421185743387016,-0.5613996901909903,-0.06343401914810291,-0.8208779240494499,-0.9862371018452273,-0.8007658841971574,0.21160117338912515,0.3189489354429699,0.09647203263698657,0.31471420587040505,-0.770240188578195,-1.040223726651228,-0.9992111638739472,-0.7544873718377768,-0.7657866758189008,-0.9472749851592651,-0.7204604111157863,-0.21992419273724814,0.2939643127710493,0.1433231129107609,-0.7927703499982109,-0.7267231126893547,-0.46738790787033047,-0.49760778424824353,-0.08136906213118755,-0.4818087866759352,0.1893051098331685,-0.7462911266562262,-0.7389075868500854,-0.7500558615353832,-0.9818560677567463,-1.0566360389770837,-1.0539312995410137,-0.9856834614627682,-0.7872403455000733,-0.7791807034490128,0.285353423092834,0.797318465066512,-0.4389532821753852,-0.977012658385793,-0.7754822765296603,-0.05626413412555823,-0.535289085726692,-0.9685781317355279,-1.0611453084216174,-0.9685871591247414,-0.5114772820204467,0.2774026927554162,-0.7232811508330288,-0.5920630468611967,0.016250722995886268,-0.3247863169155273
-0.4795695390941078,0.2562508082744181,-0.7688739315188317,-1.028153332948564,-0.9822006857489044,-0.8007196245592408,-0.9729482559818677,-1.04449023637945,-0.7772981030493216,-0.03475007162584935,-0.29480992374473514,0.047355186056392835,-0.5777656520249689,-0.9085653492759199,-0.8064491399754209,-0.9937199920105041,-1.040908858166002,-1.0033536924657036,-0.752360372364098,-0.5124569664115464,0.3025379313039194,0.5442266279582111,-0.5024227199785939,-0.9739697240790327,-0.7704222977880796,0.21380518520091824,0.23816609815761358,-0.5074771157198744,0.20729567295476278,0.2504800879495254,-0.46346442467489407,-0.4980200025768376,-0.9599209850739968,-0.8489845629042377,-0.10542907706934963,-0.7565052557206544,-0.7584434337612044,-0.7463315457207153,-0.7586727820091286,-0.971584673468376,-0.8036001837056416,-0.03630284252900427,-0.5362241468116717,-0.9698653552457428,-1.0340336946705773,-0.7835588941671227,0.20533364976836277,-0.7021068640728118,-0.5143472671300107,0.2629236090270947,-0.7622782225969859,-0.9966171396034612,-0.7467982577649133,-0.4423497676914839,0.2798610762372889,-0.7877600558388369,-0.9828182507252865,-0.5800976081904407,0.08366747981123178,-0.26842657173998313,-0.9722307095210161,-0.975646507177112,-0.5602459036833148,-0.6632624605911283
-0.5200394487946486,0.23428709425956193,-0.7783639665655466,-0.9727964396456528,-0.5152172520937814,0.2990469592938318,-0.5027974987114021,-0.9552379081032782,-0.7689127400225174,-0.7630283118344688,-0.939218901539312,-0.8281828985546367,-0.930958189615443,-0.8038686211117471,-0.9641881281813969,-1.0393838935939614,-1.0209320851482504,-1.0264036321523942,-1.0443443909179868,-1.0089809022338723,-0.7216597810980325,-0.19492345572249117,-0.015514813127852503,-0.7954117490044534,-0.7353149263094463,-0.702351648883749,-0.7883940988939145,-0.9747770240027069,-0.7629371069678941,-0.7821920966723752,-0.7141026089119438,0.23458258136456403,-0.5505071524148769,-0.9214328024633985,-0.5394866662185428,-0.6762350594904921,-0.4930406311481467,-0.09836934354568844,-0.7578517615610731,-0.7997908858583116,-0.9265103892564065,-0.5116780894026063,-0.03418762552473102,-0.8004235729005985,-1.0104744859913428,-0.733251651947085,0.5353348731971372,-0.49671268514659495,-0.9474738034096698,-0.8137090212929425,-0.9860636973901747,-0.8215567975100938,-0.08034675159048123,-0.42097870679116434,0.5058556021586538,-0.6958181954595141,-0.8326248933368627,0.04398904989102347,0.02504069085698607,0.03923370525740518,-0.8364877425607811,-0.7859469287710699,0.21473796196054604,0.23175273140422714
-0.912944469794843,-0.5546001438740955,-0.9296247081721313,-0.83163188775994,0.24929360845827847,0.8140663899348278,0.5763043139430774,-0.49142164890067946,-0.07257722444432932,-0.7825210524012639,-1.0232951488050421,-0.9770228761802362,-0.8049406646851258,-0.08445235028500284,-0.7685560608291748,-0.9727172637832306,-0.7594064857237006,-0.7383901356358474,-1.0131207295537557,-1.019344760081017,-0.8086847134644556,-0.030308306508398754,-0.5455941787148653,-0.6834077953587954,0.22937305704953312,-0.50606100336313,-0.9616008554333555,-1.0276806956446842,-0.8125441587606423,-0.9353166402118535,-0.493343828299527,0.5081162552075461,0.2777022362111418,-0.5406588652598463,0.24653533880729403,0.5019222398952802,0.5558364073174189,-0.4648116311344262,-0.7446446111057303,-0.12843958803116465,-0.767915684179757,-0.7107588187061629,-0.7141838318735587,-0.7373781040744495,-0.7387861008734191,-0.42478369450941567,0.8123268118771111,0.2619258433468018,-0.8317468593562904,-1.0126263110420477,-1.0216987410274703,-0.9939254161182297,-0.7695094566416093,-0.7331188486314566,0.2591979931891784,-0.5064935434241697,-0.8943709604610318,-0.29586665147208585,0.08147055098665604,-0.5899208911391598,-0.9433912811816816,-0.7668673821627505,-0.45767761125330125,-0.4882123429909662
-0.5648904494642074,-0.03674809968812444,-0.5621830972529582,-0.9535389849757094,-0.7376925105890904,-0.15303451591013187,0.2884548652679815,-0.7337930228049839,-0.7901978296756338,-0.9929761114233286,-0.9947347352658663,-0.7788210354424165,-0.942986332398897,-0.7459704147179356,-0.7224409378981009,-0.7396484436142347,0.26524048821109597,0.5021456658582852,-0.6826956636313708,-0.7869806540180112,-0.9507173838439464,-0.822361105056923,-0.9192748979742938,-0.49512368856364614,0.5222102840582142,0.29161768943108185,-0.4954922915570111,-0.755031489042804,-0.09002276986942949,-0.5164803891365888,0.25499945731845214,-0.38941618017009844,-0.507374399027262,-0.9440975729133384,-0.784180680406707,-0.43955757768597636,0.5522681197338714,-0.4174868565213298,-0.7343744881569695,-0.7374732196044014,-0.7557764897103886,-0.09616944596047555,-0.48346383712536967,0.23300204965396204,0.4696959180485756,0.5762999554074941,0.8196477899825798,-0.4567151223764896,-1.002661064547371,-0.9977369045998314,-0.7995385255511834,-0.9351979389535588,-0.7863172661892359,-0.9450512185279025,-0.4892022000253725,0.2677866234547055,-0.5221726211023671,-0.008925397002593783,-0.5704175092098109,-0.898592578616363,-0.5574633372226304,0.22597035380724287,0.5356654372316403,0.5495493080394808
-0.7276509349139169,-0.5218863517478443,0.3220081274438787,-0.5125609046731884,-0.7605531290521,-0.05078325526175265,-0.5503464453812987,-0.9908888071602452,-1.0030214210171604,-1.0218406977316403,-0.749248646531401,0.23478285330824356,-0.725875752144346,-0.7557443197419607,-0.0731712716937785,-0.7490209294532072,-0.4483783885352107,0.29243531067702755,-0.49051851321528706,-0.05674792854406676,-0.799764952205325,-0.9780983146353723,-0.8063495678157788,-0.05506223621487381,-0.47720530946883605,-0.44705803540371025,0.24275680636536937,-0.7231939070304899,-0.774888747482886,-0.6948838158130711,0.20084268364935468,-0.49889984034166796,-0.046350166425220524,-0.8443149439201506,-1.0111870369062026,-0.7513541824583999,0.5110429048097975,0.5084844301705318,0.24951602879566098,-0.46341824318972946,-0.7015536431152457,-0.7327791015402477,-0.7364381344460581,-0.7233520379413279,-0.7412927831350505,-0.5044971014851823,0.24934143271019052,-0.7698265203049135,-1.0113506407764874,-0.7711014338350587,-0.03874326454476059,-0.5227823294810855,-0.053977841712762514,-0.7974444499954589,-0.7273090671095772,0.1905606123448955,-0.6964497789152753,-0.7987630473570532,-0.964936147758877,-0.8266560162379908,-0.043168445805471814,-0.47044865651729983,-0.13159454315095592,0.5567233139021202
-0.772788762337703,-0.6830284663015431,0.7393403596571337,0.2959303113326095,-0.763245827248706,-0.8078725624250916,-0.9826788675483182,-1.005305814811278,-0.7860060854543319,-0.9768992331438748,-0.7510605500805355,0.23316299445845948,-0.7521399961491805,-0.9202270806255909,-0.5415332766368091,-0.9057708480464759,-0.7504810657287684,-0.7464824306231819,-0.952906452913211,-0.7999528733802899,-0.9874996853191762,-0.9986826646596332,-0.7201624184250058,-0.5205421123972294,-0.914746074322566,-0.7781663249821532,0.17765718592262872,-0.7480881971831383,-0.9659148048857182,-0.7823992535628462,-0.7578316390120503,-0.9033068103245757,-0.5760636271187918,-0.9715265117047331,-1.045568328897716,-1.0277475326962566,-0.7629485884054766,-0.7091665991289192,-0.4891308573471228,0.2554320245172496,0.2255422325190879,-0.5105009448518641,-0.0426562099342122,-0.5324885750399284,-0.9774608976895434,-1.022052047838351,-0.7916220649626475,-1.0108151835010235,-0.9952996634246005,-0.7362270514585544,-0.7418900869023057,-0.9387177394220422,-0.7853950424588975,-1.013221931174616,-0.9953572271109254,-0.7238478263439058,-0.7729367509063956,-0.9831207614613174,-1.0493510399492594,-0.9500338133617588,-0.5307444740320146,-0.7014661778673086,0.2462002276382674,0.46862519109556583
-0.7764107299408314,-0.7455402612131963,0.26943632199421735,-0.5208710048799978,-0.9745097808462264,-1.0370813063156115,-1.0332370821383785,-0.7591399880397063,0.2542249550874104,-0.7624143782995548,-0.9773420752287328,-0.7769803313323974,-0.9692359565183379,-0.8067488883911849,-0.018683412130152816,-0.5398304396051945,-0.06600585901348827,-0.7547423678529256,-1.0194403567972459,-1.0141090584640886,-1.0148707894448308,-0.7951457895086892,0.23077354989982266,0.28291916436448467,-0.5563067683462232,-0.9549979804365687,-0.751389738209793,-0.7202666098536659,-0.7810035767624497,-0.1257668463377154,-0.7024416697782949,-0.5598773473089402,-0.024259571492652707,-0.7688500443569577,-0.7899267271791776,-1.0140313905445564,-1.0357402796426567,-1.0377319356758206,-0.9844744580387264,-0.7683184101947284,-0.7723829877977726,-0.9407530729657665,-0.5146614305551677,0.3113769514811305,-0.5238223131611139,-0.9487938942278183,-0.788561388670326,-0.9657775757275717,-0.7974350739406806,-0.08020652501947248,-0.7821847936180414,-0.9572858882542797,-0.7998243511887536,-0.9700770171362152,-0.7558442951907965,-0.47601764552378845,-0.04792799893587132,-0.7836771490571067,-0.9956017968957412,-0.8053371971159946,-0.06884824476632882,-0.7384243822219282,-0.5247430730592476,-0.6615519449445512
0.01849640338523349,-0.7696004776790751,-0.7866748587163077,-0.955902535000878,-0.814886945339608,-0.9953910218467016,-1.0384638227141156,-0.7092078475794645,0.5192226250291697,-0.70745649547369,-1.0341800262315282,-1.0214215014302261,-1.0199029555413388,-0.9933359298295846,-0.7761843648606247,-0.939050582032887,-0.7436301409109932,-0.7386244795112208,-0.9889842172695361,-1.0408380642694899,-1.0247328133452878,-0.9636744003997352,-0.4545999234970286,-0.4578839245327095,-0.0712065246001616,-0.7804426340818506,-0.724506998111491,0.18479750826192384,-0.7319558299925464,-0.7079213797370727,-0.5287137462077016,0.026364422961683596,-0.22739229914541656,-0.3719559871387514,0.22928066821939078,-0.7782135511958567,-1.0282691766237964,-1.0447867192038633,-1.0230040616518916,-1.0263124254070042,-1.0358477887396826,-1.0168627336489908,-0.7275022607855659,0.4945059141259231,0.29624570702523395,-0.5153154197337789,-0.049363706591698926,-0.795029724059246,-0.9627806591161575,-0.7811932469201575,-0.9389906271471959,-0.545706146147176,-0.009225623304490324,-0.5571028532626852,0.23754110729319663,0.24999376801140877,-0.46999561166529674,-0.7298464113320234,-0.9960068648022313,-0.9950847671655537,-0.7641206336606781,-0.7836434444405187,-0.03450688251713744,-0.2942723073940693
-0.5710475526965315,-0.9949284409044973,-1.0288721726792902,-0.7724732885148221,0.2643271512192429,-0.5153205516296239,-0.9727647953203034,-0.7719453776139272,0.24733955486109807,-0.7379227383769682,-1.0309026691503216,-0.9715915178138821,-0.8053736234273623,-0.9417458848846398,-0.775837584284322,-0.968173575163957,-0.7735959337099605,-0.08155245009576369,-0.7758466066551017,-0.971882030967853,-0.794897809228318,-0.7245667705347173,0.23813751510734554,-0.7110359473120982,-0.756173611642841,-0.7494627171775411,-0.7301294199761748,0.1964853333436121,-0.7037714851203809,-0.5218215810190445,-0.013387445070122904,-0.29828617387468703,0.3408206379339926,0.7864551212158035,0.5386213771477587,-0.7644202750730852,-1.0307706826252925,-0.9674312657912942,-0.8062089905776341,-0.9764184295372601,-1.0058766199261029,-0.800906742314672,-0.9633854936122648,-0.7459400926971519,-0.7635757980883179,-0.9413615884117633,-0.791876445284707,-0.9859487481775169,-0.9939935896312436,-0.7446234192486749,-0.7372435850381522,0.29179241723271054,-0.23728483129345396,-0.8683498207485191,-0.5117319091286174,-0.7289587638939273,-0.7433396181995654,-0.09645306182114452,-0.8286331157005083,-0.9883839903777207,-0.7749677925808395,-0.9316490223832995,-0.5759379623246071,0.06968431644256931
-0.9346937969737069,-1.0596033187662126,-1.0078518076159717,-0.4264368233792143,0.7798412902478764,0.2901721867228398,-0.8152059678828952,-0.9867436552250622,-0.7272923276172263,-0.754051524017716,-0.9205701809847626,-0.534699981295592,0.006502544054983062,-0.5367127074408286,-0.02621995340073418,-0.8119373112786242,-0.9745025292096287,-0.7563610235521133,-0.7116935880746286,-0.750960073113124,-0.09824447840164623,-0.4477938408585204,0.5193552218760257,-0.7047915375671641,-0.7808319875862825,-0.09329025599483978,-0.7422801192301363,-0.4613983516217606,-0.4191212304520116,0.245343732424176,-0.567493538706017,-0.9133719498740106,-0.5136184881870143,0.5493038618171718,-0.45617281409524135,-0.98150986108438,-0.9880329626310318,-0.5403146675941897,0.04091053275762629,-0.5168404266824849,-0.6774958619191445,0.21889095084515908,-0.7601899678365578,-1.000650219568911,-1.0202192538243984,-1.0336574176889837,-1.0022986610862321,-1.005578775140092,-0.7506636999972633,0.24174843051688794,-0.42805463270550387,0.5000636042604137,0.29039704059668947,-0.511753762081989,0.21299109434366173,-0.7429620630322213,-0.713224403507448,-0.5080394604148861,-0.962323406960545,-0.7947089625047903,0.26862517827725096,-0.5347357345164921,-0.8874595728904802,-0.5557025903732864
-0.8355147289806648,-1.0177821972920262,-0.7758611600986862,0.5248328121899029,0.5943413829667086,-0.5208817532720789,-0.9839046237870773,-1.0265603607771066,-0.7729857906642138,-0.05239905938720037,-0.5339404934042793,0.0039431422833182276,-0.5228432273240422,-0.8756674214325906,-0.5354182349411096,-0.9388399327828326,-1.0397906288944838,-0.7606149238109029,0.24924142604884494,-0.43928699865728615,-0.7435884752396109,-0.7306583353546673,0.22529337098555122,-0.7773919954136552,-0.9341255722351829,-0.5170580379484377,-0.7168761147460084,0.25575167924229586,0.7547453556383628,0.5307080671943057,-0.7178350745536628,-0.803183715376605,-0.7288812734166956,0.19231063073239502,-0.7106489601333665,-0.7698917060629961,-0.7637134870554928,-0.0034120019678780767,-0.24265008151617112,0.02274233029503006,-0.4875996744582919,0.25742161712124867,-0.7487330594303995,-1.015259537490572,-1.0153615051986602,-1.0257427547928242,-1.0223997700097571,-1.001787542067282,-0.7396963499490282,0.21932584405752076,-0.7205577820545221,-0.7331347952738723,-0.7622861497009387,-0.7457098928830089,0.19095566289253954,-0.45411333681748345,0.528554110640375,0.5387808389076478,-0.7683104556430841,-0.7032509424805113,0.7496516294288497,0.3129446909393301,-0.5558036913994958,-0.0019423088097423565
-0.97180488546415,-1.012270488917343,-0.7505722195743946,0.5412456927948526,-0.22811644141156795,-0.9116715356014333,-0.854474939450761,-0.9958484112667789,-0.9555855766437413,-0.8016632108907593,-0.9484354916717869,-0.7613385867519579,-0.7371381087123536,-0.7719782936456795,0.02360400110150298,-0.553921147815156,-0.988073846193388,-0.7750952698676622,0.5730395371620028,0.5200428453614911,-0.7506656074826217,-1.0041311513901374,-0.798113820762751,-0.9848557235617942,-0.807667513230146,0.007555576632970438,-0.7662256458749268,-0.537864994513353,0.33391260022325664,-0.21267761254117154,-0.7292032116854149,-0.09060460706244734,-0.7668799594162246,-0.7499819700775305,-0.7635152304825377,-0.05188048398056287,-0.7207227351154891,-0.7914821077000194,-0.9350249920567212,-0.8266508162271639,-0.9557251245738542,-0.785840175921645,-0.9950938865462584,-0.9951122612380289,-0.788890774494401,-0.9542185435079501,-1.025518180064373,-1.0279746420374936,-0.9800776567229375,-0.7770550278594618,-1.005475867059859,-1.0356876946423055,-1.0191864544501579,-1.0261663165206645,-0.7309655685105201,-0.4963576426017469,0.5801128750909929,0.5356561629615469,-0.7646320450950167,-0.7492987639512124,0.2889215637311939,-0.5506517622836791,-0.9059971268775426,-0.5739629095992146
