-0.09725645076227592,-0.06377263144283889,0.1533782865842764,0.13715781583767703,-0.04734121899037977,0.019229899173276076,-0.05066613784485728,0.01709655968920344,0.07963815632646501,-0.07532353813271903,-0.26324515533822096,-0.19706384248046446,0.015770326105621624,-0.1389020101175854,-0.07726489518592172,-0.09054520839425478,0.07050700942644805,0.13884881608586672,0.1471171121555806,-0.25262692971466666,-0.01817311170996245,0.0212328207002224,-0.05675983824802877,-0.0017982695383576275,-0.11622564544883005,0.04516898067784314,0.005770441852976899,0.03489025087968195,-0.0765548624291399,-0.11042640672889462,-0.06474307379222372,-0.026030833062740705,0.11432947607112294,-0.093638649883059,0.008490313014755207,-0.17585128621740123,0.04556661221137612,0.07339234624425782,-0.10669736406008373,0.01207027080060901,-0.08978150120677376,0.08044823944808513,-0.1291671768746842,0.0006243250545939251,-0.009657131724706496,-0.056504456933174525,-0.15681785116068364,-0.06320669994495867,0.010703971080409585,0.09467274967642818,0.13400989331856944,0.08563604783034345,-0.07882070242272576,-0.05757284021921894,0.02168275645414746,-0.005328001944166139,-0.11989947489157302,-0.019229646834587485,0.030553171828982595,0.06975877031071545,0.1784923137801621,0.11324904721993773,0.1076374095086653,-0.12023271817096043
0.0734573476261683,-0.013464624403930783,-0.046370981547343135,-0.0013738380226775253,0.21350134352998987,0.07673697280347153,-0.10503471558001212,-0.07460580670313943,0.1647729510356812,-0.10180653705370722,0.00990402161598617,-0.10358669855125745,-0.19137652924949394,5.802767501422029e-5,-0.032148326378848874,-0.08327251009541728,0.001236904256590808,-0.05088056589713204,0.04754084385355033,0.011935953389391487,0.08380624133941875,-0.09816925910773064,-0.04350905625099699,-0.1350072837461541,0.08405860301441356,0.03698591978658003,-0.1235420660655723,-0.12664062237777435,-0.12441525394195432,0.148314390138912,0.08865972361656119,-0.06387724471775633,-0.08565222195189946,0.041194717618625164,0.13524299071468993,0.044194433277259346,0.18128690740293818,0.07293846018869142,0.0738667701094258,0.08403690790501028,0.0405239823100642,-0.07298106568259055,-0.09303993497791217,-0.09155514055174327,0.02241618501806469,-0.10803594453467552,-0.024062450850808915,-0.03735301800230091,-0.016625326324262068,-0.05724707831108681,0.06204462997655774,-0.02008432587410395,-0.1466744321558534,-0.04965828690715877,0.04345343246460402,0.041062738557425926,0.09570474549917243,-0.08029020971318485,0.03886356691726902,-0.09021708812887849,0.030752241133797625,-0.13296828868954416,0.03396810503083021,-0.013152877124063093
-0.04912250847499822,-0.03801310757452618,-0.05873843445388383,0.051504800632879225,-0.01048711839850876,0.07232434190344457,0.13583196516886248,0.08108015904882686,-0.05469359726275162,-0.005674414823263536,0.07598276378919544,0.0016235569342794923,0.052775890778058755,0.07393272850044644,-0.27989014631090575,-0.024786838322895743,0.0791437410569629,-0.022340874149723453,-0.016043273964084753,0.15114159191564344,-0.0024996212275305504,-0.051656725930287764,0.08700152900404151,0.017009585296431408,0.10335872025042248,0.10373356109989482,0.03155158224675171,-0.09940593032988056,-0.1450583475553979,0.028870670206743825,0.16400893056632634,-0.14562082982694233,-0.16364801396473672,-0.07884750618960823,0.04766517368162024,0.0014416178157785411,-0.10767824176907793,-0.0009169355478884783,-0.04208539734394204,-0.035950106787273374,0.10209083858816037,0.014801860522023286,-0.0012451107710648411,-0.02917083509424098,-0.009573457915271949,-0.17663983067687736,-0.01628049814314814,0.026580689166766928,0.009620354722036317,-0.03937505761466447,-0.01202841887061357,-0.022477321270069982,0.05647720426062579,0.12178109631872765,-0.062150083208272894,-0.07578798001725681,0.054764227920241916,-0.15424326298598917,-0.05242095883424698,-0.11558739242653039,0.01949220289824341,-0.1423737707287239,0.13792011621838823,0.0014636197103997037
0.06353137066193383,-0.040736251652078684,-0.08712938434415876,-0.10395358626639006,-0.028622123503588837,-0.045610866806156364,0.01608212413102794,0.07063014518901985,0.08790370872166929,0.059167636791898105,-0.03184822640791198,-0.08363549155623853,0.11611639992012064,0.041509843898166296,-0.024872580640262154,-0.002502495368165979,-0.0496140616247646,0.008997420863482571,0.052449586861395336,0.018661611620591725,-0.00633791531567044,0.046028902581213546,0.011540072908821293,0.13721534873932484,0.16910140201584217,0.026009673308219586,-0.07021999655833272,-0.08897822397154419,0.06782292368818792,0.014541841738551832,0.20271529112246042,-0.02556826014509588,-0.00549791653536812,-0.07382618531362042,-0.15177209100494082,-0.1086961222158731,-0.030550874557250696,0.08466796549818739,0.04199909300418501,0.10980994036411633,0.14624516146708458,-0.033405465524257875,-0.1753643678238283,0.005910160652081147,-0.001321396080247032,-0.062660081205895,-0.08297489213489596,0.0018507225767623176,0.02214734558759103,-0.05397609304064793,0.08466712198249554,0.028386637686421416,-0.08557579918320063,0.08154235257401513,0.08472203820798775,0.008537693741273437,0.06962918080131106,-0.031643837775669176,0.08898727243603959,-0.02679642123197715,0.07124581076892114,-0.05143042928672313,0.18958168867993813,0.19068247342864683
-0.0023746355124928953,-0.019469641300818102,0.07486860464174418,0.04992874741455102,0.15506177375808342,0.09205677025598756,0.02035989735266758,0.05110899881439335,-0.04406826729554082,-0.12144389566257967,0.07490079990638222,-0.12962470599095754,-0.09849783233926626,0.1399926934960313,-0.024011379036935534,-0.0084282147205301,0.07446624359792589,0.015631821232601352,-0.04818981075086444,-0.008122735949082168,-0.001334281236927068,-0.08299915473131883,0.011778718910438309,0.2286890673027035,-0.12873801356297881,-0.11711383478117438,-0.019550073452327527,-0.056733369788568994,0.09856191825171774,0.04393067221494695,0.015266843710550954,0.010277142989010791,-0.03412386775118628,-0.12070841942606685,0.04440390186377987,-0.04348137859318677,-0.04564654143474576,-0.04087210703231476,0.12449317535029714,-0.01850085874252775,0.07457022045579276,-0.07640909459200432,-0.0709380138144855,0.002097438035642288,0.03978019854833445,-0.028616621046996832,-0.07442321461382048,-0.024202422146104734,0.027245081102414574,-0.053400485251286385,-0.0514699703203059,-0.01950486299517215,0.08806971372047703,0.003538108085380895,-0.03116367120047705,0.1237745300614354,0.0655658028187743,0.15244204737367997,-0.07272464991889556,-0.05145485163964318,-0.08948052360439518,0.04704513199726834,-0.05949961668824521,0.1515280478883572
-0.08368791731817576,0.003018991854672903,0.14434341130401707,0.05536101659101876,-0.11623327528662894,-0.023122699970107186,-0.08647478192528278,-0.1462030294084644,0.07360398898273066,0.05415215028114116,0.022689931561262713,-0.10327556014153416,-0.026397245182672165,0.14386739558243364,-0.12869883535465937,-0.05963162455348825,-0.06295662325809849,-0.057455170933495,0.03770191435144365,0.1835452354035345,-0.05995621002485595,0.023497678170151304,0.035569154960849336,-0.019711610204515992,0.022921793039037096,-0.04314074443142326,0.07813544432846917,0.15998077670170904,0.06716469707515432,-0.019129726664315456,0.03811162327522842,0.05287231534965102,-0.09736391073177929,-0.050027557864386556,0.14833582843882992,-0.01995764551978921,-0.05089382945752601,0.011526078835186568,-0.02356476973774133,-0.06302827528589083,-0.048408952629050636,-0.18085448368314855,0.04329759795406052,0.2694548824575431,0.09061103926005654,-0.05749683418984525,0.004495208860842533,-0.09158465769427727,-0.038956100063147314,-0.09365425649934567,-0.025803970245664103,0.00035059184999796864,-0.054123001387087255,-0.1597222076508953,-0.1531463065588682,-0.044565279291705916,-0.06434423183062188,0.03314854441860239,-0.13717847856915028,-0.019785708938475123,0.05128276019258478,0.12959028164293368,0.010260385198820332,0.08315274710951612
-0.0041963039682500584,0.04771932620343084,0.27416693248620416,0.009398444057896695,-0.14661013993090705,-0.0250623731506544,0.054779265011510904,0.015200872262223816,-0.10740987173789163,-8.184932913299359e-5,-0.02221485400043648,-0.011783733235519706,-0.07044800878341077,0.07105070353375052,-0.040563597906022215,-0.07554208057818242,0.15061227882625672,0.015026258582812865,0.0958697943711387,0.2344727573590153,0.023549222759481896,-0.05276620569628221,-0.0581186643634288,-0.03825739708457676,0.04393442603514856,-0.04199287835625071,0.10071322001069714,-0.00039138446166418067,-0.00601411891120749,-0.052842582834901564,-0.07522850132179854,-0.12424947310527021,0.2016806644930889,0.06508496166717093,0.04835100008806157,0.007707464627278577,-0.1348549117108027,-0.04303787780184807,0.08794845566750967,0.11530807513468405,0.014695300681640197,-0.10646749851101722,-0.11171831070454556,-0.008121385113822821,-0.06222174914020476,0.014145014662172427,-0.12768310907456562,-0.09278751611910543,0.14989711233003183,0.02100675865530331,0.03839056756206032,0.10174409123265524,-0.026011342166814087,-0.07934535259875367,-0.12889067177871938,0.01628476590097879,-0.07610375600114117,0.02582719341814302,-0.01792580868801718,-0.06797994892627432,-0.09648769273263247,0.03588668250413413,-0.0703153885217927,0.03185104010919243
0.1026026188882176,0.06545148869317362,0.14754342383548882,0.06555305733196606,-0.07948780747250303,-0.08118123311775735,-0.0588235717805023,0.009494104775028295,0.018595131762508328,-0.08144682234914952,0.08785271041102771,-0.10345792694214415,0.20760198738883806,-0.008642617817190265,-0.1717364770472737,0.016239317923855384,-0.03395079786476998,-0.02893523393772765,-0.050451775978210864,0.13716810875974733,0.018505866488625376,-0.09276200539230645,0.004127083412806341,-0.039371421754017706,-0.05465818147541495,-0.016208130733594305,0.005341337669786079,0.12195578940388897,0.08581701769407073,0.14867021420731735,0.05037943184535598,-0.10998226464422671,-0.05443577665009865,0.04292060600435371,0.05729133680394493,-0.04140484447304348,-3.0150185975016258e-5,0.04144049995058541,0.046623235441345834,-0.018433258050520426,-0.11852358070617142,0.019863229878530123,0.036852609880550655,0.04852590259429812,0.08266631000245052,0.00508995358561728,-0.13429339252832354,-0.004872492387622088,-0.020341728199106898,0.048086631956400123,-0.06362601225123488,0.024500016162819143,-0.018640555520310947,-0.001950356517261359,-0.049374866304330835,0.060348286386466346,0.20597572267847825,0.09761072397654576,-0.06903675840203671,0.10761967993760255,0.11643709407613459,-0.03229842797320814,-0.005382243618796717,-0.0655340794099404
-0.03448340003075901,0.09989553037012766,0.17603508077898428,-0.08316453703196608,-0.042201823597484533,-0.012056340625633481,-0.2508308980065067,0.02396618914135581,0.02441080290932761,-0.024048874289844178,0.1500709170232184,0.15628534202975816,-0.017998495394716867,-0.045024906870215556,0.11631491892342982,0.011690144563411192,-0.1213722782774877,-0.050364119255514324,0.10429138291992229,-0.09593694413046923,0.10184017450579902,-0.06696083462727746,0.13231540039622508,-0.00720810870625903,0.07695538053327822,0.07804084959368238,-0.15523021812873833,-0.21277251848087608,-0.012430232955058799,0.07489162987174389,0.0023565870809941487,0.14291466655758467,0.12164449848274572,0.04840636043943579,-0.1158582221510085,-0.09331518147529236,-0.04431757679082082,-0.05444529123449327,0.032318444042296834,0.08624810116494336,0.14902353275142696,0.08188911733451254,0.08031424411813526,0.08832272851759497,-0.10330551976290457,0.0024262959166830387,-0.022972675534373974,-0.057702388008106606,-0.01506463317674229,0.08829889990510156,0.03903415033271292,0.046444383182778035,0.08413107143114686,0.038014332062990014,-0.006086358183389151,0.03190200250375431,0.01723927888518824,-0.0727935428722653,-0.09893764739392993,-0.16270011716599866,0.10406192251760674,0.11307293591493085,-0.08683749924384229,0.06411059206673912
-0.06101117909807184,0.04363781893098984,0.0684565427187729,0.014158473672740576,-0.28863956179732564,-0.1139890613002228,-0.15196119510301134,-0.14410308916513198,-0.030406136405888545,-0.08707839020270816,-0.0764360911413206,0.1554625346457335,0.056399534231087664,0.0522706241188871,0.16206168711191943,0.17010434115390038,0.04186562028210406,0.05983561515209476,-0.10631068090141013,-0.06356887515010654,-0.13358106388128355,-0.004959427062977726,-0.0980878194360261,-0.023065414842123377,0.012691487095106138,0.02559501551365074,-0.03976293319289512,0.09993827496377401,-0.1156987783681025,0.06393201393027423,-0.09311883311124597,-0.0855201718330176,0.14421530160516155,-0.09736202559934826,-0.14102371564174718,-0.14332184358964747,0.12491717756131761,0.08555559101870185,0.035651056439304975,-0.08691145400770837,0.10474951073149527,0.022153877962703065,0.06580486639593945,0.033861691356435464,0.062136765701203835,0.20145176883409485,0.1419246538250559,0.14868920760072776,0.1586171225430196,0.07256332756830623,0.056841516225292044,-0.13915006237093547,-0.00575062304138289,0.13536832732898835,-0.007192462194253695,0.01659321827994862,0.12295116828336491,-0.15852263597632887,0.033475691669905834,0.09283740242517957,0.019349093708283697,0.12919033404005975,-0.09526394887175942,-0.011401715435030914
-0.09096971635848633,0.09989091124953707,0.07756048065338603,0.01072620792339359,-0.0013924380176220212,-0.05716595547715636,-0.14860237575065316,-0.13751063655122153,-0.010719191731690308,-0.02452474624405101,0.1044604067463354,0.04136322159987217,-0.045492960214030445,0.10837323353158626,-0.009914289535018942,-0.11726228833695493,0.06626560056989697,0.006069503338876726,-0.022124664730586406,-0.0003901042304913921,-0.09065651960359582,-0.048266785896486496,-0.10107375016121409,-0.005665722194000572,0.0570055985404975,0.10792388369628361,0.013783363912313926,0.0023494032127475625,-0.0001779943980912066,0.1027576047144319,-0.03251100885206554,0.011586096867210884,0.1379719713150767,-0.013614554294674612,0.16174920740396181,0.06663976410495351,-0.1028971973602903,0.2421524775636209,0.19618245212073593,0.0180755729889416,0.1244698932971751,0.08906990191162109,0.020185983989630278,-0.09241962173057504,-0.08972934429410717,-0.021268669808621736,0.053404074750448095,0.041746538530839136,0.1167797813876095,0.0813474325817315,0.08628295633279565,-0.05817388466257768,0.0813949545650037,0.13601509229326597,-0.0264764380646846,-0.09371060874184778,0.0019859216582778123,-0.04331575260001595,0.04245587028443365,0.1959809925122321,-0.011666822326685703,-0.010999187106977951,0.09358549625815787,-0.02734000835012562
0.106457313311447,-0.012016567307132228,-0.10067996192650375,-0.1708565172259231,-0.07065405772966674,0.012419550778712323,0.04097040754225177,-0.08255915964798372,0.10847456700563385,0.0841330082175454,0.0662606765776978,0.019118788983311534,0.1159367009102601,-0.07575704857742842,0.09973490141352184,-0.012271003960098524,-0.16092516658739048,0.05649725293365962,0.047413359939585356,-0.1427786302154918,0.1304400146656481,0.12343666481770549,0.08127696315219313,0.0889602095865549,-0.0831478528830872,-0.11227868520114526,-0.004783867920399077,0.00033766291883820243,0.16385986781237455,0.011987047788450517,-0.027514456119840762,-0.04967203393003035,-0.06418051335865345,-0.14409507197892146,-0.06577962787883816,0.0981587963847075,-0.08207361027076673,0.1022584608548718,0.023669605407698534,0.05708983586105851,0.07084065698628635,-0.017880759301690283,0.1366270126085636,-0.03834730602750355,-0.043401836214261746,-0.07351904874987675,0.03955024332671111,-0.10706331905111359,-0.12897551174701366,-0.03399094498844286,0.02229446860047788,-0.005304591452312274,0.16784016932056195,0.02999532333471823,0.12161716081151111,0.09026972038586309,-0.08102748089420264,0.04686746381924896,0.010006971889773971,0.1631261887719329,0.0707525788543887,0.11110396338668294,-0.01670622190753683,-0.21608868098877737
-0.08213228858206495,0.02665900837237474,0.0571726297651752,0.01514359087695736,0.061999471034290994,0.09926043496389986,-0.10210106971961842,-0.01982526596530332,-0.0184349019897888,-0.03536020361428355,0.039794498654291,-0.0034138857008693523,-0.24426670767669892,-0.16436228679951012,-0.03658057778460129,-0.09381942350675268,-0.06865025494110605,-0.051525005279981585,0.07415062744980441,-0.02293643243041637,0.06892203745475547,0.17767045628262645,-0.056173598454412166,-0.04806397115351811,-0.018021424513919318,-0.04775283929630547,-0.025651720904701168,-0.050701192678711655,0.06430048235626802,0.10322366993794717,-0.06535156479046268,-0.021057859727895794,-0.006067705313681968,0.12359856019639796,0.08932647282404252,0.003441266864019611,0.11793016063394945,-0.09877781893895189,0.02551887474183509,-0.0005777052722177858,-0.13232788727494488,-0.04343596006522385,0.03289156852738636,0.04623527012899317,-0.07315699339856988,-0.09728888310361158,-0.03693263727494294,0.06205391912567257,0.0778476453492888,0.05977686234451738,-0.08074141957888778,-0.04899549768743573,-0.01048663581314202,0.0091556514619738,-0.12026123668905829,0.09316523784438917,0.06363165528822176,0.009182346208821216,-0.04721588818053676,-0.00045682245916781224,-0.1781898008349208,0.03761727793766276,0.00425922285593951,-0.015387027994733782
0.0707476151316359,0.1966186599974815,0.19394307815906828,-0.05132436495206641,0.01711432985159468,0.019707329119509766,-0.07890182817038092,0.0381550658869371,0.0026442563582991865,-0.2240240805509451,-0.097943393197909,-0.08381789368995841,-0.028524700191516695,0.004020092054439114,-0.002742718590107723,0.017870073437060586,0.028641103255456428,0.10400593947451793,0.0809700520088117,-0.06318134894881511,-0.10308849031547851,0.04645029968829487,0.05472824759914789,0.03986581331583791,-0.1030785908932215,0.17247305425539594,-0.0631632643546837,0.028822939120979416,-0.05047012427901417,-0.09243919128222038,0.0562735092098634,0.05396326165323853,0.019900068979703527,0.03398923145823083,-0.01902081599596124,0.031080258870496643,0.08059584347512931,-0.06797320713308926,0.02120932587560924,-0.00012091819541106517,0.07834658655393752,0.17954758804761703,0.07286930224821525,0.03225193270126297,0.032144299958207494,0.059814688761466575,0.12436693739146057,0.02046547629435068,0.1449181967770211,-0.029790854205584458,0.08819872057521996,0.06102299579044549,-0.14532288645642039,0.052479467035055426,0.09884212009808102,-0.0012785446144897216,-0.011361739586549346,-0.018822126924311157,-0.050523522958581625,0.026192107895889973,-0.09989150937793323,-0.06873206806066207,-0.02061957331137863,-0.0649011533466209
0.22459125478105613,0.04756307370940807,0.062301440817956424,-0.030769511215966334,-0.01922186665912735,-0.025876480545979307,0.005858881319353963,0.05305979922847753,-0.00823182256991914,0.026950269759982506,-0.13555996881035218,0.051854852902671236,-0.04036764218975823,-0.04288982331194617,0.10596628694789048,0.08893805937504176,-0.09735524885387624,0.07500496192751026,0.04646249604211391,0.192313099743061,0.028728869655686107,-0.10249346009628879,0.1361472152788274,-0.005839561016545449,-0.04011031607582361,0.08805781888525564,0.03213266274625333,0.17000815505516476,-0.14457339112993955,-0.053710921744792944,-0.12232746679592651,-0.08241371702742722,-0.04007569240329489,-0.03170492938891076,0.03874835654629244,0.009343328228946065,0.05287279231557149,-0.11108350436166763,-0.08798473478291838,-0.05372104431010221,0.03102412443265792,0.008031338994050535,-0.20019738010732208,-0.027791823433177213,-0.004160674259694588,0.18311316089411966,0.0832131241427403,0.09725157194410528,0.0023584551495398065,-0.2297909559830139,0.14176274047968035,-0.029605540488192805,-0.10612186884225774,0.05250268901475152,0.12712668560287793,-0.22073444468698794,-0.06457926238280527,-0.12687059423730362,0.00016484774823457594,-0.07085660398115624,-0.08055551486706913,-0.015718175121466435,0.06652141482695773,-0.04132906999942088
-0.04140272078776825,0.12800596753517687,0.11292195255682316,0.1349638615204807,0.10837812748257239,-0.12955626623485816,-0.02761669931510636,0.09818052471324874,0.1196488612835434,-0.11973997372294791,-0.1098463808117689,0.04021475307597648,0.049677696166774706,0.04309057219002358,-0.009995404585958864,0.19093338551202635,-0.015829643073068746,-0.01937365841997781,-0.144147035329503,0.06352662972363933,0.02911862648077933,-0.06994251129497808,0.10890818957247878,0.022480811124001486,0.13359805794221133,0.07109769167537283,0.10000596391212692,-0.028403671695033647,-0.061509125640709386,0.029527152077280447,-0.17014240219328172,0.00855766755167909,0.03648271563941462,0.11073102050240172,0.012841527171590488,-0.03751780295132481,-0.01118749688922869,0.03049379978857368,-0.0976491153014301,0.0046480840525582896,-0.0011517414266858754,0.06734371485929866,-0.1780107148767402,0.02173174944144044,-0.2363673052820766,0.054646098363818785,-0.030426781439468878,0.020308168767765505,-0.033251332952244916,-0.010242392411726677,0.009610207439195013,-0.04054334472445473,0.06336003220318234,0.025637629915453056,0.038840806446236914,-0.06680100410509425,0.10933267587216247,-0.092701482889059,-0.12224235665633187,0.028856315718959812,-0.09819206356818065,0.0035561650693575197,0.03522970096376664,-0.07700215777500043
-0.03375805157126692,0.0354359174023552,-0.08273642715223642,0.02269555278234692,0.0015824524986688508,-0.07463177625488285,-0.07599950592856577,0.00296964955763682,0.03184975737745007,0.13402270712927375,-0.052733187185689305,-0.08399174987732654,-0.053107767810383115,0.13891932827690023,0.1203048120367738,0.02951746498995661,0.1069536317034348,-0.0433641559973261,0.04960750588385914,0.08744171658130728,0.008262708093887877,-0.0326322564934573,-0.0953891046838026,-0.05082162822575465,0.06578798056076662,0.10953879021644194,0.06960751776256942,0.01942822191567245,-0.03795423389990057,-0.006673964644086552,-0.1734977122005414,-0.134691970522023,-0.036687204018661296,0.09245064139323425,-0.03213604435551096,-0.09992653691288614,-0.16070464648671778,-0.0466554752336526,0.014528856197455302,0.10252266681017416,0.003380677955520715,0.10910383202264103,-0.004957770008119949,-0.06261085179447022,-0.21616068291974377,-0.05371691066906792,0.036058902365638655,-0.013996634632294103,-0.044711676840579535,-0.007483795247737835,-0.10594365962175882,-0.2621303185095548,-0.047685683538667104,0.1114965206942658,-0.0915224471204331,0.03613414709267963,0.1809108671996162,0.06329766563473599,-0.08229378203435342,-0.1454430707798229,-0.04930945715912225,-0.11004673963758435,-0.08988709319323405,-0.14489283099725508
-0.06435078650997209,0.04575007515184952,-0.06359982435951164,-0.004777827131540492,-0.00728399168010075,0.00533045736442837,0.00873666503721081,0.01697466933546332,0.03687372266294698,0.19228130184159897,0.04517614680605794,-0.04482460210216698,0.07581228368942165,0.01981230039077326,-0.031921391385325175,0.12026673092824462,-0.05591449662262091,0.05461463453275177,-0.0034857893227022776,-0.20054955740520441,0.035652471574955547,0.001326420192541802,-0.06812235745471634,-0.14687655529735807,-0.009158498164343203,-0.006188897593037182,0.09139940681824292,0.14620762100618276,0.14383381784953037,-0.07982434587087206,-0.06545814778207831,-0.11718746183874323,-0.15298619837646754,-0.06573199282671713,-0.2034467814466848,0.09454872560780753,-0.09447566318323058,-0.011777142300524228,-0.022779352821706074,0.06443481334336894,-0.015570947057102618,0.07147455357577621,0.06430447080202957,0.20849788291969157,0.006770528598191678,-0.01391669259738591,-0.10411994295143624,0.07772843897811782,0.08946879853918975,-0.02513197363479964,-0.008859767652931144,0.06103753235339169,0.14255307875505235,-0.0219053458028757,0.007924299454336745,-0.1202535340643338,-0.022298534731529984,0.006853238729578061,0.0402921256734671,-0.04490258238768139,-0.005951105845940302,0.0019410315837951227,-0.05545821431665772,-0.09721206447605994
0.059421785297904726,0.014139473866351226,-0.04880196234410875,-0.018291192593228714,0.04118581224101941,0.15248699716922234,0.024830546051398117,0.08750486719420922,0.1778874665533901,0.11802856884537523,0.10547803197487875,0.013113906484404771,0.00639525350796059,-0.029157561486172923,-0.058361854723007825,-0.06075152207695394,0.02241004420473154,-0.02697056010611861,-0.020225261972847228,-0.062302556980972444,0.06776346013782161,0.09461383485913882,0.025294657852183836,0.07489402308083112,0.13982342743515488,-0.017873720315694674,-0.017588405619027796,0.018368020609214008,-0.07152775850717163,-0.07137430966608573,-0.07956585448472822,0.14212258611424858,-0.07588760687414801,0.014488751954764616,0.07079768333593911,0.1832565827856176,0.021415977606084328,0.03048136777244503,-0.06320863079495043,0.07705194302080673,-0.041610650496882715,-0.025326049143245426,-0.19509523169121326,0.06388517478270138,-0.0010287862573801054,0.09785207888704658,-0.010103265141721279,-0.04698583213604757,0.1536193448243539,-0.17410169080642177,0.043688670058514865,-0.10327405068273945,0.054200569329840576,0.11529507129813353,0.1436477634736713,0.12898956384478105,0.049675623417751086,-0.002805560331768075,-0.01840815831761057,-0.026684226981827115,-0.1589277879586457,-0.09696233356032308,0.03223052572914768,-0.1394193078919895
0.09439910861923466,-0.13848700408787068,-0.11889216181191815,-0.028518988067274986,0.1421338010174996,-0.04678405058664098,-0.058703629759311704,0.09936921760100531,0.10954346336561836,-0.1095801063819975,-0.06803883592090731,-0.018937666291100358,-0.1813318343356473,-0.15909641866981944,-0.14521830591199203,-0.15388984836046038,-0.04068663585588998,0.016896697667099253,-0.14474417513238405,-0.014786317625291017,0.022492325984255462,0.036920236750181384,-0.04969392478022867,0.18775393684687228,0.004852784561189812,-0.11734903176258339,-0.1892113757353077,-0.03489281696312556,0.03607373710083446,-0.0019007901679732615,0.024027155682247926,0.18242264312475748,0.06255098100295146,0.004338996832083549,-0.006711867025311007,-0.22406526303395036,-0.09365151926981655,0.07606381957740534,-0.09134636530864405,-0.08910240993826085,-0.08936643216706404,-0.0789586451743916,-0.06315887396804679,0.0849855104596296,0.009538209846250558,0.06647642421336948,0.13567015037068209,-0.048687736666570045,-0.005671905046289335,-0.15326474280795643,0.09552423299513574,-0.11342530599557632,-0.03088106446130241,-0.008325725325293704,-0.024492966457621064,0.03867966568383668,0.054477066286138215,-0.08265343504146686,-0.10831711589620457,-0.008487719514930471,0.07557920355945524,0.08518298826916754,0.18328259092584345,-0.03372952275832012
-0.03578211476662727,0.0053254146166849,0.016996388862739117,-0.009434942261950513,-0.0961705160699853,-0.13882911750012672,0.09067104631473341,-0.03592706771878126,-0.0403032351331809,-0.027804052394820172,0.1277483795452016,-0.03787894086202798,-0.2506926171000988,-0.06897308486046042,0.022136249534906227,0.06286012935784833,-0.1359582493425041,-0.04890186433191495,-0.02016066753658821,0.2373528885687271,-0.03146594087669115,-0.03908097624189863,-0.05954856671370592,-0.10078870313115346,0.13933797757926197,-0.06708578898762241,-0.1147110137310483,0.12045626477523495,0.060605387739749446,-0.046927362819855815,-0.14669217084165342,-0.0587626123482049,-0.033551667194789796,-0.054774921050120544,0.11446644903870479,-0.02303402444889143,0.09032902885931768,-0.10002934262682699,0.10262415555527597,0.0222361728331667,-0.06091977241455063,-0.017126006165416353,-0.06198809241505934,0.10074632296764498,-0.04501738618162858,-0.021612315144263223,0.15682291504831306,0.07538085182987633,0.04625815414160589,-0.14980203522437607,-0.05567761777134446,-0.11813777728533441,-0.22949742230020337,0.07027131923411184,0.11791781556932451,0.18171267142959002,-0.04495092989663241,-0.008192022825370751,-0.031825098004924265,-0.08412730276347086,-0.1807179207518092,-0.07117918017457059,0.03260962030137335,0.07768780551089771
0.060650613888249036,-0.04661685822697523,0.00675916108436332,0.09836409880152719,-0.07581080032305394,0.023446115096479828,0.06524212998573364,0.10918950701787619,-0.04568422766849797,0.11452841673224823,-0.15810486685061187,0.04262095943006873,-0.15022708237644514,-0.029513992724378896,-0.04417232195470877,0.14481147794245366,0.08037734370151398,0.1998802038082435,0.10627842332144308,0.04607243330223823,-0.0804207927298506,-0.10315702053285833,0.12340165977578231,0.05700512783780538,0.003999896661597842,-0.05194178177459631,-0.03974667672066503,0.1111777979972747,-0.01254653700944466,-0.06288592686336374,-0.14643536172467733,-0.1663165486972239,-0.031659425590798,-0.11626728479051958,-0.08165647903903855,0.037136595483511295,-0.07648633360649051,-0.054592094065616076,0.017003842496988157,0.0025208953216208953,0.02100591458654007,0.0470518531016173,0.1449896271817375,0.022039839220689774,0.03225183369865081,-0.09908515840819314,0.04834974053419681,-0.03760510053718461,0.0037068640443373,-0.2017315230347238,-0.13740192806528,0.013576809476738783,0.01646082395626581,-0.07475986103626389,-0.020420343242169618,0.05300970076977587,0.13228482564021818,-0.05310932733184919,-0.04607022800370787,0.021753732249390128,-0.07680370520233205,0.1043865390479154,-0.06521073269109258,0.03842659626055496
0.12989950010126441,0.08144999415511327,0.03011228373543169,0.177926597844895,0.0034164044095194024,0.005668475136527434,0.03838071764367931,0.008690300340508161,0.011262843647354796,0.06329920644827705,0.0021971483767275713,0.09165021717593792,-0.05631575813979736,0.11496589843749871,0.08928250648453057,-0.03925060756353293,-0.09151348658199748,0.18826821538165373,0.02013295282334354,-0.002861052341089493,-0.10634496604690966,-0.042691912856119285,0.1460469360134458,0.09384539603286994,0.026363612131102616,-0.0032247669377933955,-0.023107214919791636,0.10005427599813035,-0.023980918857759926,0.029025860952085952,-0.089392415807824,0.022008595840680437,0.00358027162506986,-0.08360005076685847,-0.13039485164391562,-0.17469019067828384,0.07078100930946571,-0.09246427840995308,-0.025982431271135156,-0.05642371949727312,-0.05309960965222095,-0.04095606209630679,0.0570224834145091,0.16539828780338384,0.002318782501095693,-0.0021621355425868634,0.11793625649305146,0.08269540737287603,0.14904509456496973,0.07315605742987427,0.03536626108078822,0.18072030870893668,0.05104529855858932,-0.18542731543044078,-0.02768182710792183,0.030811043758182652,0.011009040770852824,0.01976766087941815,0.13159022936142797,0.05719993111170077,-0.07083415878025351,0.046613633435201585,-0.10239209996142591,-0.0900185377591193
0.06975937644601733,0.13228982122494543,-0.034077306603463975,0.008084098310858153,-0.022377211377992007,-0.005384611061978215,-0.05733112167527181,-0.028705982259261725,0.115973605024934,0.10775606745638402,-0.010551140068715516,0.013569882050392727,-0.08261956092554268,0.018202833820679096,-0.10400162745474772,-0.017184428183221075,-0.04853811438289583,-0.027404934124460226,-0.07749438536042919,-0.06690848694331898,-0.06114061464002749,-0.06456618635249915,-0.10731090400431958,-0.010821902260829835,0.06820559723687461,0.10790557707218844,-0.1792601981654272,-0.2193276322841203,0.04110397737948829,-0.12061550090484756,0.11574598264929074,-0.02622046514781642,0.21724818211633587,-0.010724347531306282,-0.08660987128748486,-0.16465016638122942,-0.11080232996095099,0.09101320259593176,0.02776440861432298,0.03343234291927212,0.005634001086912947,0.008262219188794962,-0.05934353226489393,0.10373232612328863,-0.07876999652445325,0.033493690725571006,-0.07911186040311369,-0.009149922736170867,-0.07480931637844579,-0.08192267814799978,-0.017749657271915735,0.02555871369119965,0.043323128527193396,-0.03877534128924147,-0.030527549724747808,0.01931647488153397,0.03364787220468432,-0.027613146725685017,0.0054426700464095396,0.030838646498353314,0.006006267981023501,-0.02043857257675054,-0.07180486368275912,-0.0837059260465525
-0.04164903947269581,0.09344584085765115,-0.03745091972166341,0.040027632953688205,0.019175391580623487,0.06425678561497863,-0.2191379470417734,-0.14701249529965751,-0.011053312131272197,-0.053784204567637925,0.09314413050494337,0.09095834919997521,-0.014844989738368473,0.06558937238026087,-0.13554874356990024,-0.11308218708806503,0.05355054987297534,0.13003170521584478,-0.02798621394333141,0.057477817688450054,0.13302798309000075,-0.12001216231153874,0.14422693668471495,0.018368603929647828,0.11982636068241674,0.09836741113096832,0.06730922233805152,-0.041661334806272016,0.11279542239329672,-0.024301375912560853,-0.07222329544244618,-0.1464357439855652,0.07426487353487332,0.03589445658794501,-0.1200268867179273,-0.21580353149683718,-0.10715971095647746,-0.04527739574105321,0.024148886893097264,0.04012133175262823,-0.19816841674385005,-0.0329771754309332,-0.06192715848280729,0.026192905784535713,0.05933449078696875,-0.050737124220277395,-0.03826281446585731,-0.012053953096453882,-0.07531991205340088,-0.038448986335649527,-0.10775353219132464,0.13212782771267467,-0.1053645982008081,0.011557780465094564,0.04048018795392755,0.08457310745777766,0.07330356375037163,0.007913533724692674,-0.15284088811790675,0.06520305789331157,0.00627115983047253,0.03596662679263772,0.10606509532561488,0.006463059205065111
-0.09412820513567939,0.10484151203205139,-0.024314339071333593,0.14461379645329903,0.031188944165457335,0.005932439514719081,0.004964107992248685,-0.09136137609687857,0.040455997706446,-0.11385285668525302,0.06891444368509479,-0.0054682827966508855,0.0608487106569514,0.07849786710852291,-0.0016411051398511807,0.16117430672813168,-0.08232589793868385,0.1891972534101939,0.007313862199506737,0.010621983493198685,-0.004733843465410097,-0.13336744915055,-0.0874858994189094,-0.16944607345444587,0.003105805624997574,-0.09932061719277395,0.023898848347058792,0.0007908156222072131,0.03469109040186118,0.0984866768918717,-0.0038407094313421385,-0.0613873802614409,-0.006733924048634692,0.0018322604666744999,0.0212151990913452,-0.0906829647457327,0.14898370961921603,-0.048702710002415175,0.018774357522344538,0.09213754640196212,0.0082844557946011,-0.014955252660957381,0.05868583196666811,-0.0014374952398385817,0.20794269938239002,0.107356217034946,0.21404548261932538,0.165367573661589,-0.0032501999918795633,-0.14826777858801693,0.08869642477043849,-0.014490918315301894,0.04777996624574837,0.10095972883435383,-0.011024739741190073,0.11753384237559832,0.02241954464239889,-0.08911464888787604,-0.04718104717729661,-0.0075840170482958415,0.10387571763511497,0.08782337934007531,0.01792956245189902,-0.08772543431080959
0.22515328566276355,0.06281445040404963,-0.09634547087882046,0.10224196881439632,0.21759648527992148,0.30928443212203954,0.14931218583830566,-0.17132706304442258,0.13892350997317593,-0.11050805482245869,-0.09781163773580313,-0.018766412391213405,0.011763097665662893,9.582253321459983e-5,0.0034195807689400906,0.003673454407094004,-0.03346958575411886,0.05187202446584073,-0.08350143850812924,-0.03384592678188735,0.07642795486105153,0.016102491059339002,0.024888454569847705,-0.07687472437368652,-0.0035264305122381795,-0.008954623581626265,-0.20419827020075754,-0.1765906476370907,0.11520415753699145,0.027839942751296566,0.12041301719264783,-0.02053615718863663,-0.044597362730894805,-0.06407756245495777,-0.036018316994536635,0.1026686268526339,0.00039878893004322014,0.006410584388382726,-0.0582006166077743,0.10936363636634769,-0.001396196733189593,-0.08271499932152723,0.07076672832525877,0.11278759604219768,0.021718745222076348,-0.1138130478407551,0.09856100376070746,0.04861196977564097,0.2100586589882523,0.018956470292235152,0.04646475352761044,-0.19756949073768237,0.05809333932344328,0.048410731450553204,-0.11460367345470632,0.017911154159139884,-0.008114775585159946,0.1253838177978941,-0.0028780682180196554,0.0026233708327573074,0.06857964455548256,-0.004864723109066854,0.06893342869728751,-0.15207231173645305
-0.07413654920432661,-0.06752438328152852,-0.05648102290285244,-0.1058544093265463,-0.12997834856577792,0.04515144806908664,-0.033463162592969165,-0.08538139518138257,0.002272128892988983,0.0057086896974856745,-0.08683500929955273,-0.01998221246984528,0.05864425219782004,-0.061316106227042026,-0.054494020254585926,0.08786398032203001,0.05354123395768493,0.009401636396344268,-0.23927871749126872,0.005190064288767577,-0.04877257598113199,-0.020194953666043278,-0.03839243668504991,0.03753249089941942,0.05931954394938169,-0.14638402614168855,0.01988202300484899,-0.1373856337455659,0.008120480312134448,-0.04928923880476946,-0.08011525453947647,-0.13197413652172887,0.12318947424193927,0.0328568372985546,-0.204253868665548,0.05158984230351435,0.11254720182897462,-0.12110098817448708,-0.09653988181775233,0.11288879779377596,0.008235441336934168,0.0027960820967499744,-0.08512522633759598,0.009132582955794662,-0.028034991301488857,-0.13890933293772423,0.050232260639747034,-0.02993102093960774,0.031185587182628562,-0.20469641935245006,-0.120014464484978,-0.2060866554591468,-0.08663505136300478,0.0821621018815143,-0.08652244504405483,0.048903693384099264,-0.03637173183346858,0.043012180732619504,0.014377383340598252,0.2143505170771567,0.11846914577988235,-0.11764411835952973,-0.09304617343449331,-0.1691939469393119
-0.006181544889329982,0.10035406335492325,0.07058386646248332,0.06492406531670718,0.02013216486299189,-0.09306374930611602,-0.168845101817773,0.017968004925061617,-0.05543185238826264,0.027219319483845025,-0.08680820486371164,0.018308498860901003,0.11543834177204612,0.023726049270479457,-0.05839426004503835,0.2301889430476194,0.06669098472804721,-0.1041848489026384,-0.2134483476827967,-0.026533286514528173,0.17677005568487447,0.019006450187753147,0.044490975332006064,0.18337172398829232,0.019510148065011723,0.058668201349346485,0.0654224177731312,0.14812775747369014,-0.10405150395377888,-0.1307081439127474,0.05753983359398015,-0.13654978686616745,-0.04353006828310761,0.03838705829202386,-0.02316751787709271,0.10458876620089413,0.09323319438624651,-0.1310213286856977,-0.12962792916694338,-0.061657674052786465,-0.07946533950151469,-0.03465847640899994,0.038777841631609494,0.07343067679096547,0.048076073636954444,0.019351039101438507,-0.00935750246906647,-0.08955990230135946,0.08108109940071868,-0.029562774029021216,-0.042424862630992655,-0.1430091491880873,-0.012389694051465224,-0.1101371314548399,-0.06642200062224235,0.03465859112139195,-0.06022065901127725,0.09665665912121849,0.0908896077657558,0.10919199387489548,-0.023219887211910595,-0.002325092797833469,-0.15164087236537427,0.15845388300856633
0.0993958300413265,-0.09176666528632871,0.055954576556672464,0.049677681113275876,0.10805586715726404,-0.0888522743352047,-0.0809630437043026,0.0543759222003934,-0.06412723508450201,0.12134030969343149,-0.023595302367542037,-0.08561522095820655,0.05841339687297507,0.13366583474587498,0.08319234057450936,-0.13721647844831153,0.027460626343307447,0.016088414652495556,-0.03383945181150172,0.060390960674348626,0.1400724270299273,-0.1332155393027391,0.006082742062239391,0.11721109914813906,-0.19705882438679018,-0.13585631188886368,-0.22110008131282466,0.0528946481795489,-0.04410028787327275,0.022552203554905254,0.12242000315905643,0.03737273012228376,-0.014817165380832057,-0.023900810330909506,0.05739470472235279,0.030740130326538502,-0.057731134986449384,-0.15291406090618415,0.14501381359856103,0.06780654242802495,0.004897914878519619,-0.04650693679347185,-0.05667454014219875,-0.14723643062119923,0.012377621479547928,0.08009128038036131,0.07749350876328062,0.03093834909268444,0.01875412576873929,0.012450448539057815,-0.08068164343731112,-0.0773108510103925,-0.02313377873334988,0.01657353024509698,0.10656425449483159,-0.04698924790187698,-0.0068967121648254165,-0.11340636010420554,0.04705031712217561,0.07019762589100381,0.013390276161114333,-0.13001376196543885,0.01548227725103666,-0.049199550143455305
-0.010574764254814647,-0.052133571607439595,0.08644161536676032,-0.02581122912988043,-0.03275010842141877,-0.11662214719808016,-0.03206439193158535,0.08309462551105101,-0.050710752650953136,0.18608536885591526,-0.04684918168024092,0.08488593503634526,0.04375704652689889,0.0037938493726079048,-0.000717064978151348,0.050561703602108196,0.08351485579285645,0.15700576709033345,0.13277906647500065,-0.01432210732095957,0.10011663838889034,0.05686059525542289,0.015699406853294837,0.24320574213691187,0.10473432081964804,-0.06368180666511773,-0.10326292972004572,-0.057367525291723606,-0.07560724735580915,0.057704509218688346,-0.006120054852932089,-0.04111907886517466,0.03599479560685095,-0.15188355736548503,0.13578783853194853,0.19288137704331915,-0.042313729783735377,-0.030192054405513397,-0.01247468336738096,-0.06808292702821453,-0.026509939134748126,0.07559491467598316,0.05275147881848273,-0.10214309948348664,0.029826029128952304,0.10470754661566331,0.10833226550570345,0.10968976497563102,0.08978561364792065,0.10659931236677364,0.06816744621905095,-0.03040835908249646,-0.1066013352939429,-0.09360649255601532,-0.03941987231582757,0.01164784783420838,-0.12075895360903224,-0.15067648319930244,0.12847296121214355,0.20595059261561396,0.07918612787034697,-0.060895518915579865,-0.13530170133567565,-0.2720892466586859
-0.04507105546698202,-0.0752470366325741,-0.030063495601968197,-0.11475839980129587,0.03923179128770796,-0.20268050059064024,0.041741126854055934,0.15604463001066746,0.06926807869923853,0.11613685575714551,-0.01567130744020126,0.094095799013416,0.06388322409090977,0.10032684527166241,0.07479152037333998,0.014523131101936397,0.020387996781378794,0.07101488672306375,0.07537206383716491,-0.04413882935076386,0.12499629809860685,-0.02790896561977592,-0.018525864312907023,-0.14298894714883698,-0.25149203813829896,-0.013294485637914674,-0.01368292531148216,0.08189149278353952,-0.02964313474271612,0.19542874029216084,0.10960727720532049,-0.08967482683602448,-0.0490998940926619,-0.04634672373396845,-0.1824621625726437,-0.07750098916030183,-0.0870246738506309,0.05446932727082123,-0.0510529952966334,0.09224673788191973,-0.07771010365619162,0.059867959075110146,-0.021606545710210732,-0.0379566589311318,0.07750322971578713,0.1417314527899933,-0.013752292016927153,-0.16596033970731047,0.15144616017208043,0.045874853839843,-0.002118332527163625,-0.08539318044345155,0.11922889940138104,0.2822710408207795,0.056926149593142086,-0.016857778957660254,0.03495042606540263,-0.07038016852873225,-0.04077459870333411,-0.016667489599663927,-0.12074899833819999,-0.05259722511599453,-0.1708338782486011,-0.1340673069225519
0.1313875175315886,0.04028085958007089,-0.10158825206597878,0.012128537499219771,-0.11843290931699677,0.007024181847757504,-0.03217198460767398,0.06430080655939774,-0.1053758634870226,-0.05597520839768501,-0.08371432632852963,0.20430370897952566,0.08962018539048126,0.021514183495319514,0.006448800596193269,-0.07415109115855485,-0.08737469187187066,-0.007866729720404982,0.1873676032142789,-0.03331142373822009,-0.013800637691082916,0.21742525608244065,-0.20312448702343944,-0.09646301405640709,-0.08728659435029802,-0.060129477862139735,0.015564958774700289,0.21798655877317744,-0.00517784516889674,0.05539119510895406,0.020121575694751974,0.09616687095089797,-0.027536349627742637,-0.0003327354435407673,-0.14367603404749213,-0.13532899010707639,-0.10865104276720124,0.06897109343404673,0.08417810438097958,0.08055705389436756,0.07307860261751203,-0.12245521021333539,0.008617309819825242,0.10719758023302701,0.08896757893390125,0.016381799852921784,0.10078587433221566,0.1589429771576538,-0.044830678795789766,-0.05482674002658948,-0.05814867412434714,-0.04219106479862472,-0.056143373137936825,-0.15813118270298943,0.06804868787619973,0.04059447159199673,-0.15607552990608053,-0.15886034875891944,-0.009323655566293831,0.029075588795148356,-0.09971048162420977,0.014355988818076109,0.09077664303128793,-0.12248978590554499
0.13034256074448616,0.03494183919881263,-0.181790197497063,0.0372903015858055,-0.05666210829574649,0.00783908642851306,0.026447854195402406,0.03086793968618379,0.10726654149367523,-0.0961421452709848,-0.04448110955666503,-0.009808639800896003,-0.0037631009968149224,0.08247096034052413,0.004677967651023379,-0.06621837447177951,-0.1434133868756062,-0.06161292460936699,-0.09053423066069168,0.005838658856701818,-0.07175013397508494,-0.06355128023829854,-0.15688802287432785,0.0003963743260344769,0.02020391435200806,0.047715793158213206,-0.028025315762812794,0.07697479570274582,0.12648021452289618,-0.06683657947539456,-0.07279678829252428,0.14962249404625744,-0.0191433392234684,-0.1356498514516575,-0.13246635220262387,-0.2381799339190346,0.035164318063552066,-0.1583869660669633,0.11863755047632733,-7.807361067304827e-5,-0.05484286416996985,0.05555149443236471,-0.04080796748836368,0.03210867359430063,-0.018335603200937252,0.07676409255660038,-0.0501543387216054,0.04495126686203666,0.09154026567211593,-0.021432033732614444,0.13316033378820175,0.04303977641016634,0.005143105008591262,-0.05265886291713951,-0.08537768459958778,-0.037990557984697707,-0.039358023124483,-0.04236300508601187,0.08262794157233688,-0.06858556992033399,-0.01957382894651093,-0.021539337327626952,-0.17059841017517868,0.019346481540149896
-0.008328024160794548,-0.12745478903998367,-0.1504771671230432,0.07732141998076221,-0.030371136555682396,-0.02353950576904695,-0.20317552145460172,0.011146188059306512,0.12513984321185806,-0.1072023610651405,-0.007708223340468591,0.07525484795985235,0.05938003961324254,0.004953424283600203,0.08115433420808613,-0.08635709153433152,-0.06049745615928763,-0.05176036769925489,0.10299021309400933,0.10893075836630853,-0.06970690316773226,-0.10804490249049387,0.023455203792580828,0.19848775311939953,0.1366082566515763,0.08371705275784933,-0.048387354242124946,-0.16036280830592636,-0.07736743581010581,0.0016397695926329654,-0.08748190745210621,0.045081915829512875,0.08214511458146675,-0.12397877725869635,-0.08266624670720514,-0.13535520129355916,-0.010362333092924655,-0.06184008392203935,-0.007128706292944119,0.030751572524573598,-0.17225115339641245,-0.06144485620625163,-0.06254316129165066,-0.05138341165051802,-0.12002471874760894,0.08435987899788139,0.13291557715663294,0.0799538617015879,0.08385226628423274,0.04894531278892381,0.1779374535611969,0.010623443117351554,0.1905733564573745,0.12609709652655143,-0.036229345130182236,0.09404080964099218,-0.02837689368853399,-0.12337810032854904,0.005676785625048055,0.015562701170496986,-0.0881919095624494,-0.02428611521983636,0.12243891514044347,-0.050841535383047795
0.06735607880705785,-0.16391630659130324,-0.1485998737939581,0.012437626692577398,-0.010727912971537825,-0.027264305240100584,-0.1741907911491381,-0.14372317598717488,0.17931736538486848,-0.09269868097585736,-0.04865007661257549,0.10415480090434034,0.13440480989916254,-0.029826932678553464,0.03852428749705236,0.009466727688258824,-0.027930226607049774,-0.09850296150110847,0.01810655531368564,-0.02356828224776145,-0.006057345540236455,-0.01978704602832833,0.08300057911979342,-0.0004801179995911689,-0.04978041019390452,-0.25778450532320235,-0.08203938933456073,-0.05730323352494671,0.14526461242483343,0.10043918698104279,0.05795370185202502,-0.0513298610287877,-0.011620382624316599,0.024446905482214634,-0.046700549908348134,0.06036466620306106,0.02573057372521375,0.02233650441959835,0.07903683707748982,0.09180970395303922,0.10394415525101086,-0.04958627987873815,0.14034808388264175,-0.014536729144761187,-0.04773308547004533,0.045055956321950294,-0.10424576462153258,0.1658750681499276,0.16123847915518347,-0.04850956626841615,-0.1264377480600485,0.021345477822604753,0.10403955413767177,0.11873579778831077,0.1320154764399692,-0.08051910388454761,-0.0026446475115652623,-0.11942524551647384,-0.06015414309645397,0.13970570981545533,0.0122735507728923,-0.10186698733997304,-0.08027016451851557,-0.07574239855108612
0.02878203610854017,-0.0420147275858391,0.02781106792930061,0.012748458442422015,0.0589016631258813,0.06173355573777233,0.003224514015503714,-0.03972987207314184,-0.02535467885827803,-0.1045323937312985,0.036314582509233306,-0.05658694253751668,0.0870820908856488,-0.15478763191380301,-0.2510130944768786,-0.021313989827901433,-0.08020908030112985,-0.07048413615053051,-0.09692956461599422,-0.04853056370279901,0.17451904167011373,-0.12316022803241104,0.06866273891991523,-0.04935578930286888,-0.10065320358566793,-0.10753058474454052,-0.04159235305684559,0.04944367360367875,0.1027703447710544,0.06876893831704711,-0.05074225598011855,0.014699580053658377,-0.12214284476318146,-0.05435779510466858,-0.1359020517539035,0.03213194955176836,-0.09288270466584012,0.044472552229558406,0.02337796741558261,0.04507067233017444,0.12945538939760065,-0.02733061496265353,-0.003502733038497366,-0.06842541242530573,-0.0887318105119572,0.21243664465936868,0.17003920101378892,0.10092617130255618,-0.1417350333713588,0.042008718589797135,-0.036531922425373384,0.1296245887195514,0.07535677194307056,0.11586825989858321,0.11196343857381902,-0.06925830348070686,0.10894664432403223,0.0693317716062495,-0.036668707360577396,0.06830682924191114,0.10411935177522888,-0.0030963046167756993,-0.0605588609799091,0.001303554843816973
0.03603965270065533,-0.01922946075746775,0.05920449606686817,0.013777773586542592,-0.11960497255525157,-0.020072990321128404,-0.007469961908214445,-0.06276962799415721,-0.06440409634144886,0.06799645943177045,-0.05887073749185027,-0.05388647057234545,0.013208412932020458,0.05255178181199823,-0.13289276616887116,0.07746401395337443,-0.019798292795334287,-0.007937806292494968,-0.05714120709908155,-0.24781747432577422,-0.20672749330389148,0.0008026055053467606,-0.08176205681906569,-0.07221921989754196,0.18932005715262337,-0.04062437216988462,-0.11233624173100705,-0.0637821302642533,-0.005569785974547076,0.06520383880986402,0.17090682858055345,-0.050880765695005895,-0.12118060513109413,-0.10443986693972872,0.10324770739740718,-0.06538097443294834,-0.05475199811858224,-0.006333993291288489,-0.12563041097654942,0.07657039713468795,0.1968325375674819,-0.0026910687009087837,0.05664905674172708,0.027383888209662616,-0.024802697488076047,0.07496804388474,0.137150401866467,-0.021477389020883662,0.040984349795742094,0.02103287273716528,-0.006153354691957047,0.04362075697645581,0.08526043331715642,0.0272850481679281,-0.008667937963125108,-0.01437750707047615,0.022217028631088633,0.04240677875985294,0.10482421346083706,0.09724435846144894,0.0347377616565822,-0.1710498772148591,0.0854086111322987,0.08989989344630242
0.21197083135061384,0.04721516251985037,-0.04380173079477738,0.15771003086154273,-0.07312230777108525,-0.16939019204308278,-0.0720450673241529,0.04057229481825003,0.08926219362759386,-0.06649689844001869,0.15230503796890446,0.1150809135023741,0.04581275962295341,0.12636872123218398,-0.09908171628205716,0.14723960763112778,-0.005418638980803231,-0.018780971073552068,-0.06322592896376017,-0.14447008215067672,0.05902665852982113,-0.0829594525075587,0.047951473058233905,0.11855221242612893,0.08342075904198089,-0.13412980667444097,-0.02543967598588607,0.0940494104659234,0.07740224024251793,0.018347024706257507,0.12719090778458217,-0.2979660410744203,0.0928496512165379,-0.02372350545846821,0.08564004316215063,-0.021986650324103317,-0.07232839771739918,-0.07902504025058765,0.0597146931050906,-0.08175127125420523,-0.023896372340755437,-0.0394245667682034,0.13010058198665775,0.11180720219810626,-0.014141521691829362,0.05520949863977406,-0.10294445065821818,-0.019662738829379613,-0.015876043501355245,-0.002614871942004878,-0.07642255652057482,-0.02912273776155152,0.06159623019658311,-0.028551445544716822,-0.05617288021347572,-0.022013906660269207,-0.01786410693002582,0.002913223073889846,0.03846900996772508,0.0644779770936286,0.04844890172636987,-0.00953928169529362,0.021955107649152563,-0.00599209724187558
-0.09098010767941951,0.10719037219994036,-0.012752534715316883,-0.004357876870778026,-0.0661700042930691,-0.09820734040444827,-0.04052543508699748,-0.014885508768413644,0.18864130441619206,0.18677470679580155,0.19981325191823554,0.14466904042307294,0.05756167692243311,0.057228807579174715,0.052831238260664916,-0.14238615787463255,-0.1355457359688111,-0.0374765285766189,-0.07859192819375838,0.0029068715956323127,0.07264226216309842,0.043287169496773636,-0.08806123185014321,0.01620163205868185,-0.11611854198173355,-0.13183198688130343,0.042873037761894287,-0.12389428850552112,0.01588935688647086,-0.0053740447155641545,0.0031994768207703403,-0.025018510765111183,0.15996015784179696,0.19566095002976525,0.0024138136953397345,-0.07847308571654882,-0.013543392811192514,-0.22654293524450192,-0.1478997037597275,0.053906359412386806,-0.047312285746974395,-0.13954705964241543,-0.07663296804857143,0.12550084534511613,0.0084759116694828,0.1143317361231921,-0.04750142367197458,-0.0668450118754969,-0.07876615129275341,0.012592561953982648,0.04120713848858498,0.07350050567443298,0.12828547462499265,-0.1078390967410496,-0.06918972011764718,0.08143918436607855,0.03854337925066113,0.06437158487649304,0.05324496649757701,0.0721724335136566,0.08474542771718042,-0.13511429115772494,-0.058538567814576184,0.036036512303906865
-0.2088666706078508,0.0750940995348915,0.026259547733937724,-0.020619242095183957,0.09275619945546712,0.08228926346887852,-0.000447926217241431,-0.13434579889691067,0.06721698157558015,0.08281360645816041,0.073357801859113,-0.0427742755019032,0.1754830792765803,0.07790662068986207,-0.06286056053826775,-0.04824399822168193,-0.1389897637701631,0.09149102283904086,0.004818006168086062,-0.069761274469661,0.05604181207800266,0.05649285720323748,-0.0519864414908825,0.05594338296114092,-0.11240076638290956,-0.13745828633857596,-0.1442329345557029,-0.02662732482685344,-0.006911260077078655,0.11493665204484013,0.1786347430404328,0.12094215574652208,0.0712249156138351,0.12364693779709082,0.04899760242156791,-0.050414367757331977,-0.031236842983674615,-0.1331771714568233,-0.25330495225965255,-0.06871507671347869,-0.04931451137763437,-0.09652111478625142,-0.1498535369863706,-0.09442449600645009,-0.07254821164828698,0.006114373950077575,0.05227778372143393,-0.03924594623607572,-0.07540690486819307,0.004539577175849685,0.24802551283463992,-0.037164552609061,0.07561593691868365,-0.08478738671557472,-0.11047573862476426,-0.040374860143143676,-0.01612397382400524,0.019953882502833004,0.05546236549285199,0.028944530804113567,0.08641729250627016,-0.17122111942408832,-0.08357692157328657,0.009312544371822738
0.05466679159577934,0.04555198741270284,0.03193821836897661,0.002476751669673453,0.04371075652096157,0.1302490157510022,0.019646734094086883,-0.06032962767872231,-0.05754014881394779,-0.05572833706694982,-0.15862846103816175,-0.05263060574180754,0.057771261768439726,-0.07389718836404838,-0.16931303510859474,-0.04391600471304005,-0.04799138963517424,-0.112242419099987,-0.12425080913684461,-0.02255325245519379,-0.07158575595780384,-0.11175094791307012,-0.05889987666592712,0.07917612458271617,-0.05163154270235513,-0.1543106571575994,0.11475586154985351,-0.027306892995218934,-0.1529217130678517,-0.015583037729782905,-0.03414236975736379,0.011288549224086264,0.06335538135343972,0.051148123079732,0.13477019927657566,0.09267550913661234,0.08380204612907065,-0.1821937297270273,-0.18789923099481987,0.017606890907392977,0.02422594314407396,0.12275864737040959,0.06402406574666968,0.0025753958881609904,-0.08074636846162803,-0.07910065982535713,0.13922293820491186,0.0006417911929877951,0.010210281576806594,-0.12089423313464365,0.0015364957841484464,-0.048255132667679605,0.17042776957050013,0.03308964269599473,-0.16686211681940855,-0.034903014686136435,0.0549484115351983,-0.046951120785215655,-0.059343262922962464,0.06864911851198455,0.0780761394891211,0.058479902682461546,0.021648012840555144,-0.06547813873443557
-0.08786342320172337,-0.02978135204395167,0.2018997467104439,0.013653924391517365,-0.10137742086697471,0.16712426127720093,0.15709681267616557,0.026587357712802275,0.024867331991357586,-0.07852392285937532,-0.13380404631189935,0.16267286082911198,0.0662876830480921,0.13563640459444026,0.061643610508760535,0.018343445366519773,-0.03982173914084465,-0.025948892165847105,-0.00982010264124802,0.10639696245171165,-0.035296129261334186,-0.13189812416534114,-0.009199059319639706,-0.09050435436222085,-0.0890570449183248,-0.13448121857390458,0.10712877901523717,-0.11236537109983397,-0.07680186599907786,-0.1503677898389589,0.09317499935715452,-0.14137881447629352,-0.013918925614683069,-0.020856843951628682,0.04703828384923976,0.08081182016172588,0.006106777782243299,-0.07645338756042205,0.031820584497689,0.0827644705252194,0.059817817065479645,0.0035072010340008817,0.010571787082265631,0.024681980820219156,-0.10750808792682959,-0.06664227375421437,0.1674347536362145,-0.028561485820799468,-0.052054219927687356,-0.020538021823291286,-0.08417830295933629,0.07450957582602222,0.08946707887903341,-0.051388242711254514,-0.05637361129439205,-0.05683014329236943,0.031167723256959413,-0.01783908308644873,0.03596274631173858,-0.048788507658321156,0.06614155496686805,-0.017702991796282666,-0.03816128989688435,-0.0706665887022882
0.15942130964546872,0.03301628573922744,-0.04298556452971523,0.0858997592659379,-0.002021701911168213,0.0024688332042192614,-0.05109089692212047,0.16218261213357582,0.12270333747474904,-0.08030886722090799,0.09002740065130717,0.05650604703323653,0.0642284198328416,-0.060008664766203965,-0.09962962195562758,0.06971722350945728,0.0908896479764221,-0.13033661733441693,0.06305125765454384,0.003227281378975825,-0.005485945646959638,0.11387642116886575,0.19884799627164146,-0.0858761790651105,-0.023330915679368985,0.056300953200464715,-0.05561525389019391,-0.04136606595169223,0.017959705468450257,-0.2073590438129085,0.009472036892461129,-0.0035433871809876696,-0.05905904928250647,0.00893660156743311,-0.11588967898038768,-0.10121529892115727,0.04767085281095243,-0.015692948863713824,0.030557668921196397,0.10725076388579916,0.13278198346585554,0.07528470842800158,-0.09551219437587592,-0.019353308605012203,0.031095370661443165,0.03137565605539343,-0.006210801403203795,-0.051528156422216864,-0.0003442854248475501,-0.09956936010737565,-0.07830632722443176,0.06606418215150059,-0.11898696395522848,0.044165176477684434,0.09127318528685549,0.08329580662735792,0.04929545382477965,0.19302491339101874,-0.13646540037135796,0.02673344772260556,-0.03274436738636277,0.004637142881907875,0.12708930515004924,-0.06599065647327855
-0.00629465443947094,-0.1298294961992641,-0.0511638863829309,0.06767607003905221,0.25233351394852427,0.1967826260000108,-0.030432910401356143,-0.06850116801841694,0.07398140035044806,-0.09197970198345617,-0.10939386268928068,-0.16970599529338753,-0.09523560730997409,0.0029919973478191968,-0.11091353301016552,-0.12167603049674586,0.054609526947663745,0.02214942443677189,0.07194444733501416,-0.09668346332226346,-0.03286311629207536,0.05508367996114316,0.0046129737997795735,0.11085987381696134,-0.09116388199990497,-0.06198889043706317,-0.07298273548133019,-0.00977407115415042,-0.02192544109394995,-0.12452280857922123,-0.052970062975966146,-0.028400868504157135,-0.1972799429867618,-0.14096609806376367,-0.13696682550254013,-0.013070118921686209,0.030972126292659087,0.03439352240912065,0.07990049038292607,-0.034697750967787294,-0.06414856905160714,-0.050754094136493844,0.010327503425938097,0.046807459648799316,-0.09424863384396981,0.00012982579793307256,0.05742510746248536,-0.05870699930013184,0.11427804769856888,-0.09030625082718564,0.05263476589155529,-0.014525874522678825,-0.040036430506632775,-0.10961818628919395,-0.022629190877679915,0.09555005026063192,-0.09682007913017823,0.11428973449094723,0.037824340039693885,0.1014963667524693,-0.04534011685341369,0.14150775233161877,0.12171805506080775,0.06560472490098256
-0.0376943847727597,0.006041728999261064,-0.06355014458205786,-0.024958289987865236,0.025968116538505392,0.07350721490743913,-0.09148110180783847,-0.1768107356261822,-0.09600589569382857,0.12555051779630794,0.01874184213732351,-0.1641051583389721,-0.149536977408329,-0.11106435828522233,0.07938539080822574,0.0030633505671551764,0.041194634121506535,0.07275530563637472,0.016666836279793755,-0.06209576056832894,-0.10540268403696232,-0.0698390379979549,-0.10145046663342852,0.0034636278067604184,0.14141799034100855,-0.07274307372564828,0.00837353577222141,0.04747307905874201,0.00920546986583086,-0.08309538618211332,0.05464780163674852,-0.025153387850159314,0.0346782458379012,-0.048796732413914086,-0.014134738020402254,0.02778063230649135,0.008624435156295133,0.04284119178178697,0.09298699133000221,0.09989434145063264,-0.14221523636467992,-0.06044695057579803,-0.15125795374762374,-0.20348495410663808,-0.11881465229406273,0.07152372953107816,0.11809322569729809,-0.011862864475414445,-0.07085691553223847,0.031010321596949712,-0.01891325282275429,0.09589678459060508,0.033603917973016345,-0.008863385412443631,-0.11316009227319573,0.054746115065876406,-0.02431497426289379,0.024217142376863246,0.004352597319037468,0.12553864877856125,0.0849104582302119,0.03988878339751089,-0.058133499367614555,0.14191777413567955
-0.017417990457580957,-0.07145321517999674,-0.03934305082151135,0.04833375676307328,0.05154469327338912,-0.1525763229458334,-0.08825519479249476,-0.07269981150806604,0.04971868707854156,0.05092267549337773,-0.039690864224926785,0.04592156627583457,-0.11553348758909851,-0.07153773197376362,-0.052914133137927456,0.007485283775750733,0.045962055400605974,-0.08653733675616584,0.08194951845388031,0.04163550469493507,-0.055983433153689775,0.017714171843884786,-0.0629973838778247,0.13021141442621725,0.07315326104169317,-0.06535700162139137,0.13509004322630833,0.10514342141384175,-0.13063312726383147,-0.15355541260817113,-0.09589546290904369,-0.07473321194442317,0.03152189563920698,0.023164336404285432,-0.041050596379385275,0.06261934731918781,-0.009288267006252446,-0.031570368912069005,0.01938748568052346,0.1093399324798551,-0.1403131500063536,-0.12223533931076576,0.11894400622732615,0.09704928478674141,-0.0842406778315738,-0.11590577577607461,0.006373059025131012,-0.10423802830524606,0.03658331870929635,-0.09874539695396653,-0.010078182052000968,0.057155432608185286,-0.13416957623714337,-0.06385249540121321,0.048989376101433,-0.02507897084388598,-0.008596248160936869,-0.05409366819721302,-0.023694177059515216,0.009297457999664503,0.10959550151231955,0.0051026632744893274,0.002558107465050082,-0.06626857877112921
-0.06247662227758398,-0.1299328213133918,-0.08629563708278186,0.003369025888929504,0.04834168083988723,0.1392100886850852,-0.04934202687428526,-0.03250573981596703,0.10826970281798637,0.11615200797338933,0.06636288259100377,-0.024112233320201824,0.03515647097535557,-0.21453200870463887,-0.11627652477544201,-0.012201082589945702,0.06656608845701681,0.09685299242855573,0.011898366586671271,-0.14143861289635878,-0.10280111810651604,-0.1273770630030168,-0.02974332202930973,0.08258630557438228,-0.04460423990456243,0.09639215506923238,0.13159061353510254,0.015141437345614114,0.05237731301006,-0.05931128390796829,-0.0686233918381583,-0.14344484878943609,0.017619808866869733,-0.0338539969627048,-0.0568858834599586,-0.08735225305470773,-0.03760527274816771,0.08739838059443272,-0.045619155404972064,-0.15903833703292683,-0.026367100635962593,0.032809715828853614,-0.16502874828581732,-0.02648680087733856,-0.05132922822138559,-0.16865407542368582,-0.13596232652583173,-0.07080360753194874,0.035773407575950336,-0.09623714255561103,-0.05591216136970413,0.033674691660899835,0.0597243637462554,0.0004624606272326387,-0.023917246316337373,0.06935727064471413,0.006887610697263694,-0.012941196750101839,0.024935776079983197,-0.06250875210439491,0.0918145949937317,-0.05182041284334722,-0.0006791873706313142,-0.1086207240730682
0.03047287272654501,0.035260384611722415,0.10865527340143959,0.06587958009675007,-0.03211784253719169,0.10828592979055247,0.1187651537271274,-0.13228246931602433,-0.11321333257404097,-0.07548518719854866,-0.02347396229488891,-0.1379358669783063,-0.06304377271870898,-0.17909090543564735,-0.08362096645874555,-0.13792575652337868,-0.04917759587710918,-0.04684385880346004,-0.11922550361323088,-0.06258930232328422,0.0674125063522936,0.0014554231585510238,0.02644684068996841,-0.17487041614116877,-0.027709353006261275,0.14407963527440526,0.06920565326861801,-0.032921254716518106,0.14368537323371158,-0.050701007047059786,0.02383941052712749,-0.07834183554964129,0.053544437971797004,0.04176499067736733,-0.09918828459455968,-0.1015295624429924,0.058851215982231794,0.018801703682794577,0.011518865952071702,0.05774752604722455,0.12448060250152829,0.1680860803093342,-0.14845050568644239,-0.13195473891651896,0.02626030469720827,-0.060297528861151736,0.16950743146633873,-0.018316265630010316,-0.07267720289898406,-0.00621730005931573,0.15859293341706235,-0.03667681288235335,0.12807098338431555,0.008283190496646437,-0.1627639844337302,-0.26047249582427645,-0.09359718534618103,0.11476415235081862,0.07825448573717783,-0.13180063644787932,0.0763816275078604,9.498051154394234e-5,-0.0853700051424338,9.189526083427935e-5
-0.1299160602279411,-0.0956100421823257,0.14428683497218103,0.09338426947289369,0.13010598633697812,0.2356333868872458,-0.05374792348878611,-0.13164190220712219,-0.1290386922938052,0.03973375630682693,0.0479642302851956,-0.03284323842259361,0.056876095818909636,0.17732506186911046,-0.018341558494989578,-0.13292886347365415,-0.04704641234738298,-0.035480697961658855,0.014178150988093052,0.11640097310415258,-0.16077616960647081,-0.12336604431878827,-0.13450155290488042,-0.2016352378779829,0.02067196541572246,0.13791711954672387,0.11832592950873187,0.11997978286368527,-0.008613097218428734,0.07265623554848634,-0.014471093598797516,0.029522567268546455,0.00024372281777523125,0.13189124783366762,-0.08976124241163756,0.010630372131106876,0.11839979651312287,0.00901280737047224,-0.14636322845421063,-0.14042002314086857,0.05688041050652405,0.11680044445777735,0.13965817741472822,0.06639854155440186,-0.01666194829528138,0.06906127099621748,0.06901676878452595,-0.08347329939357899,-0.006256245042163244,0.04692464434154775,0.1622580419084395,-0.05117600058836324,0.07917620145535317,0.15029309503856292,-0.06525306269475205,0.10791695058841888,0.017203539425916646,-0.061703412370693926,0.048715799242935634,-0.19150664510260423,0.058456205080100895,-0.06827025805798331,-0.15925087938800095,0.011687159899219297
0.03868382483604705,-0.08614863490043027,-0.014979196739662637,0.023672569059494157,-0.14864336712648812,0.16458202205636346,-0.101040872493534,-0.05883059809772597,-0.12615463815915523,0.01721936909306685,0.011531495100646615,-0.04241195223821492,-0.16907391753610024,-0.03901070007226827,-0.15362051424394862,-0.07288908067869751,-0.14835690764097836,0.08803887087385694,0.011441445001723232,0.020365821013034247,-0.03164009576017961,0.11272392853226917,-0.08779398665246135,-0.0049447458047420165,-0.039406247026272684,0.09075233319605784,0.10661874536497905,-0.026372886916810234,-0.00213985115306127,0.055515810198545956,-0.1419472602132207,-0.025391209116714296,-0.08586015881416272,-0.13535227529767174,-0.016863219723495255,0.11294227536124984,0.06225462017070868,-0.029618329611982522,-0.08054432947426668,-0.10441506434058703,-0.03840414119162004,-0.12775320782397545,-0.08572452767422463,-0.0808015241620708,-0.03603982554617468,-0.03307616220248235,0.0859950940332869,0.10508155587716582,0.13846768302211532,0.07234534255121869,0.12540669482047495,0.13141961191238632,0.1453471784708875,-0.008917756814318382,0.050010894833385375,0.15279413127437347,0.07547258427542965,-0.061384326304509115,0.020040808098380433,-0.041809542099389,0.06162087020459176,0.010766528477236767,-0.21036075483158675,0.12346389443864964
0.09856190118916543,-0.2037063333326732,-0.003219623448355172,-0.02314263340711399,-0.08152358387754069,-0.047517408827435215,0.0867536223325855,0.01990189493838075,-0.10483067134704352,-0.02504358429811323,0.17197668650218512,0.023563270747570343,0.03617819466062709,-0.07161342755163086,0.004127468781946482,0.05092623781739067,-0.04975017609863718,-0.025534266243760713,-0.15505668166593703,-0.011136832006407978,0.17318894351493394,0.07933424097082646,-0.2030760386916371,-0.11026635878834512,0.03591566226863224,0.15668845134345438,0.026031659051483063,-0.13137124751572876,0.015444930694416478,-0.006067604221674185,-0.13222350960301898,-0.0729641217375055,-0.12377551390015687,-0.021171481983743617,-0.11056378593243327,0.0019662311199963346,-0.08163768727882667,-0.05998122371450404,0.10118641785960378,0.047215326488531384,0.0687938837557326,-0.09110978804368683,-0.16735450792905276,-0.11062490717720895,-0.042550350955029875,0.07852699499388689,0.04655519824078781,-0.07017671589316232,-0.0829367362545951,0.23277646942322533,0.08659761981559919,0.027797938237167842,0.1106467440829687,-0.12046146069592598,-0.06039075284986871,0.03967201713118432,0.003983347456830733,0.020550689703816547,0.13084801382742733,-0.044088884796568736,-0.0896635487690344,-0.004372677506028405,-0.14166719826948693,0.09410306836618079
0.028496988166713727,-0.21826736923409135,0.07779590314896814,0.07285621058443859,-0.016956825626170804,-0.0823870270074158,-0.060908149605697036,0.13049934230121502,-0.017543090550768796,-0.08061863845930586,0.011073499211067178,-0.0025637755478046427,-0.005569531908129954,0.2127086033871281,0.18458057686179077,0.016869814860452498,0.14396545322350615,0.0938021521059168,0.058046220720452034,0.08715573667215364,0.09956149432753336,-0.07484840994631982,-0.1716694704106909,-0.0087217671770571,0.07065798575937851,-0.00919992174559437,-0.019803093621898547,-0.0554460740988757,-0.09478593624535286,0.05699752840400129,-0.03589528421531554,-0.1370814614785982,0.029265358907297347,0.13026390070558905,-0.12506603391251886,-0.1570300433025632,0.011851971784561745,0.030878137228459862,0.20430948209954095,0.06000134248396151,0.007293012492873533,-0.03973382218711155,-0.1823085370577047,0.0023229761220733437,0.0017414253660214072,-0.025385518275412765,0.10344964392499593,-0.0657160048210304,0.020767214325480603,0.14077570056810534,0.06253500117943409,-0.11145304136161971,-0.0053098919407943215,0.10336876637190824,0.08366954838126037,-0.09249201195110458,0.06667390562967457,0.02299860334102372,0.20593515296419038,-0.01502965946357878,-0.17083413330671446,-0.11763811250946832,-0.13017319640605668,0.14776025307982033
0.04486609203673223,-0.03862720514998198,0.12259415915559185,0.08314086686499991,-0.008829952789108989,0.06922354182863404,-0.05717957073755685,-0.18220984173178012,-0.029684843042583467,-0.1419327774033511,-0.13771750234015562,0.07762628428074769,0.007097121169736945,0.12307896300831153,-0.00014833739912922111,-0.02665100279993663,-0.20656023942013452,-0.033302882554552396,0.02920119809237853,0.05857401912877,0.02314041775774241,-0.06601027655172192,-0.22781986379781974,-0.048515624277769565,0.006628901196909077,0.021674337562378472,-0.03258442340222473,-0.0032382937953943786,-0.10927692384453327,-0.06831700476039913,0.08929145736815969,-0.01368803581047233,-0.04155659711109763,-0.11394592187483782,-0.09082458693736908,-0.17074073037860477,0.035003335582088506,0.03495876750617982,0.04598979465785877,0.0017706265628442217,0.0049798063456072215,-0.06999545544323,-0.0458652274213582,0.194221880921187,0.055039914593117634,-0.059694924042166024,0.007410988497663715,0.042874297331006395,-0.05028584540227682,0.07489065670530404,0.05586413410740736,-0.11716832309509505,-0.09105777990512087,0.055504285314880185,-0.02007044549480079,-0.07574369675184756,0.06276480922852684,0.0872701091114922,0.018598231156399067,-0.03496970432215495,-0.1461548334777043,-0.06600639388710407,-0.010582180022743179,0.1928763272615031
-0.056910377832854304,0.08480539391249278,0.03741347213652907,-0.011020905782846674,-0.1293994681859589,-0.118769424572516,-0.08619480897460643,-0.033653914061094525,0.08280330996839749,0.0015331134635253596,-0.056305787817179806,-0.008979886611079834,-0.08852873244334135,-0.018699440503530642,0.06204009984185557,0.04859662261144241,-0.03531323664211937,-0.15050884666521475,-0.17115810181694135,-0.06416627983463724,-0.027312464993556378,-0.09220968377118745,-0.10196099943302613,0.0014309271904651248,-0.07904280099607013,0.07297797020250431,-0.09817784391997753,-0.0829231338233163,0.05678010757277014,0.12537957227285185,0.1277644506535212,0.04121849975397504,-0.017630204134544407,-0.07794686769256688,0.01767845807593221,-0.09424565791668507,0.11348922553285043,0.10387430510504587,-0.06092056014291663,0.09704471669067877,-0.028167850130579514,-0.1535591941247427,0.062237553948117565,-0.02119788607230942,0.05644586047992044,-0.09602634148500938,-0.11669307605383655,-0.030991117955241666,-0.2384226911371041,0.12418308129284476,-0.07552140278771181,0.0340092605406934,-0.028032920920736996,-0.052369195688878094,0.13081256828786347,0.09361612277446507,0.090397221535265,0.11320308085098588,0.004184465241277425,-0.03345465298220604,0.04215987754759033,0.03254602801548294,0.03422280331726744,0.10358983287597957
0.1273436305146906,-0.05603335190700584,-0.0329730211701348,0.08913501780763344,-0.0322583492545455,-0.011873658620504724,0.04229941208098757,-0.01187243055489007,-0.0820789225743791,0.1780633213888732,0.040712570033925755,-0.05092588516818816,0.06927572148119213,0.20710387452139117,0.06280509778202922,0.1694601650071186,-0.0004379138659085305,-0.04909467490545624,-0.1550399986338677,-0.08585222662012228,0.06204151183449347,-0.07680646517825057,-0.06254048766508155,-0.10573649881146377,0.07137911485765785,0.11202485497615569,0.06819792860398144,0.15031979524366273,-0.01954812387555104,-0.08845980222839178,-0.20846569482903782,-0.09434073448330813,0.0177255921400898,-0.06487089546511283,0.024378767003000186,-0.01049975310983245,-0.05276095781940245,-0.09310008677199783,-0.1017999131166152,0.012113349299421521,-0.12557307740805296,-0.08106193994318961,-0.02745997761927007,-0.041851749183276006,0.050428970788089236,-0.07037965978197223,-0.08977418945772384,0.003072358041505789,-0.03641510452588126,0.028753249391824363,-0.1298344658113452,-0.06443354753229423,-0.0825254063287142,0.0866475030374515,0.07107244217416744,0.07446413998128154,-0.005002096528549403,-0.003226486145406231,-0.0429597573149248,0.16694981016474644,-0.042447347091508617,-0.15546000257719964,0.001539995808239561,-0.1246115315122387
-0.0037942388217082623,0.09344036839316971,0.03641355994624784,0.016852629671468076,-0.20222750311317653,0.15354542528999324,-0.0014722189338552023,-0.05605662445503572,-0.02618731984730754,0.021896812037281846,-0.09125819160004241,-0.07911665477015095,0.11558879170174143,0.07516496432210076,0.030138420976190194,0.1144129637558996,0.09489565587886911,0.039691579273010716,-0.17277588167384747,0.024733187149002696,0.12141814932639945,0.12433182330269647,-0.04590501337356154,-0.035801713814322476,0.054307812098641495,-0.008884470251332818,0.11738538031072936,0.22753300049538178,-0.08565836401968199,-0.001888943308825962,0.10065733211401107,0.0026071376081244976,-0.0010710168855889417,-0.18157800346744804,0.0720872322462408,-0.18961385689346438,0.08845107781833626,0.012410625831348065,-0.01944388510743001,-0.04504485955577012,-0.04317244659045595,-0.2389245400657133,-0.10810618475718567,-0.04020939717156976,0.0723244688527441,0.06414394099433503,-0.05631909933468232,-0.11665921495637624,-0.06923547657592974,-0.13720675151272735,-0.04153310369534843,0.08513866300737159,-0.11738168747443783,0.059904205880061526,0.0024510019471125546,0.011821024371613049,-0.0770568368009018,-0.027606608244155333,-0.03351032029659165,0.0442991467671662,0.07580554745125653,0.01043962439376136,0.0008303428214146528,-0.07115951302678472
0.07901335123290708,0.14197405507769012,0.2004368337270323,0.1165563120847126,0.05833914688998221,0.049708600625016974,0.0762566611175605,-0.05333945922838509,-0.045846617465262154,-0.08968907168334297,-0.09057059977978306,-0.06103260914381113,0.1326744021062861,-0.039098239253556946,0.021211642246936432,-0.19091101990294207,-0.021531308810575335,0.10181781058132183,-0.11926197405829228,0.005691962053851515,0.1787521690137674,0.15346438913690613,-0.1651723093804151,-0.16281207021693347,-0.01078669352151184,-0.1010923906616029,0.030463975152883665,0.05631825172306221,0.0017477495094690033,0.0887118480400472,0.1542947174370406,0.101841532538744,-0.06248154683141522,-0.054212441361101774,-0.08232961967179174,-0.09150811023051791,0.04525792834976401,0.13192955144666071,0.07454048036486946,-0.041041102361873846,0.039908801594914264,-0.07063756726939234,0.08356008104592738,0.10125597312530449,-0.0030685666534912073,0.07256408581076688,0.007709470431283984,-0.11163616364796947,0.03358322599950201,-0.00032939419627835316,0.09105985035089793,-0.07028971145041409,-0.16812823186634504,0.12379829819501781,-0.019327813091528197,0.0964150431002851,-0.11683388226186048,-0.05830145339266965,-0.0392594831178261,0.04052415832866019,-0.04762030218519605,0.05028730858855963,0.027339338888451695,-0.03964817271291087
-0.027014801128880755,0.11199396103050668,-0.003195947613113554,0.1379878252695579,0.06764477450290976,-0.05132433370444963,0.051097458731062764,0.07588750495002745,0.06258472047657182,0.0015854871718195898,-0.11104176855026207,-0.05088400081279008,0.13764784421524065,0.05266334454189356,-0.061837475599186134,-0.07487891961336532,-0.05351175681060101,-0.045359877416259554,-0.024949203591710694,-0.055363951877340375,0.028334861932029314,-0.0027954484878141145,-0.05829640405535397,-0.05558500642396054,0.022285694083548226,-0.0750868722828834,-0.01669091038615314,0.055875631376004084,0.13542623845592708,0.002002643877248911,-0.054655289362346274,0.09276020716674968,-0.08130244403779421,-0.04137501460607559,-0.2676448279365573,-0.06064533152299134,-0.007938270067909554,0.00034879324790928687,-0.08658559675928887,-0.04178309939679265,0.03427986101259202,0.01844718789661284,0.1311433552683403,-0.04658686514450448,-0.05491642642149168,0.012012012035256966,-0.032565434648567454,-0.124803872621526,-0.0003596261070870684,-0.06149510277576567,-0.018918910727910875,0.048025957969587835,-0.014509059965439159,-0.007259106082248928,0.05074021742913168,0.13531883608250425,-0.18905329314317526,-0.018969102973775173,0.035608718544032726,0.08484446020751021,-0.12805211949320158,0.08537253655450222,0.0416274541568042,-0.0899692626650469
-0.057348853304171346,0.0006255134385931109,-0.14024433889316373,0.09388590153144381,-0.026378026880513238,-0.011459451097046902,0.0979936425776054,0.1387428299410066,0.08168543116563479,0.028878267185613912,0.0027703872349774078,0.006810456844706558,0.02746955307213833,0.0448381794061676,-0.1121375880724165,-0.0072526157427633305,-0.14375915317991744,-0.14483427429779067,0.13035487564807305,-0.061149657219470466,-0.16726888332978582,0.04987086787687422,0.0458290151786304,-0.04995255850147823,0.18032653112419128,0.0709541692074886,-0.010790319176245518,-0.027662749787107463,0.023294782578423146,0.15720585326777708,0.039031060410121665,0.15273506052219313,0.004969819015600389,0.1435362284772944,-0.05207549165102687,0.010107377722367226,0.028072482475238775,-0.03669942825868441,-0.12663228491746328,0.03819423821053389,0.03962664983909653,0.08505390989090152,-0.0584373914266214,-0.01668475589868558,0.018863815653816708,-0.07775621485994592,-0.029645690878408557,-0.11091495686917473,0.09155487906822798,0.03287340031357732,-0.009960408725998765,0.09665518051606485,-0.009861004400083258,-0.05739549821375799,0.19122170037594652,0.09390000147490934,-0.004667917204526233,0.02602304276191054,0.11421689628188947,0.06602220088270827,-0.07826887637439511,0.04128120173769165,-0.006435065485956185,0.026125938185424837
0.06330248091690095,0.08531962271126381,-0.02556248902842626,0.007286943107133374,-0.05506772158068291,0.0028489833323695826,0.08951830005419356,-0.10770324354596754,-0.22581592292461738,0.01200297321817305,-0.08166547948558008,-0.09363782076845989,0.1486142921665282,-0.00035137826162624265,0.017557742138944336,-0.027369401716193172,-0.05590952185624082,-0.050722488281132544,-0.07609931814522106,-0.2002973896759978,-0.23018677458519057,0.21801035384601997,0.11299890473387736,-0.05068298319513118,0.11223454413044913,0.1193132584288452,-0.03124587989085118,-0.07596911461496908,-0.08773844207126322,0.00547473160560911,0.00653365033498024,0.0033924394624353406,-0.19453800209327726,-0.025178974172385724,0.053604898135721724,0.03670037247250431,0.10226314941744674,-0.08307187108627131,-0.11165408607763641,0.08882797129753939,-0.02696652199515641,0.22494277310159866,-0.028420632901378078,-0.06063788747884596,-0.013016590676198465,0.05527335871563169,0.0841814533403194,0.06914878867818294,-0.004313160579915008,-0.028542850189838313,0.08697584019049001,0.10268674561821893,-0.08805307226514525,-0.09855344599345243,0.07766840473683764,0.10625589918681112,-0.17049319396085674,-0.029858032464682636,-0.044470149424202084,-0.04258283234971001,-0.03406262562282702,-0.12290325173567059,-0.09723702010981654,-0.10606093629492369
-0.09636032606000772,-0.09596764519866344,-0.03538396229055583,-0.150789501435929,0.005725648757472748,0.003430088277246026,-0.01103812973174065,0.14400042223835302,0.07896159315507549,-0.0244077758681363,-0.0810986188051057,-0.09375732425508448,0.11545651838054521,0.0006054924807479822,-0.13813558966697997,-0.1299696737254492,-0.04170966193026035,-0.04961117646671731,-0.07729559801320522,-0.11581912892544928,-0.011716784301863091,-0.008422328655482463,0.07974700511795826,-0.07794145587113815,-0.0615246112811397,-0.1804773530735895,-0.05427868967841346,0.09545907313034988,-0.17446225444251734,0.027582694441082037,0.050880140298187534,-0.10984750199098078,-0.020305452349066982,-0.12026531869752626,-0.08102701926398817,0.1482171619119285,0.04387141438552297,0.031662429110691094,0.014070457792795532,0.04332240795068079,-0.02677063754061834,0.033630765461392195,0.10019539978456127,-0.03732644617810004,-0.15906992093699507,0.06733136027253925,-0.06171018918375715,-0.0018692519808597118,-0.03390361500183691,-0.0790633332645774,0.046801317435262786,-0.06682461908156848,-0.08870762024488286,-0.04162360915851268,0.01101669489000763,-0.05546743970063107,-0.08891995060354752,-0.014035060836128174,0.04026952044026724,0.055353944948780286,-0.012471462770955507,0.09142959603754663,-0.08029639269473751,0.1445759119063794
-0.005963935466780534,-0.048019151526035066,0.11723960447481016,-0.03320550307687397,0.024849990862514423,0.09878515910217024,0.012856603335011976,-0.05031943544878265,0.061677323914938936,0.2389894186152727,-0.140168334914635,-0.2078437373336759,0.06295289151264707,0.04615555800147195,0.1465328729859987,0.13691226675252358,0.05607066370784844,0.0028899095669019763,0.02519465942198123,0.11606886559723117,0.02811980788868061,-0.08896759471760327,0.08883107124035353,0.0024802388550076854,-0.0856131823099116,-0.17021622885899143,-0.08025156004473004,-0.032462170720805275,-0.09012085384772353,0.06559516710574846,-0.03188572811735859,-0.15059789645603236,-0.02656875626612756,-0.09101187884469719,0.10107965764021168,0.14132633208509843,-0.0443535764241723,-0.04063775746088604,-0.02322232414001907,0.12021475892761342,0.06115712411543183,-0.0315662767829864,-0.05194900809905189,0.08993539869402022,0.03504391136721858,0.10451032447010793,-0.0848041231101003,0.18351707047005933,-0.17732759628321138,-0.037281872767240334,0.08412528856295286,-0.021057586275570837,0.05757386862208435,0.0367598993116095,-0.10060781513377337,0.027767933982166426,0.0626356266531535,-0.06395092788358671,-0.02156553289068257,-0.14021050179135883,-0.05468889756827746,0.05939606532697155,0.0027158295311732264,0.26267202220398517
0.09228877660928177,0.06259144750008007,-0.11928625903674009,-0.2156837020419426,-0.13900469597654708,-0.03456789673354636,0.019444067734205588,-0.0942108562127499,0.027506616486269054,0.0005949681665995722,0.005876039034118185,-0.04332008901581777,0.04174017763571082,0.14799689920523665,-0.030815099429663977,-0.023679433551611034,-0.0012235663521822406,-0.03416867844104693,0.025682268320802035,0.028922067700324454,0.013437890259581822,0.022862052448681593,0.11214672685595042,-0.005455301380021982,0.015466617515803614,0.12320381883079333,0.0051793104412212725,-0.009031373037918802,-0.10434026262401426,0.11170743292084014,-0.08230472774778326,-0.044290421996500066,-0.035417526168868854,0.04945429846919695,-0.07834780373870426,0.12448603348208272,-0.07267310306249472,-0.03207615723867871,0.042671018564290564,-0.07025680949585358,0.2224397257867874,-0.005650525253944352,-0.25530808937104443,-0.06980570290768918,0.02659906788255291,-0.011915762455821655,0.06558214572752341,0.1346484272749146,0.04208941666295418,0.16958424072141398,0.10986898813226648,0.04905354873882306,0.10713876949803373,0.14888541061395966,-0.03607570485468786,-0.17642276937980808,-0.09045658677048174,-0.07101442584038466,0.03810306728619719,-0.09223165150404694,-0.1574160445911457,-0.018034441861771132,0.04749219525760159,0.14206491233045657
